ADANIENT.NS,ADANIPORTS.NS,APOLLOHOSP.NS,ASIANPAINT.NS,AXISBANK.NS,BAJAJ-AUTO.NS,BAJAJFINSV.NS,BAJFINANCE.NS,BHARTIARTL.NS,BPCL.NS,BRITANNIA.NS,CIPLA.NS,COALINDIA.NS,DIVISLAB.NS,DRREDDY.NS,EICHERMOT.NS,GRASIM.NS,HCLTECH.NS,HDFCBANK.NS,HDFCLIFE.NS,HEROMOTOCO.NS,HINDALCO.NS,HINDUNILVR.NS,ICICIBANK.NS,INDUSINDBK.NS,INFY.NS,ITC.NS,JSWSTEEL.NS,KOTAKBANK.NS,LT.NS,M&M.NS,MARUTI.NS,NESTLEIND.NS,NTPC.NS,ONGC.NS,POWERGRID.NS,RELIANCE.NS,SBILIFE.NS,SBIN.NS,SHRIRAMFIN.NS,SUNPHARMA.NS,TATACONSUM.NS,TATASTEEL.NS,TCS.NS,TECHM.NS,TITAN.NS,ULTRACEMCO.NS,WIPRO.NS
0.0002321940341057323,0.03443319914354365,0.0018158112020446246,0.01888908999441985,0.0012279914931313067,0.15805482937328508,0.003275067054844997,0.00847750475866404,0.005148481905105058,0.004306235292585181,0.00761137952813553,0.0017540028837540692,0.0012585763899579448,0.15979293282482845,0.019082780713636997,0.06371412518664712,0.015549295645791755,0.03325083259993504,0.005664317760061308,0.0025474622053535713,0.01512712189520346,0.001517446423747293,0.05055836976917817,0.005206474962973546,0.008365811708679848,0.000413045230665094,0.005400059543321662,0.01323123946932563,0.0374505781926328,0.004771664380679068,0.007087141401463781,0.025014389747849305,0.008054674043878832,0.0036356611780022806,0.004311690115623004,0.032106339495060185,0.019136179113005504,0.005739640627765095,0.00032358501404920254,0.11895843343043466,0.006111746920908568,0.00018744763315849618,0.004571346914502349,0.0006730826562659845,0.0012431580616033117,0.00038649613055588615,0.02658032592416884,0.010311620544616658
0.0002131966067259167,0.01717778852012805,0.0020735309299165774,0.015830904884064117,0.004704833743660536,0.02285032780270555,0.0015602736308998031,0.001136486376398456,0.004936152408841562,0.001156027865744792,0.0016134596780160225,0.0057349713348847165,0.0002542261071298047,0.006724996391398813,0.01547460009396081,0.012816334995093315,0.0036636950340172623,0.007473587744764844,0.005729026719288511,0.0578297900671025,0.008897943791708423,0.0034772117302137974,0.35385237549728255,0.005129470734534784,0.008023359796924107,4.7943755336747954e-05,0.028159306908564937,0.010588460383411052,0.019016936931497235,0.002941442368914926,0.004384748645483619,0.02576011225132616,0.0002278802601792208,0.014829327342489826,0.002489015570055208,0.04772244381823604,0.019107183151933736,0.005346223545481888,0.0006875145526451445,0.006034251338174611,0.0006391207048823651,0.0010798124158529466,0.00036458648657424945,0.021473430599185866,0.001525862867847648,0.0002009593276568602,0.005631965826147255,0.011451376025416746
0.001537605986010596,0.016857733446759265,0.0019022665433797356,0.007886648887111384,0.0007327390693203216,0.07634647871387763,0.0026552950400169683,0.008444973595117311,0.010258907567606702,0.0021751421061737782,0.007362141235471777,0.005303682324792031,0.01227281860982537,0.1579633954958184,0.016627702641097617,0.05321488742188937,0.0029852914987587775,0.0333067544705928,0.006250797702138024,0.06669722206010356,0.023443033436401552,0.0017171474693401596,0.05099844984145015,0.005168238566010627,0.008180919392773127,0.0030971688415042282,0.0014843690185464935,0.004570558971688961,0.019729376247568573,0.014074945021510969,0.1171144432471682,0.01337049966431419,0.007095267740522684,0.014897024564979846,5.6958594423547676e-05,0.03858723264631887,0.018705477049360392,0.00241618766519949,0.00033960029874122345,0.12534718378930454,0.005991221405627696,0.00041189523464530396,0.004547782951547646,0.00016719293280332095,0.0012318961447235618,0.0002711714485118169,0.0049630115766286596,0.011210558108644053
6.450206764081407e-05,0.017162290621744833,0.0015770446086887863,0.04354553053519968,0.0007500239714128415,0.16236656892237059,0.0033596683854267596,0.008248777056597075,0.009759033733326157,0.0011609057883955824,0.0026248937621318265,0.015245886374731786,0.00028494667924728614,0.05392191850350149,0.02306474016629072,0.013007386642749625,0.004132427576741512,0.03355156916907581,0.0019427791999342848,0.043359019869095766,0.2239552022332582,0.001968029198649067,0.041659778397036974,0.005143877704118102,0.008318462813052771,0.0002494319118754372,0.0005777483581570018,0.013134293029670296,0.02904950907956556,0.018107675358649874,0.0004985621473755985,0.04768252179325456,0.004467875733267595,0.0101783063557112,0.002705308602354803,0.04532556773473647,0.017566128318301552,0.005963381094270135,0.0012127275627271691,0.005301615000984991,6.41493780063943e-05,0.001271456578039618,0.0004991992392563447,0.03732544470791179,0.0015057459234625477,0.008847091324933038,0.006139229319926999,0.012856385751084045
0.0001442359741115483,0.018729862550946483,0.001286879192988092,0.014773395541740687,0.0011048332971229065,0.018517516867791618,0.001600325125328589,0.0010359434287697466,0.0018768663913512795,0.004282146360451026,0.0021486195547027625,0.005671720715143382,0.00028969746008247933,0.005259793417322661,0.017378153175130525,0.0005239806589111969,0.003902265478837878,0.001209906834399966,0.0059480716861680105,0.02499822541758283,0.016220045745398776,0.010347409527402828,0.00889361665859141,0.005209579586040063,0.007730788689835058,0.00041489510025623135,0.0004106339205473816,0.009094027192677904,0.017011353444271276,0.018501041161788693,0.001025323475348068,0.009956871355241025,0.003984350809056767,0.016540090288352696,0.0025388683479239085,0.031103854333846614,0.004104511309385148,0.0005538479372467502,0.0012649109819900355,0.0038133317154691706,0.000664372386569175,0.0012354550255470676,0.000873610355092396,0.02332153844198509,0.001922098787780217,0.0005902746572961897,0.0032080193001168627,0.009076510277331444
0.001496053986295424,0.01867502356369543,0.0026358152518589956,0.001742225325576637,0.000621858237733769,0.017559556713287537,0.0025412257602946842,0.0005702197013933751,0.004641307060505393,0.004484622911947863,0.0034429327829903667,0.015721821390781595,0.0003056861824148259,0.005041248135562448,0.014195579149386534,0.0005313456335396201,0.004112451909695366,0.00025491533801553015,0.00601841471987596,0.03442917612362335,0.014729329128447339,0.0020777379945504317,0.041528055763311325,0.016087159582645786,0.007707819732844263,0.0004019349384389739,0.0012207872009376089,0.013162241051271967,0.02641040574175557,0.004795378773400443,0.0017590038971793344,0.006140008506504358,0.006790564510183038,0.014949986438859806,0.0024916717294875125,0.047540933282270034,0.018581231124969188,0.002419655764727812,0.0005379935097863931,0.006116562752793842,0.005942654871720288,0.0012453941477013019,0.0004203195190803337,0.001941758986171653,0.0017010968590309577,0.0004132006491080943,0.004938936815013963,0.009088804198826034
0.0005053969419669126,0.008423369511875865,0.0019263187094282813,0.043504051094033824,0.0011111849418261278,0.026434017170257167,0.003401822103724501,0.0008828830810868611,0.004841669711373452,0.0011964849486462141,0.002577949176368467,0.00558391794057113,0.0003049490650160549,0.04342074463481203,0.01542018342815377,0.018227697846993202,0.004517335846105672,0.0029294924580978137,0.001881875410140859,0.0447182085780119,0.00970127061477409,0.005227566122335292,0.007514924968606795,0.00457232531649181,0.0083466825756589,0.001933856155360225,0.005436603178777179,0.009471871153206654,0.018903744421142676,0.0031427764602630923,0.0005478731398296257,0.014263114025815225,0.003293919497694449,0.014220888368324925,0.0024321233134524402,0.03474129578643648,0.017237969456630114,0.0003666468442773984,0.00021552277438948927,0.0024132867671025193,0.005480641243504998,0.0011487179121860895,0.0003564526661573673,0.0028706821237058436,0.0015022725336787356,4.244115434516235e-05,0.0032238710560317987,0.008907122416512588
0.00035550152929127166,0.03443319914354365,0.0018158112020446246,0.01888908999441985,0.0012279914931313067,0.15779633145333227,0.0033146758582326638,0.00847750475866404,0.005148481905105058,0.004306235292585181,0.007537127590323335,0.0017540028837540692,0.0012497442570522767,0.1644600440263171,0.019255636243451953,0.019764313171942858,0.015480666721527196,0.03325083259993504,0.006248858193798225,0.06572400651284888,0.01512712189520346,0.001517446423747293,0.05058793042263064,0.005206640940332349,0.008365811708679848,0.00033812176935289664,0.0022718028467331283,0.01323123946932563,0.044630399171288374,0.004771664380679068,0.007100701408922543,0.025014389747849305,0.008054674043878832,0.014847896587125457,0.0035497495363157635,0.032106339495060185,0.017562122450209033,0.005739992832909463,0.00032358501404920254,0.12069640974646523,0.006111746920908568,0.00018744763315849618,0.004571346914502349,0.0006730826562659845,0.0012431580616033117,0.00038649613055588615,0.003254555938897242,0.010311620544616658
0.0004801973424149918,0.017190049058328785,0.0027067187918284417,0.01944230604190337,0.0011054035421182882,0.14467132135746844,0.003359059608845472,0.0008750756518725305,0.0049041729158209885,0.0007638566031123195,0.0020269380719243244,0.0011100977359301033,0.001177663029911178,0.043347593456985495,0.016745863084505788,0.001622258440182234,0.003902951004858367,1.1316565823983084e-05,0.0020129265787768155,0.03472645141572333,0.0835752284701977,0.0016141990128804786,0.04286120728757263,0.004579052143362297,0.00776864351586825,0.03782063233030465,0.005620478297518587,0.009765853228778272,0.1603842835178824,0.01868076223966176,0.00033115126457107904,0.003127264341476881,0.007739883431913187,0.014287267994149398,0.002298370979954197,0.09290127223993991,0.018186266673424933,0.0006257287391928917,0.0002923661323107441,0.0033673641448352548,0.0008722837243376217,0.0012219680293764513,0.00042010384977390615,0.0017142303827580622,0.0012054698008980972,2.378348982009891e-05,0.004990512814047788,0.009043608020208527
0.00026082693528251097,0.017545162071296427,0.01248649162056199,0.001497018088866915,0.0011668013489330928,0.16422756943863984,0.0025596641983558345,0.00113339870964247,0.004345866231701562,0.0023797138214947146,0.0031706711706807607,0.005608936336523512,0.00028718660842012503,0.1607628518826331,0.015448465504964155,0.0007555905543884193,0.0001526602653636423,0.00010620000579722802,0.005820761716251403,0.04507085385183359,0.12540139260592176,0.010300417357084224,0.03800149509551298,0.005210732215583215,0.008353775678153463,0.00044793626218372006,0.0043830053304106074,0.004234065153057423,0.02130260167851832,0.00491042225300924,0.0015107606147329903,0.04599166319552094,0.0028534479461897583,0.014832995415207672,0.004464206942803017,0.0879209363635298,0.016253548161623648,0.0011547107772174503,0.0007158142414735001,0.00760111768284026,0.005021541026156368,0.0008483431748165823,0.0002559066210327458,0.001188919875535939,0.0015149097405946145,0.00146652964279407,0.028741001041712573,0.011220601331616753
0.0014730495026379017,0.018017026082214446,0.0027067187918284417,0.019207155714174137,0.0012227951963663215,0.1691963382698897,0.0016837957909226556,0.008364518034899937,0.0048803906207422615,0.0007638566031123195,0.0003697610590408483,0.014854703287062697,0.00013234465480853704,0.043347593456985495,0.016745863084505788,0.06406358914140703,0.003656904484836472,1.1316565823983084e-05,0.0056510545356746305,0.002057766650393745,0.22331152119877484,0.0016141990128804786,0.04286120728757263,0.005209954782321586,0.008368811684093935,0.00023941192338029077,0.005683266118135051,0.009982940273152333,0.033511867503245356,0.019481184408714988,0.00033115126457107904,0.04579730347848053,0.0047020730139172556,0.010295226994615762,0.002286351409823655,0.09279600429224698,0.018186266673424933,5.080935177538548e-05,0.0002920934152757873,0.0010964861433930273,0.0008722837243376217,0.0012239681737718584,0.00042010384977390615,0.049627873227032535,0.0012661778497806899,0.008842744755260099,0.006506609681767216,0.009034183305219923
0.00026082693528251097,0.017552432171199384,0.012408714419968563,0.0014966453191439773,0.0011774984818477047,0.09000889540113195,0.002669198665418142,0.008957495113041634,0.004345866231701562,0.0023797138214947146,0.006784542613566201,0.005603462767317007,0.0002977002443183749,0.1607628518826331,0.016606649575009538,0.021919695356024886,0.0001526602653636423,0.03348919104941562,0.0019950500111473157,0.04507085385183359,0.12540139260592176,0.005123716531361259,0.03503814564389621,0.005210732215583215,0.008345224329812748,0.001934152948052641,0.004432713900195012,0.004234065153057423,0.02130260167851832,0.01900644048608817,0.0005892432268321951,0.024700942337810332,0.002915213842042694,0.014832995415207672,0.0044267848709483824,0.08406057789254455,0.016266212203375832,0.0011543034272821094,0.0007158142414735001,0.008892443084097696,0.005021541026156368,0.0008483431748165823,0.004526696100232939,0.001188919875535939,0.0015149097405946145,0.00146652964279407,0.02862125212924663,0.011220601331616753
4.6251479878336695e-05,0.017355660625505788,0.0020661610468031906,0.015828179716845886,0.0025112304667131236,0.026348824904392283,0.0018798676932073708,0.001127812196749501,0.004925415664352055,0.00441054781474912,0.0016301034852874534,0.005231861960426332,0.00028949056246982576,0.006724996391398813,0.015504258057109315,0.012808992332921074,0.003194598994605471,0.03315858567798148,0.005840829006317189,0.004183062594582037,0.00894607298988747,0.0033613618853949112,0.25606961034788767,0.005230765217219986,0.0017282023950295003,0.00016741311313871188,0.028423288286279776,0.009278893713104145,0.017910582707036313,0.03336292223067612,0.010409691752461042,0.02622548706088933,0.029124317942889034,0.014829382576666142,0.003568037446979258,0.03098532313168097,0.017198974030528263,0.0054323914146576354,0.0006931749027115737,0.006106088690592884,0.012592812639966828,0.0010793519651650723,0.0008788968467963001,0.04298855765974213,0.0017089235294012706,0.0007079186057066811,0.01185401188706164,0.012113952080270473
0.0014069541347823456,0.008423369511875865,0.0019078223165319714,0.008297020485177671,0.0010562739597794989,0.026434785872678883,0.0033590158843181794,0.0010674420801257685,0.0050892118372658016,0.001302305669014961,0.014802378722325572,0.005707825039014787,0.0002972449650292465,0.006809420564354334,0.015433252518721593,0.012857891959014814,0.00444087217086373,0.03895786556390676,0.00575819686393757,0.0007230252862155742,0.008683357273207223,0.003502121618519937,0.04124774875105985,0.005129078846535448,0.007719759630943385,0.0003300167930261219,0.0007893390677640101,0.009345495697200125,0.019004400349902646,0.004747294419455129,0.010423018526545307,0.013857373166985397,0.004098342103684274,0.014829573199077501,0.0024904738067428227,0.020282117173423438,0.017245805171073554,0.00537644795425229,0.0006413020159084107,0.0060365261914161975,0.005965761635805875,0.0010758383223126308,0.0008495411161634352,0.03321359371751523,0.0017072155406783309,0.0002032522137414726,0.003196643735315075,0.012119497799886629
0.0005893299174234461,0.010402507805687435,0.006829497340696186,0.006874418823348983,0.002839015002737493,0.07691897013096473,0.0035689432945290524,0.00027001746073650884,0.004173334952171011,0.0021170260625294505,0.01475886629280013,0.001902278332281781,0.002279209259036266,0.16278994320300288,0.019039103354632603,0.021972080861654617,0.0030725567746431592,0.033427485253412464,0.006250797702138024,0.057641785481868775,0.014192218646117971,0.005051203011430966,0.042591387456018086,0.005167162807577155,0.008171773359940423,0.002969495565095735,0.001471268720255198,0.007279915478006889,0.019250524487951292,0.004911027897360164,0.10994460713762522,0.013285302306996663,0.0032474681570683673,0.014849469711720024,7.081583676018686e-05,0.039324630647360845,0.017536844909214873,0.005342647635724436,0.0002830413452187236,0.13156034851900203,0.006029492439706679,0.00019869297362921175,0.004593050004766253,0.005118955111513368,0.0017258931179418525,5.481555765131981e-05,0.003255517254856551,0.010355514162609403
6.450206764081407e-05,0.017162290621744833,0.0015770446086887863,0.01519551754691347,0.0007500239714128415,0.16236656892237059,0.0034806049189584506,0.008707431852566134,0.004765528682005912,0.0014876173341271577,0.0026248937621318265,0.015245886374731786,0.0002741976826187009,0.05392191850350149,0.02306474016629072,0.008264842000985376,0.004125865612699756,0.03355156916907581,0.0019427791999342848,0.043359019869095766,0.2239552022332582,0.001968029198649067,0.0416955737392051,0.005209065158437303,0.00838462459884392,0.0002494319118754372,0.005446417236903063,0.013073651877714487,0.029824567815438633,0.018107675358649874,0.0004985621473755985,0.04768252179325456,0.004467875733267595,0.0101783063557112,0.002705308602354803,0.04532556773473647,0.01757616788268787,0.005959351563259844,0.0012127275627271691,0.005234863500888174,6.41493780063943e-05,0.0012805553264775078,0.0004991992392563447,0.034864396126610256,0.0015057459234625477,0.008847091324933038,0.006139229319926999,0.012857668693967664
0.001537605986010596,0.006636545075124116,0.0020211676424827935,0.007886648887111384,0.002119623625104582,0.07634647871387763,0.002691538720750763,0.008444973595117311,0.010258907567606702,0.0021889124261288365,0.007362141235471777,0.0053032346904690756,0.00265786696471329,0.1579633954958184,0.018971287902080313,0.053823140944141194,0.002990569465608469,0.0333067544705928,0.006250797702138024,0.06618145402053659,0.015389847157712104,0.0017171474693401596,0.05099844984145015,0.005168238566010627,0.008180919392773127,0.0030993436431274333,0.0014843690185464935,0.007292003761028269,0.031300301124277306,0.014074945021510969,0.1171144432471682,0.01337049966431419,0.007099486320771869,0.01484976793716326,9.184822614384395e-05,0.03879093252451547,0.01872066432861568,0.00241618766519949,0.00033941043581186035,0.12321019847263132,0.005991221405627696,0.0016097792636500983,0.004547782951547646,0.00409859709688814,0.0016914292751604243,0.0002711714485118169,0.0028914976910529794,0.012074932960359762
0.00023554145364522617,0.01976997452624568,0.002053332405141527,0.0014966583203858568,0.002530442821811406,0.08929454076578784,0.001612157219021131,0.0013349391600289617,0.004335781495655312,0.004318028896923668,0.0016269829752691188,0.005220105496732973,0.0002484298564831704,0.1595385009824,0.0012883840839906912,0.06461983216921222,0.00045990809346064653,0.03394003411994511,0.005660565896378512,0.0009859167667610434,0.05411409396163775,0.0020096162016126915,0.029315686196291005,0.005125307823107327,0.00782305620970124,0.00041270619171120723,0.005357067863586986,0.00925630128692853,0.019318836393135558,0.013204831994603013,0.0028202092969128664,0.026224987822223596,0.028987337015199763,0.0034242400708973213,0.004371176755699842,0.03075387055136778,0.01906376419890281,0.005761363129621314,0.0003057275636104636,0.007721355031136644,0.00046982975088107667,9.669407953525428e-05,0.0008706675125341207,0.006328087524018686,0.0015214958601600483,0.00018605224848931937,0.028253237586883095,0.011220561793592751
0.0003500704677464328,0.03511209653947074,0.0017367261883356906,0.018137066859704967,0.0007476573332037492,0.0567323544638279,0.003474377630962619,0.00873311104410361,0.005055512789186055,0.0015978280016514935,0.014920479630037587,0.03574065417260878,0.0002824706263189157,0.16901947708092893,0.016154263318837812,0.013021859494686608,0.0036894129215393166,0.033366044890825605,0.0019462258118285308,0.044301927580713205,0.223896422952733,0.004874993547253832,0.044069733816258914,0.00515051232531218,0.008298961089097702,0.0002512503454261694,0.0005482143116108192,0.002655275461502896,0.02993395143770353,0.018110836671381962,0.0001293298753722162,0.025823852817435138,0.007772570607226068,0.010219196652646242,0.002891656065612583,0.045438699911188055,0.017589994997464244,0.005223511287774241,0.001263056488257989,0.004313700039933283,0.0003636345835948836,0.00101892452216357,0.0004931545020024037,0.001677753380629858,0.0017133665497114133,0.00043017234720608543,0.0016545447745891558,0.012096394328930045
0.0004548051635924616,0.01739167788014075,0.0014955026599320121,0.001138374047718034,0.0011522089613842771,0.16781046504460057,0.0016001266450962918,0.0009066623826470511,0.010424707029788599,0.004384496712544029,0.007160481548064628,0.005835215916000646,0.00028692243459369697,0.0527041256117472,0.014069628771771167,0.018643889787917048,0.004121797392604845,0.00029968704956089345,0.005917478739267562,0.021945632883398535,0.0525945055624322,0.010091206475705517,0.01644785409100394,0.005259844843852096,0.007731060552289645,0.01424395702113003,0.00041919940355369077,0.013062862008348112,0.0171268244851415,0.018075239584173036,0.0013159911399612352,0.046383674820479365,0.006790934694953485,0.01347522860471385,0.0036324162606905593,0.03973327516197993,0.01764847516213356,0.005031465513335907,0.00033990434189258995,0.00757928429597694,0.0008135636713514013,0.001259546219354284,0.00042029395483119964,0.0016600364250808088,0.0012327121813328987,0.009190586561265252,0.007590642274315461,0.012631537814173883
8.386657295203541e-05,0.01763785485806123,0.002614093449320517,0.008206547040124091,0.024968834736381514,0.022019700400778195,0.0018771519186822662,0.0010424372406756964,0.0017772613921750212,0.004417246437174526,0.00015255211361880775,0.014716852481800356,0.00028969746008247933,0.005732678999311,0.01547985116429346,0.00040528907153438484,0.0039038551769862914,0.00016533714260862347,0.002253951442437412,0.06490233221175427,0.016220045745398776,0.010569784744005458,0.25472594498316936,0.005227392298213235,0.008307775172679941,0.00041489510025623135,0.030452898372036935,0.013044378318880504,0.01699346246934441,0.018713616769364002,0.010542133990588926,0.01030801445103069,0.00449374137229055,0.014824082359597365,0.0024906707706715365,0.030282940916262446,0.004104511309385148,0.0006196961184891134,0.001201355503603044,0.006218770101871916,0.0013180110007339277,0.0007180035583034539,0.000873610355092396,0.02212518734037253,0.0016127999530680059,0.00040681442347534173,0.0032080193001168627,0.011397191398129454
0.0015649085181897342,0.01586370547818461,0.0018516345088183863,0.017863568220972535,0.0006829288179130266,0.09542468786547473,0.0025876463386632497,0.008620299303883076,0.0046916813952897814,0.0007240651092542774,0.002759091054642841,0.005600108608628757,0.00029756612875763056,0.05954156326640841,0.01658350573504092,0.022417596596174018,0.003906392311603722,0.0013494421538794293,0.006400897967490968,0.06446085539664147,0.083815117123446,0.002276772534825532,0.04055694182216987,0.0052107130725404325,0.00834236472794864,0.00027833643753735337,0.004367338555630342,0.002530002085613958,0.015601510734213841,0.004483693726591975,0.005101757631880193,0.024721783143632093,0.0028896951624685545,0.013548119350724268,0.0035198766350156493,0.06374299018093821,0.01616459457711586,0.0017045466484438868,0.0011480306842974479,0.0033998617839369446,0.005190118795076456,0.005409127658316409,0.0010133659863853525,0.02701453637237733,0.0012313597804944816,0.0010737987848434705,0.004926420515705892,0.010746645720173188
0.00019442183407202286,0.01752316696081067,0.006867599578837981,0.015830904884064117,0.02801394873072776,0.09358228302382621,0.001523866134765116,0.008932222831475208,0.0049230744013265965,0.004411138698549221,0.0017201893378546579,0.005753293128483898,0.0002542261071298047,0.006724996391398813,0.015477956410539352,0.012858126617775974,0.0036180553714439162,0.00024227773576005612,0.005708706982629293,0.05953188485818478,0.08181736421250763,0.0034290693182347028,0.3605626574727929,0.005129470734534784,0.0015425871994357394,0.0004027454981453358,0.0003499393571765458,0.012694865032263507,0.025471405799542542,0.01938899952776007,0.010355177890614586,0.025739312095198263,0.004114994688156763,0.014829327342489826,0.002489015570055208,0.047258763587422925,0.019063042484398825,0.00529702191848431,0.0006875145526451445,0.007672950479214137,0.0006244656098761923,0.0010798124158529466,0.000873610355092396,0.034875118457855514,0.0015236252879480407,0.00043995652950486235,0.005631965826147255,0.011451376025416746
0.0002152100328884377,0.018715595622552893,0.0018950722459659625,0.01491282882975381,0.0007295121278755345,0.09339000716900454,0.003472677165992265,0.0007266433032716217,5.0027200930236656e-05,0.0015921088826184168,0.0020269380719243244,0.0011627127572908067,0.012711300490260417,0.04263372026165149,0.01737504365414247,0.010931938765911732,0.003952676438298877,0.00659229854235026,0.0020554189846708534,0.04396078948465059,0.07758279676089345,0.0016141990128804786,0.011524966778687189,0.0052466667763856195,0.007729649515340341,0.0008411141428680701,0.005620478297518587,0.004091433056222017,0.019141005382750608,0.018501303362579265,0.005150967810505433,0.023457981300404086,0.00772650847872264,0.014163798436756967,0.002297378333274224,0.03147283908456457,0.0047528278995446925,0.0025789634427007347,0.0002732518176487337,0.0033998781073929746,0.0006653955181292012,0.0012370532385371,0.0008695848694917112,0.00012600184191782706,0.0012256312329040418,0.00013387004027085904,0.0049908679662805855,0.01123461575517733
0.00047471958461737574,0.01719228807190127,0.0020798797650225975,0.0433067807548323,0.001097825457150932,0.18352979702689912,0.0033674238736455813,0.0006554739946439559,0.004764084725125408,0.003056950186936478,0.012340253948806692,0.004935365769720802,0.0014030718220412062,0.043391325611444403,0.004362368561687219,0.012238854093492232,0.004096004654561283,0.036088225384165125,0.0019539503165720293,0.06177088944890406,0.12572286287950252,0.00200716055440929,0.04333612659161929,0.005127342463382347,0.007770554428822935,0.0009549920797912101,0.0006558521832362783,0.009629493108846626,0.019712922395545236,0.018569205719970117,0.00023889762413220259,0.026276315938291366,0.002470269924237639,0.013506804733334389,0.002278981906506895,0.04173906255627072,0.018180342655927117,0.01641451256573883,0.0002974285559482379,0.0044795907089919314,0.0008006547281019238,0.001214998326250293,0.0005245553907658814,0.005787970380695817,0.0015068898826079296,0.0004901975722595977,0.005137547767021421,0.0689624428514436
0.0015699103289897192,0.017190049058328785,0.0027071572753385588,0.01944230604190337,0.0011054035421182882,0.13944840196124136,0.003359059608845472,0.0008750756518725305,0.0049041729158209885,0.0007638566031123195,0.0020269380719243244,0.0011100977359301033,0.0011778082974044347,0.043347593456985495,0.0016720486781542834,0.001622258440182234,0.003952876753413816,0.0002717047132084786,0.0016737746543300938,0.03473706168644734,0.08243544065534246,0.001622774414910673,0.04096525861178357,0.004579052143362297,0.00776864351586825,0.038799093696500864,0.005620478297518587,0.009765853228778272,0.1603842835178824,0.012752373847210521,0.0003375176189125505,0.0060592561470814415,0.007739883431913187,0.01499445362294676,0.002298370979954197,0.09542260694014154,0.018186266673424933,0.0024329292410022138,0.0002923661323107441,0.0033673641448352548,0.0008722837243376217,0.00016489995780959318,0.0004282909207245847,0.0011693019672529593,0.0012110138004041105,8.556777644745368e-06,0.004990512814047788,0.009043608020208527
4.972662708811076e-05,0.008420895032808821,0.002218711085755656,0.01529417243715616,0.00015006364850858253,0.026434017170257167,0.00162334225621004,0.0011439070476416463,0.004841669711373452,0.0011366392871726512,0.0013179440900563213,0.005293439786255738,0.00028199771209261884,0.055023267974476715,0.01544078275594117,0.012814976194302696,0.00444087217086373,0.03348622973858122,0.005732039763920603,0.008214166931560359,0.00970127061477409,0.004760469844974485,0.041073785073477836,0.0051444737131361735,0.007719759630943385,5.254385885306392e-05,0.0301228078584855,0.010700561881044344,0.019004400349902646,0.002921395259685936,0.004522440784502856,0.007987162999116802,0.0031831382715668743,0.014128860950379026,0.0024003936468200713,0.03474129578643648,0.019087978872789346,0.005426489588220384,0.0002373930985035085,0.013442242778798822,0.005986226068646101,0.0015684159588742052,0.0003396412981116143,0.03321359371751523,0.0013736577074918259,0.00028381402498282653,0.026198774559083607,0.01206731544161118
0.001537605986010596,0.006636545075124116,0.0019184735125835736,0.007886648887111384,0.002119623625104582,0.07634647871387763,0.0035084002470355063,0.008444973595117311,0.010258907567606702,0.0021884351473974405,0.0074009504477021105,0.0053090891908443814,0.033970436478722305,0.1579633954958184,0.019165177202907228,0.05374853477241324,0.00037577225845466904,0.0333067544705928,0.006250797702138024,0.06618145402053659,0.01412997270655783,0.0017241385827820102,0.05099844984145015,0.005168238566010627,0.00831941060951425,0.0030993436431274333,0.0014843690185464935,0.009210413360422547,0.031300301124277306,0.012975656696040188,0.10994460713762522,0.01337049966431419,0.007099486320771869,0.01484976793716326,9.184822614384395e-05,0.03918802017843087,0.01872066432861568,0.0024412706901210616,0.00033941043581186035,0.11930691590325994,0.005991221405627696,0.001041890875643204,0.00036274884382020623,0.004049114979465862,0.0016914292751604243,0.00040908682525072173,0.0032685391739441755,0.01208061215718733
0.00039341895823821727,0.00836388011496593,0.0018988005506240472,0.00028042600215317376,0.0010013572096599023,0.05353918447323401,0.0034727185931019856,0.0007266433032716217,0.005058147006840519,0.0007600958869897036,0.0027871304508881346,0.0011627127572908067,0.012408066981803545,0.04263372026165149,0.015430687694843348,0.01099824199621165,0.002812341538419175,0.006719945280052095,0.0020554189846708534,0.0436427133118679,0.07758279676089345,0.005013571881931321,0.011524966778687189,0.005248977585821819,0.0076841144240241775,0.0008411141428680701,0.005620478297518587,0.004564275258866238,0.019141005382750608,0.019322300874563537,0.005150967810505433,0.02638450343247047,0.00772650847872264,0.014163798436756967,0.002297378333274224,0.08695095907540384,0.01622711565028344,0.0025766087974111616,0.00033841528283957555,0.0033998781073929746,0.0007758614812433373,0.0003868819840211038,0.001187689142598541,0.00012600184191782706,0.0012252602263730867,0.00013387004027085904,0.0049908679662805855,0.01206401947731983
0.001555802306000704,0.01867502356369543,0.002629988625924656,0.0017894241360484602,0.0010379454477522257,0.017559556713287537,0.0033891827198853875,0.0005702197013933751,0.004635889675120453,0.004484622911947863,0.0021838885884235015,0.015721821390781595,0.0003056861824148259,0.005041248135562448,0.015390314994213302,0.0005180101244813642,0.0035710139270276535,0.00025491533801553015,0.005917478739267562,0.034832315654860106,0.014729329128447339,0.002135214960553862,0.041528055763311325,0.016087159582645786,0.007707819732844263,0.0004019349384389739,0.0011778025006544193,0.004099118167078256,0.026473985224950265,0.004795378773400443,0.0017590038971793344,0.006022563500863529,0.006789539271494689,0.014983364949512652,0.0024916717294875125,0.047296772920468744,0.01902947468545492,0.002419655764727812,0.0005379935097863931,0.0061098258792986904,0.005942654871720288,0.0012453941477013019,0.0004292000884750049,0.04518848043506715,0.0017010968590309577,0.0004141992313112207,0.007765990036973534,0.009088804198826034
0.0003631536817815508,0.03398164654585274,0.002187282399443176,0.007277393564676655,0.0011783725917241302,0.096332747339846,0.0024510888532937912,0.008967831699852408,0.003745454294765118,0.002305723100007908,0.007140306308622391,0.005234183646777784,0.0011545301675317827,0.16865455558570613,0.014247319709076278,0.01822588742165058,0.003590585523670778,0.035297737118938174,0.00549823121673418,0.0013858756105281853,0.08047208578685393,0.03491985236238628,0.0512200541561983,0.005221607403859177,0.007736324823044359,0.015819755153064146,0.0051831409049712725,0.012831789433930606,0.01753736727837481,0.018486024285911673,0.10227507448021866,0.02620976130349307,0.005265871444770697,0.013476488816195677,0.003603412244196148,0.08422284668715233,0.018561877180022574,0.00532326360440275,0.0003377081566801905,0.00786144099718212,0.005415194354873445,0.0013516472972740542,0.0005500415357896711,0.0016599359558662475,0.0012422427602231541,0.0003573276178402657,0.005083453090252111,0.010485575944958962
0.0015657225922066447,0.018671436659432425,0.0012688884931667762,0.014420020967227028,0.0011047072640479715,0.05347211727248791,0.0005862819348428988,0.0010290145860313402,0.002148052473829046,0.004491607311737985,0.0027569759701255485,0.005674865043954292,0.00029871705864431704,0.052566509404663966,0.00241345306609605,0.0005180101244813642,0.002849205016231399,0.00029968704956089345,0.005918493304480991,0.034832315654860106,0.014816893901558301,0.0018353327808708353,0.011862383638617515,0.005210308181613341,0.007730363557591906,0.00040258964757144034,0.0003313581700494712,0.009246885643023615,0.026473985224950265,0.013181780517898412,0.0013159911399612352,0.0006182264000006744,0.004032016930192403,0.014965961605740742,0.002490238912623491,0.019216202025367748,0.003664456942235824,0.002419655764727812,0.0012363607417292745,0.0046871651629840725,0.0006544761008604912,0.001245003933216288,0.0004292000884750049,0.022386095247510833,0.0016858560523913787,0.0005939794656087132,0.007496604605600208,0.00902805468759656
0.0005864995580854416,0.01718163536465234,0.002034076573280185,0.0011332870237149425,0.0007031165540125735,0.16781046504460057,0.002590484919628198,0.003369862070649503,0.004750020093200881,0.004418665875359653,0.0033527671824767936,0.005844594906571878,0.00028692243459369697,0.0527041256117472,0.014319286628140596,0.0011116844328238193,0.004121797392604845,0.03334402335693075,0.0024433068244684225,0.06412977383761606,0.05112528203833165,0.003515380530461261,0.05287799076554689,0.005258316105589805,0.007736872772592242,0.00024297758717064692,0.0004112593766426569,0.013097034863134478,0.021941662520823378,0.018083509895480746,0.0013159911399612352,0.011671574317579952,0.006806801508565963,0.014949754931378035,0.003605963984377179,0.03971784828666542,0.018563894268860966,0.0006035019263992806,0.000301888396032846,0.007855379073728044,0.0009624839546158348,0.001259546219354284,0.00042030788741146736,0.0017704244734235795,0.0015039725877111817,0.0003231027106570094,0.004962043141845285,0.010745840131782716
0.00023501946767021386,0.01976997452624568,0.0025325715982993545,0.0014966583203858568,0.00038285052203290324,0.091344804417297,0.0012402240953172385,0.009457594482285685,0.004190946701369184,0.0009880287759923838,0.0027829795317616726,0.005219972352278092,0.0002484298564831704,0.1595385009824,0.0012883840839906912,0.06461983216921222,0.00043827695119104393,0.03394003411994511,0.0019952226023072428,0.046455623209138916,0.05411409396163775,0.0020096162016126915,0.04050188227153405,0.0052202622208060035,0.00782305620970124,0.00041270619171120723,0.005357067863586986,0.0075713891342304145,0.019318836393135558,0.013204831994603013,0.0029744808928536233,0.02628041005733357,0.0015088321215101451,0.0034242400708973213,0.004371176755699842,0.03869270364759239,0.019161125643820127,0.005312168533454733,0.0003075515513738213,0.007721355031136644,0.0007925192384914434,0.00080139847120806,0.0005399292374367859,0.0005953173273452925,0.0017071844880580537,0.00039190089820710834,0.006570997794902958,0.011220561793592751
7.467995162255972e-05,0.03560089508214412,0.0040609043195480995,0.015895953782847604,0.0014047460567835,0.17396607227600497,0.00187725633234798,0.0014959476232426717,0.005047666305717881,0.004442749648131463,0.002527673540643145,0.005344806526368498,0.0003267184041875109,0.16400370444078044,0.018911738066024867,0.0001678181754118744,0.0005636857923632921,0.0010824822377845343,0.005903268340925577,0.04387519413102091,0.01385480065617706,0.005109323962387922,0.020700070734066045,0.003736854379490999,0.007677661798960042,0.00027607716376624666,0.029410912284514226,0.011627966774357814,0.025448113493484532,0.01852278717644607,0.11040139420312886,0.018857419616741932,0.006641734900633617,0.014894628332316282,0.0025698347070700804,0.030484503435588842,0.004102661019146898,0.002636822774620552,0.0011593439927485678,0.0035407831266094183,0.0023755530131312364,0.00125260812359555,0.00033357291328497735,0.023029348320755517,0.0012626785297308832,0.00019721002632339178,0.0031663502121596345,0.011381859439411637
0.0015657225922066447,0.01867502356369543,0.002692089226077921,0.0017894241360484602,0.0011047072640479715,0.05347211727248791,0.0016001266450962918,0.0005702197013933751,0.009522356183712097,0.004484622911947863,0.0027569759701255485,0.005835215916000646,0.0012012682264534059,0.0527041256117472,0.00241345306609605,0.0005180101244813642,0.002776067102348548,0.00029968704956089345,0.005917478739267562,0.034832315654860106,0.014729329128447339,0.0018353327808708353,0.011862383638617515,0.005264779528190428,0.007735662787628865,0.0004024669404172524,0.0011778025006544193,0.005253937847530045,0.026473985224950265,0.013181780517898412,0.0013159911399612352,0.006022563500863529,0.006789539271494689,0.014965961605740742,0.002490238912623491,0.03973327516197993,0.01906920430087011,0.002419655764727812,0.0005379935097863931,0.0046871651629840725,0.0009252078562728273,0.0012451904738319695,0.0004292000884750049,0.044588584205291076,0.0016858560523913787,0.0004141992313112207,0.007765990036973534,0.00902805468759656
0.0015388569820356122,0.017556716485108783,0.002590835248191861,0.01579797822108773,0.0006945808612458382,0.08966739632197428,0.0018803687538859455,0.0010424372406756964,0.003014201859439884,0.00030847291028084523,0.0071007640191035615,0.015250873196355265,0.0002741005411996884,0.05289333310490378,0.023348473484271513,0.012929895858140115,0.00015244454842192252,0.0012158865328395965,0.0019431870806360032,0.06487616131275284,0.05238059986756599,0.005157599589099965,0.010891190577495357,0.005208946812250574,0.008012930959615047,0.00040233787311031994,0.004436426603329728,0.004201521357543869,0.020242596904775423,0.016378636138210036,0.0013169818944827308,0.002980633719173417,0.004035214562860061,0.015231165691412588,0.0024912142326179794,0.033746949946428025,0.01901610936994406,0.002319375426643254,0.0007186800865674413,0.0062927024177253455,0.0006555499548695403,0.0012173284318157049,0.0008940104321168961,0.03473919332122738,0.0016036408729786014,0.01826157758848517,0.0049018175796302806,0.01144471945078881
0.00021642502775210906,0.01749716068257854,0.002221435047679242,0.017139259607310407,0.027085134922522486,0.051829394638331056,0.0015659711381834196,0.0012389570862912183,0.002199468526765453,0.0022123926969313847,0.007146336412361374,0.005249466927487777,0.0003547070743565373,0.0022877342597904943,0.017277277119144202,0.013169655024963225,0.0033714823231753305,0.03441335430361872,0.004175514627490245,0.055132222621095434,0.01821529904297039,0.00511753333123822,0.018655891376285122,0.0028923845433578973,0.00829537516404967,0.0011287175581059091,0.029416694565419642,0.011855872873701497,0.02319735928781541,0.018202908941835145,0.015009594994705236,0.018951858089286247,0.0032040485542426116,0.002321063252209446,0.002507554641160887,0.03781532989271192,0.018531403521846526,0.000494940045395814,0.00034532932257547416,0.000603272381014208,0.0002949158151419963,0.0016055398113294737,0.0008223582121188395,0.04459858174837607,0.0014694581638206403,0.0008954246730820538,0.004797955017393142,0.011287054604024004
0.000179015812476476,0.018246124981498836,0.0014955026599320121,0.0011875175703657198,0.0011667008908318366,0.07831824171764187,0.0035874687072097507,0.00021872979292854203,0.004193936902711798,0.014741618351886978,0.002594591787549088,0.005836306445134507,0.0024119353442914916,0.007581076048246899,0.015451757601343012,0.0012969483384816446,0.014626705072957553,0.032139361152916796,0.006249382327887746,0.03584067465563766,0.014838402721091902,0.0053890584154122,0.3720692646975946,0.005259676082996422,0.007731060552289645,0.0004096007313289426,0.0004112593766426569,0.013062995913857222,0.02602581267780825,0.004912926240979699,0.0015078317294191911,0.011783109523113997,0.006706014210734449,0.014943505615380593,2.9555188913857984e-05,0.03973327516197993,0.01756664125568967,0.0006217399369633093,0.00028283419002061663,0.007572444373178143,0.005930055331534002,0.001259546219354284,0.0003364973732015216,0.005068895205374914,0.0012300376939931947,0.00018704939271757884,0.003170152503664525,0.012657320643539895
0.0005969789899930957,0.03565192985834162,0.006764124304376867,0.007277393564676655,0.0011783725917241302,0.09684423478870252,0.0024470878448567485,0.009502443586730637,0.004921241128218523,0.004430260447486323,0.006414152324331287,0.005233289745423799,0.0001572074899454057,0.16865455558570613,0.014247319709076278,0.018103052473700153,0.004119262369044253,0.033149917702774596,0.0013481546101242461,0.06522552718362465,0.08096873723840498,0.005253915806862156,0.0512200541561983,0.005221607403859177,0.001524834983494195,0.016213452367706018,0.0008726317506233968,0.011596091409065448,0.023785248018819267,0.018486024285911673,0.10052520243067946,0.026058102012795546,0.0031950967128299233,0.013476488816195677,0.003550802601097815,0.08543025609988965,0.01860336447623251,0.005408967446086751,0.0002919870936087745,0.009326709828861328,0.005415194354873445,0.0013484371714232786,0.004580229900442343,0.000667599337779949,0.0012422427602231541,0.0017541707061318598,0.005082837205686741,0.010722496196764658
0.0005850535321404835,0.008353827356193853,0.0019373206669426996,0.0012017368783964737,0.0017113554443774531,0.023652290865164252,0.0034040570040853894,0.021660608623023242,0.0046109054197435734,0.0014722245363904371,0.002672914063893817,0.005557655777443259,0.00026967086522816023,0.05499526430785742,0.017436509045585885,0.018246905551713523,0.0036422311742423472,0.03670500573714588,0.006480338169447541,0.0029846765022540135,0.02185438924064487,0.005270688736292434,0.36340546509448735,0.01541647993821605,0.00835062789757774,0.0020139458748230747,0.005358220770792493,0.0037031919771714538,0.019710343816979677,0.0053890676117356465,0.010460614356166251,0.02577643002782417,0.006661848297792934,0.013762458352841242,0.004394722837563774,0.046959495664780276,0.017238335813168464,0.0011058686822137185,0.0007227661050298883,0.013403400944944844,0.005520585899394506,0.0011437362546016766,0.004301964016118529,0.002792836408809556,0.0014953431752206885,8.097594651539086e-05,0.0055904606140320355,0.011229233396211858
0.00019936114706004535,0.017529687110676775,0.0017515011168166116,0.015644893400821844,0.004789609899695086,0.021347054655430447,0.001523866134765116,0.001068576637223419,0.004769677404045029,0.004259758606340855,0.0021450419472661144,0.016549873500150747,0.00019904533691664098,0.006724996391398813,0.015477788465162673,0.020297500576907806,0.0035264100483422293,0.0012532756470738375,0.005729026719288511,0.05945624076811558,0.01807405385473378,0.002267502804900519,0.3712836964789086,0.005060050093764219,0.008013777063293051,0.0004160477304701863,0.02884484227187905,0.009665945060061664,0.01765721507407077,0.019535217088198647,0.010342459134040404,0.025760257022229244,0.004043048748330085,0.014406783768184266,0.00248427282010639,0.047258763587422925,0.019063042484398825,0.0006196961184891134,0.0003223232753805326,0.0043294942917212025,0.0007449345322353166,0.0012531555652657025,0.0005712236974007882,0.03494519466357599,0.0015244694926564101,0.00020076757722470973,0.005631965826147255,0.011451376025416746
0.0015672534431403534,0.01867502356369543,0.002692089226077921,0.0017894241360484602,0.0011284706539208824,0.05347211727248791,0.0035987163095404463,0.0005702197013933751,0.009522356183712097,0.004484622911947863,0.0027569759701255485,0.005797909125851779,0.0012012682264534059,0.0551552738898254,0.002714722699426731,0.05316852329533038,0.00025240890115175584,0.03470940836829789,0.005917478739267562,0.03506016417974747,0.014143690369506533,0.0017241216792001756,0.011862383638617515,0.005264779528190428,0.008317135207170197,0.00043867250706315967,0.0011778025006544193,0.005253937847530045,0.026473985224950265,0.013181780517898412,0.10667885498419534,0.006417985625907091,0.007092434357292983,0.014824836836178941,0.002306109779175021,0.03918637378757135,0.01906920430087011,0.0024208624537150423,0.0005379935097863931,0.0046871651629840725,0.0009252078562728273,0.0012399529074620707,0.0004292000884750049,0.0439588206181839,0.0016858028421750946,0.0004141992313112207,0.007765990036973534,0.00902805468759656
0.0002387782831993039,0.01983768702540252,0.0025325715982993545,0.0014966583203858568,0.0003901769331825025,0.091344804417297,0.0032449223880297727,0.009441411278948191,0.004190946701369184,0.0011486937447925225,0.0027829795317616726,0.005219972352278092,0.00025130003243802263,0.1595385009824,0.0012883840839906912,0.06461983216921222,0.00043827695119104393,0.03392177797439288,0.0019952226023072428,0.046455623209138916,0.05411409396163775,0.0020068074326245466,0.018946249596488482,0.0052202622208060035,0.008078187333361672,0.0004148579700094579,0.0005944301234863977,0.013184505126814093,0.019318836393135558,0.013167357464118287,0.0029744808928536233,0.02628041005733357,0.004415682786034344,0.0034242400708973213,0.004371176755699842,0.0453689353554316,0.01754573070304699,0.005312168533454733,0.0003075515513738213,0.007721355031136644,7.860649767695265e-05,0.00080139847120806,0.0005020802820723711,0.0005953173273452925,0.0017072175330705962,0.00039190089820710834,0.006113018083489958,0.011220561793592751
8.702716407026531e-05,0.018315941221029648,0.0027030354956886836,0.008699472491774551,0.0025186783454536664,0.0214377579915178,0.0016073356850500344,0.0010359434287697466,0.0020617314988871467,0.004356121768637085,0.0021486196024543256,0.014701960969505547,0.00028969746008247933,0.006724996391398813,0.015480016539495798,0.01284077570215761,0.003244583308502427,0.0012158865328395965,0.005879586907610722,0.06490233221175427,0.016220045745398776,0.003288820648891017,0.25458476066638913,0.005232895896746525,0.008333616393495807,0.00041489510025623135,0.0018539788403377153,0.009274045567562715,0.01703086176245922,0.018503062114765316,0.010542133990588926,0.010178920794541036,0.003918445634606128,0.01483102005573532,0.0035924265432831343,0.030889937234531015,0.004104511309385148,0.000496833225349325,0.00033662652281729567,0.006218770101871916,0.012740599577473713,0.001080376109053494,0.000873610355092396,0.023594971492260045,0.0017086071064854338,0.0004421594034709044,0.011913037234871098,0.009076510277331444
0.0015657225922066447,0.018671436659432425,0.0011878494132731843,0.008187487713039614,0.0027341987875433575,0.020696526712333317,0.0005619222919529379,0.0010290145860313402,0.002147482853822168,0.004496359956837521,0.0021302055656869236,0.01534152311826799,0.000289395158323293,0.05178804586312293,0.002611520626603704,0.0005260228204149932,0.002808791631340014,0.001212521070917402,0.0022794449258705034,0.0634247784297648,0.01620978537350255,0.0018353327808708353,0.38695646937524364,0.005205414407205343,0.007730363557591906,0.00041475228569354635,0.00048626739017671643,0.009240546208866822,0.026473985224950265,0.012928287108348084,0.0013159911399612352,0.0006182264000006744,0.004032016930192403,0.014967331931944862,0.002490238912623491,0.019241066287829872,0.003664456942235824,0.002419655764727812,0.0012406875789535098,0.004615314601269264,0.012509758865319508,0.0012342783815216401,0.0004434683700153787,0.022381891679880323,7.85465910438008e-06,0.0004089200365919014,0.0075575878473080164,0.009075113010909837
6.074426415397307e-05,0.017094578122587994,0.0015770446086887863,0.04354553053519968,0.0007426975603449071,0.16236656892237059,0.001354970214574033,0.008264960259934569,0.009759033733326157,0.0010002408195954435,0.0026248937621318265,0.015245886374731786,0.0002820765032924339,0.05392191850350149,0.02306474016629072,0.013007386642749625,0.004132427576741512,0.03356982531462805,0.0019427791999342848,0.043359019869095766,0.2239552022332582,0.0019708379676372113,0.041659778397036974,0.005143877704118102,0.0027341138712621365,0.000247280133578181,0.005342725568200926,0.007521177037195044,0.02904950907956556,0.01814514988913462,0.0004985621473755985,0.04768252179325456,0.001561025650049397,0.0101783063557112,0.002705308602354803,0.03864933602689727,0.019181523259074684,0.005963381094270135,0.0012127275627271691,0.005301615000984991,0.0007788937830174652,0.001271456578039618,0.0005370481946207594,0.03732544470791179,0.0015057128784500054,0.008847091324933038,0.00659720903134,0.012856385751084045
0.00019936114706004535,0.017529687110676775,0.001814608944068314,0.014766161541944836,0.001303148013979987,0.021347054655430447,0.001523866134765116,0.008392420481726039,0.004769677404045029,0.004259758606340855,0.002429211213295751,0.016549873500150747,0.00019904533691664098,0.005983492040331287,0.015477788465162673,0.020297500576907806,0.015068280772043158,0.0012532756470738375,0.005729026719288511,0.05945521095057359,0.015121138484159101,0.002267502804900519,0.3712836964789086,0.005061474995843186,0.008013777063293051,0.0004160477304701863,0.02884484227187905,0.013026617957229205,0.04524827942947038,0.019535217088198647,0.010342459134040404,0.025760257022229244,0.004043048748330085,0.014405696205519758,0.002468477932215075,0.031058378340632003,0.019063042484398825,0.0007547138339181344,0.022019700157265402,0.0043294942917212025,0.0007449345322353166,0.0012531555652657025,0.0005712236974007882,0.034499332416526224,0.0015244694926564101,0.00039290930806828593,0.005631965826147255,0.011451376025416746
0.001555802306000704,0.01867502356369543,0.002662294458277071,0.0017894241360484602,0.0010781118876510543,0.10481837367418648,0.0015996478299482478,0.0005702197013933751,0.009522356183712097,0.004484622911947863,0.0021838885884235015,0.015299464701228258,0.00030444235184324067,0.005041248135562448,0.015522579900957213,0.013157077665764325,0.002776067102348548,0.00029968704956089345,0.005917478739267562,0.034832315654860106,0.014729329128447339,0.002135214960553862,0.008660606323994215,0.005228402548389598,0.0077369693350629685,5.549367290273748e-05,0.0011778025006544193,0.04117483180746651,0.026068244515854454,0.013181780517898412,0.0044047193169913,0.006022563500863529,0.006720004321039094,0.014965961605740742,0.0024916717294875125,0.039723678021978716,0.01731510853630131,0.0023733782512897258,0.0005623039468439601,0.006282104181448059,0.0009252078562728273,0.0015443860998631698,0.0004230540147752871,0.0035072745627027155,0.0016863803570809697,0.00042052682810256,0.007765990036973534,0.012134384473410741
0.0003867977246475051,0.017175477531264735,0.0018630225088075874,0.018795632700093913,0.0007308074753164313,0.0538061993292503,0.003383048852649414,0.0007266433032716217,0.005053286313168376,0.0007638566031123195,0.0020269380719243244,0.0011627127572908067,0.001178840038103483,0.042292005388970266,0.016779540359679185,0.019757643939771568,0.003902951004858367,0.004329808186077151,0.0020129265787768155,0.04369483523700553,0.08397405831398656,0.0016141990128804786,0.005685746079277625,0.0045726945298199895,0.007769481234020417,0.0001902624502196429,0.005620478297518587,0.009765853228778272,0.015618016948519754,0.01868076223966176,0.005150967810505433,0.02499982171946901,0.007739883431913187,0.014189224638122106,0.002297378333274224,0.09290127223993991,0.018186266673424933,0.0025814056227803405,0.0002923661323107441,0.003399861215405967,0.004926233547838786,0.005471954849028826,0.0005209539423428018,0.00012600184191782706,0.0012256312329040418,0.00038110042499419337,0.0049908679662805855,0.011418832285360324
3.854924249554757e-05,0.008267064630710688,0.002214789030051132,0.01529417243715616,0.00015006364850858253,0.10143560439495453,0.0015610929088868536,0.0011371518254177217,0.004841669711373452,0.0011366392871726512,0.002040288786392111,0.005283368708286827,0.00101872344157199,0.05497322138527077,0.01544078275594117,0.012814976194302696,0.00444087217086373,0.007018624534649107,0.005741062337124259,0.008214166931560359,0.00970127061477409,0.004760469844974485,0.041073785073477836,0.005143294105811498,0.007720490370970288,5.254385885306392e-05,0.0301228078584855,0.011201882446080882,0.019010169429630498,0.002921395259685936,0.0044693932649779115,0.014017478841884621,0.0031831382715668743,0.014165141668220473,0.0022998465050009186,0.03474129578643648,0.017214745357481978,0.005426489588220384,0.0002374913152707106,0.003333082711998364,0.005986226068646101,0.0015684159588742052,0.0003396412981116143,0.001606308131912728,0.001371773990853366,0.00028881913855479047,0.026585259127908697,0.01206731544161118
0.0001442359741115483,0.018733449455209487,0.0027100799285325167,0.0021467194840656,0.0011048332971229065,0.018517516867791618,0.0016001275498788616,0.0005771485441494113,0.009251356285854953,0.004275161960660904,0.0021486195547027625,0.005832071587189736,0.0011922539506622372,0.0054276139899201645,0.06781128335221281,0.0004524002271531632,0.003829127564955033,0.001209906834399966,0.005947057120954582,0.02499822541758283,0.016132480972287814,0.010347409527402828,0.00889361665859141,0.0052640509326171495,0.007736087919872015,0.0004147723931020434,0.0012570832474197902,0.0051010793974453185,0.017011353444271276,0.018501041161788693,0.001025323475348068,0.009956871355241025,0.006741873150377941,0.016540090288352696,0.0025388683479239085,0.03990019804350112,0.019510163349713835,0.0005538479372467502,0.0005665437551519034,0.0038133317154691706,0.0009351041419815178,0.0012356415661627493,0.000873610355092396,0.0455240274205174,0.001922098787780217,0.00041049442299870374,0.0034774047807461764,0.009076510277331444
0.0015576593805749438,0.017671722667429057,0.002619375621000769,0.0014672771550013949,0.0010382167350109681,0.019943054855734582,0.0033475300229766727,0.0010424372406756964,0.0017772613921750212,0.004421484158677902,0.0022213380478501967,0.014716852481800356,0.0011981166469559163,0.004664583059098413,0.015394268746919805,0.00040832113341361816,0.0039038551769862914,0.00016754153036207273,0.002253951442437412,0.034833538803236766,0.0163112172293632,0.0050333442923882945,0.05026810734934231,0.004762271969053516,0.008307775172679941,0.00041515280271528336,0.029892486513900574,0.013044378318880504,0.0222257356696556,0.01861274462823549,0.001654379918072984,0.010169112278786923,0.00449374137229055,0.014824082359597365,0.0024906707706715365,0.0472539875213394,0.004104511309385148,0.0006196961184891134,0.0005324733922502222,0.006218770101871916,0.0013180110007339277,0.0007176159675232525,0.0008661149658195488,0.04703830779118911,0.0016986305145649473,0.00040681442347534173,0.0032080193001168627,0.009088776914904496
6.078095179611401e-05,0.03398164654585274,0.003028445178926227,0.007277393564676655,0.02599936875588539,0.096332747339846,0.0024510888532937912,0.009504089725714948,0.00378712207635491,0.002305723100007908,0.007140306308622391,0.0052340012854307436,0.0011545301675317827,0.16865455558570613,0.014247319709076278,0.01822588742165058,0.0041222648562208464,0.035297737118938174,0.0020469054546080495,0.0013858756105281853,0.08082433149405009,0.004417006059169178,0.0512200541561983,0.005221607403859177,0.007736324823044359,0.015819755153064146,0.004672348471189195,0.012838026465368834,0.01753736727837481,0.004605351148230837,0.10061240561996392,0.047348692655734034,0.005265871444770697,0.013476488816195677,0.003603412244196148,0.08422284668715233,0.018561877180022574,0.020542421550706142,0.000347252282754096,0.009344320854126929,0.005415194354873445,0.0013484657252775948,0.006685726426552404,0.0018349504054181894,0.0012422427602231541,0.01609397805276794,0.0018801070360621851,0.010374062166200912
0.0015657225922066447,0.00813470327929415,0.0026819204554093877,0.0017894241360484602,0.0011047072640479715,0.05347211727248791,0.0015749796366275094,0.0008640028581458701,0.0030494660912990883,0.0044141188276992805,0.00253181584641895,0.005835215916000646,0.0012012682264534059,0.0527041256117472,0.02878534661304965,0.0005180101244813642,0.0028119951136379405,0.00665647142617157,0.005917478739267562,0.04350154646445638,0.07672695660459089,0.005170922946944333,0.011862383638617515,0.005249819564623437,0.007731060552289645,0.0004096604324531195,0.0004112593766426569,0.004564405290623471,0.019141994738758127,0.01866846631263414,0.0013159911399612352,0.003022991554772078,0.006789539271494689,0.014260080522458692,0.004356120205673295,0.03467709260348735,0.01906920430087011,0.00229708596289233,0.00033993632762677645,0.0033871758768411553,0.0007735443931425215,0.001259546219354284,0.0004296398493085023,0.0017367216671324395,0.0019172933599552894,0.010537928627109156,0.007621524428592566,0.00909718183530903
0.0015201779970391645,0.018834483210191055,0.00189156423105631,0.00019776288987413205,0.0009628434344409011,0.08222145453585869,0.0026865052695691284,0.008471974459860263,0.005065925001947151,0.002188917487783888,0.003090666496211695,0.0008539483383334795,0.0002294337795042884,0.16283859677700813,0.01543646037134404,0.05243215401794292,0.0028141074977694252,0.006816668707400631,0.006334246504887429,0.06621810808965851,0.013333935333949352,0.005269586213795434,0.01174600244223038,0.005249710143640661,0.008174828012591595,0.0008497675754483397,0.0015563976165214133,0.007285761726949028,0.01890464143811223,0.029487048190707327,0.13599321812301063,0.013285302306996663,0.007684000786688169,0.004641033712913473,0.0001823218198164407,0.038782364522032126,0.016153435264888934,0.001077641018667673,0.00034210065513901207,0.1230597834232768,0.0007380407723779998,0.0010448482589200847,0.004344764051142884,0.00012694625259820295,0.0012130603568501605,0.0002662636314875755,0.006395287795689475,0.012069646567194649
0.001523247223293557,0.017084083385175974,0.0017044114611347453,0.01521562326198631,0.0011228082089162939,0.09017105836238337,0.00022068625849206444,0.0007419359753852179,0.010922846053811438,0.0014933438634280943,0.006617843674642193,0.014463775980925919,0.00025069698924590553,0.1607594614124653,0.016557279276107097,0.008551990943776937,0.003835261931610239,0.046466394207446055,0.0019989055259663916,0.043359019869095766,0.11613458171403279,0.005153404373134299,0.041816306900510546,0.005145568591672773,0.007775952778445057,0.016974576390860426,0.005490647256791173,0.0037196324829801212,0.019888179915306555,0.019339457279990365,0.001401995913991139,0.026112441707518537,0.0029841925874182036,0.009908132068251679,0.002608150387269273,0.04532556773473647,0.01723264955742233,0.0005013642062841068,0.0007101329971195592,0.0539739022088445,0.0004172749529586721,0.00084151835600955,0.004823175900757846,0.03103466040075285,0.0019127858933909708,0.008871785936963864,0.007118748829499503,0.005318117108413137
7.995356744474089e-05,0.017162290621744833,0.0015770446086887863,0.019953188725730757,0.0007500239714128415,0.06768589687997228,0.002043952706621871,0.008248777056597075,0.009570691847620832,0.0007368027429017131,0.0019705219551765744,0.015245886374731786,0.00028494667924728614,0.0538450507581523,0.02306474016629072,0.013007386642749625,0.004132427576741512,0.03355156916907581,0.002018124754452851,0.034959023724121824,0.22435300978218564,0.001622618398699998,0.0039426803503896,0.0051374748990988,0.008318462813052771,0.0004385409660588583,0.0005777483581570018,0.013134293029670296,0.02904950907956556,0.018667646275659457,0.005432619688385348,0.04768252179325456,0.007496671644903964,0.014261219130233689,0.002705308602354803,0.04532556773473647,0.017558921574524725,0.0058932656069161475,0.0002982657321998797,0.005301615000984991,6.41493780063943e-05,0.001271456578039618,0.0004994514705726823,0.03732544470791179,0.001199532546052681,0.011154454974471456,0.00614689441163152,0.012920557313682954
0.00021642502775210906,0.01746388474549399,0.002221435047679242,0.0016344370327240924,0.026406817606913862,0.05217018473189946,0.0015659711381834196,0.001245910205626491,0.005485010450944884,0.00220352406142084,0.0026720088835491705,0.005249466927487777,0.00035299969722347725,0.0022877342597904943,0.015504258057109315,0.013169655024963225,0.0033714823231753305,0.03340235593074056,0.004076953612015234,0.06403095785926641,0.01821529904297039,0.00511753333123822,0.018655891376285122,0.005232307710209063,0.008321993566261973,0.0011287175581059091,0.029416694565419642,0.011855872873701497,0.029138477097576665,0.018202908941835145,0.015009594994705236,0.018951858089286247,0.0032040485542426116,0.002321063252209446,0.004393049068055418,0.03781532989271192,0.018531403521846526,0.0014877064439707175,0.00027869628730612056,0.000603272381014208,0.00029227902323965445,0.0016055398113294737,0.0008223582121188395,0.04459858174837607,0.0014694581638206403,0.009091239685291573,0.004820252727150958,0.010435398145261012
0.0015649085181897342,0.01586370547818461,0.002617235668830321,0.017935492704811522,0.0006829288179130266,0.05376197533754684,0.0025876463386632497,0.008330434883655207,0.004095934382621491,0.0007240651092542774,0.002750887701034305,0.005600108608628757,0.00029756612875763056,0.0036091294868294613,0.01658350573504092,0.022417596596174018,0.003903803560036351,0.00014506562574288328,0.006589332184944065,0.0651123643807363,0.083815117123446,0.002276772534825532,0.04055694182216987,0.0052107130725404325,0.00834236472794864,0.0002864254353661475,0.030601824591694457,0.013040822933622832,0.015601510734213841,0.0052817732842029815,0.005101757631880193,0.024721783143632093,0.05406180723969642,0.014873393274372737,0.00245006428874847,0.06374299018093821,0.01616459457711586,0.001780876669140763,0.00119838470641159,0.0033998617839369446,0.005190118795076456,0.0006729220520451688,0.0010254620895394947,0.02218831075052411,0.0012313597804944816,0.0010737987848434705,0.004926420515705892,0.010767571396110941
6.450206764081407e-05,0.017162290621744833,0.0016013396874958946,0.04354553053519968,0.0015783315892856135,0.16236656892237059,0.0034014050742193383,0.0007888092166776876,0.009759033733326157,0.0011609057883955824,0.0025786327846183442,0.005231744225577118,0.00028494667924728614,0.05503091788014101,0.015299795515545066,0.012859704257382306,0.004562575653691397,0.03355156916907581,0.0019427791999342848,0.043359019869095766,0.24518186431032316,0.002052391992808303,0.041659778397036974,0.005143877704118102,0.008318462813052771,0.0002494319118754372,0.005432179278879642,0.01311005354767376,0.02904950907956556,0.018107675358649874,0.0004985621473755985,0.0159428381146701,0.004569798312430973,0.0101783063557112,0.0024571592668941587,0.04532556773473647,0.01722423759789628,0.005963381094270135,0.00025131475159977877,0.0058582640388979805,0.0002687276654625625,0.001156515713428213,0.004416139023983273,0.015033512559381144,0.0015057459234625477,0.0002308491284809906,0.003278887227073729,0.012856385751084045
0.0015370758979585616,0.0066481637922429304,0.001972427345014457,0.007886648887111384,0.0011164641332772856,0.07634647871387763,0.003366003445687255,0.009276197782580996,0.010258907567606702,0.0007904273597311656,0.007362141235471777,0.0053032346904690756,0.001195534454377644,0.04142428772554907,0.0180808616817367,0.05381895556285968,0.002990569465608469,0.0003765881086097954,0.006250797702138024,0.03451212422157268,0.08543225508791513,0.0017147903010558112,0.040908254291197196,0.005168238566010627,0.008180919392773127,0.0030993436431274333,0.005440856882445064,0.009740750023421941,0.031300301124277306,0.012732376161657703,0.004770644675863189,0.01337049966431419,0.007730566175038629,0.01484976793716326,8.610252931231968e-05,0.03754141018984718,0.01872066432861568,0.00241618766519949,0.00033941043581186035,0.12321019847263132,0.005991221405627696,0.0016097792636500983,0.004547782951547646,0.004112323659632025,0.0016914292751604243,0.0002711714485118169,0.0028914976910529794,0.009071567207077151
5.9131818166289763e-05,0.019565166231795616,0.0019078223165319714,0.0010995756514557528,0.001088577204352623,0.08817389464240008,0.0033596667401493935,0.009080204966824849,0.004610941142484291,0.0011564287479912578,0.002547800046208381,0.015281345943345497,0.0002851015459337379,0.05502133574736105,0.015282024104128156,0.010899990110021459,0.004455949349178029,0.03365210942795541,0.002002835837440547,0.0011556857598955979,0.23676994880997945,0.004575631952508702,0.04165141306183515,0.005144499112764556,0.007825622738088577,0.00048426009284018056,0.0008564883463032934,0.007321989417769259,0.019006230815496877,0.001988236468969359,0.004522440784502856,0.013857373166985397,0.0015908327109850648,0.009879574390399973,0.0026875987516583716,0.03474129578643648,0.017359056111209695,0.006003728820516494,0.0001937694233416174,0.013442242778798822,0.005939281736553205,0.0008036087121548514,0.0004991933764049883,0.03321359371751523,0.0015099224344314855,0.008768650378188012,0.006205059424912618,0.012860714791408889
0.00023921446459310202,0.019141554739683903,0.0017391434764041087,0.0014966583203858568,0.0019969748918339672,0.09068833456212415,0.0034783643689129794,0.0018232275866544895,0.004347235805243951,0.004414301439106664,0.002300298042144383,0.005220105496732973,0.00028763828457588586,0.009409019170041628,0.015130738085866506,0.011608239271337775,0.003682497465350725,2.152167011496703e-06,0.001969400559708468,0.04671445478152352,0.05411409396163775,0.0109018483503267,0.04761465500385745,0.005265857474310714,0.007832827548874093,0.0001722207777463177,0.005837833014997698,0.012937411699752325,0.017581993920899826,0.005388736608528495,0.0013902478635523406,0.0249448883685393,0.002553372087743881,0.014834497070179791,0.0024828425301546457,0.03869270364759239,0.01757160746015508,0.0010961402653721368,0.00025050934663908126,0.008419040603168929,0.0010817082972652266,0.0012551310697469034,0.00034497663334994973,0.00594196249746416,0.0016846775407875912,0.00018605224848931937,0.005673445368981846,0.011220562987255102
0.0003500704677464328,0.03511209653947074,0.0017385117599606112,0.007008572796352423,0.0006963441225134887,0.0567323544638279,0.003474377630962619,0.00873311104410361,0.005055512789186055,0.0015978280016514935,0.014920479630037587,0.03574065417260878,0.0002824706263189157,0.16865489663770375,0.016154263318837812,0.013021859494686608,0.0036894129215393166,0.033366044890825605,0.0019462258118285308,0.044301927580713205,0.07933307703317473,0.004876939408492723,0.04091580493691548,0.0051510362950728346,0.00830355363309117,0.0002512503454261694,0.0006160510114496852,0.002655275461502896,0.02993395143770353,0.018097758166565895,0.0001293298753722162,0.025823852817435138,0.007772570607226068,0.010219196652646242,0.002891656065612583,0.045438699911188055,0.01759521949276261,0.012623235227566972,0.0002899652043167409,0.007797906995270753,0.0003636345835948836,0.0013478363125592476,0.000510957072429861,0.0016810779132405856,0.001238465112613157,0.00021645709911653332,0.004974950373397101,0.012096394328930045
0.0015499164453930405,0.01976997452624568,0.0020237409287816835,0.0014966583203858568,0.002530442821811406,0.08929454076578784,0.0016001135916581906,0.0013222444063728423,0.004335781495655312,0.004314455849501401,0.0016269829752691188,0.005220105496732973,0.0002484298564831704,0.1596308374598047,0.0012947622249848134,0.0012449219246213616,0.00045990809346064653,0.03394003411994511,0.0059178633597779,0.0009859167667610434,0.016505490602310727,0.0018334269019508766,0.029315686196291005,0.02306466816691949,0.00782106617653205,0.00041270619171120723,0.0010741612834851825,0.009380158597408284,0.019453508593527943,0.013182766829799502,0.0027942593621816023,0.026224987822223596,0.029335471420996066,0.014724312365602614,0.004371176755699842,0.030482698869458074,0.01906382536925742,0.005761363129621314,0.0003057275636104636,0.0036643730686197334,0.00046982975088107667,0.0012219154760149844,0.0008761270219457954,0.006328087524018686,0.0015214958601600483,0.00018605224848931937,0.028253237586883095,0.009007826649183103
0.0005850535321404835,0.01794891810243654,0.0016383365217594792,0.0012017368783964737,0.0017113554443774531,0.023652290865164252,0.0034040570040853894,0.021660608623023242,0.004620204195127152,0.0014577608283337688,0.008348003529976075,0.005557655777443259,0.00026967086522816023,0.05206883261762161,0.017436509045585885,0.018509916990475717,0.0036011765243018543,0.0012629972242732476,0.00647520012987059,0.0029221800910726008,0.02185438924064487,0.005270688736292434,0.36340546509448735,0.01541647993821605,0.007996223766016589,0.0003538495911599429,0.005358220770792493,0.0037031919771714538,0.019710343816979677,0.0053890676117356465,0.010460614356166251,0.02577643002782417,0.006661848297792934,0.013762458352841242,0.004394722837563774,0.046959495664780276,0.017238291321494115,0.0011058686822137185,0.0007227661050298883,0.008719769887521756,0.005520585899394506,0.0013132133618592437,0.0045135188560641625,0.0020759027727095952,0.0014953386618940328,8.097594651539086e-05,0.0055904606140320355,0.010720811416960232
0.00036453026043184423,0.007560767013183726,0.0014661249925664766,0.007978767595349337,0.0007129369752296286,0.16667487025838718,0.0035078374857387268,0.008313875712502175,0.005196421923291806,0.004400056839728413,0.0026616846125342855,0.014087572429333416,0.00043397207712124464,0.1579633954958184,0.016166498715273633,0.0009289947989758653,0.00037577225845466904,0.0014226787637898041,0.001723726303049049,0.044498823824475744,0.01412997270655783,0.00953467723396152,0.05121500368446329,0.005258366016727185,0.00829813880526097,0.00275163900212268,0.0014843690185464935,0.009210413360422547,0.02199360919050611,0.0011997568788019788,0.0014451613834727528,0.02534568651806267,0.006836181777230809,0.01484976793716326,9.184822614384395e-05,0.04000231189098813,0.018801655190135713,0.002471497050798528,0.0002684284360191442,0.0010308932763751014,0.0003667551193202167,0.001267561038537722,0.00036110758307974724,0.004098586753253226,0.001751811406353484,0.0007916320694581229,0.0035903116686381285,0.012092673691601398
0.0001442359741115483,0.017390078674368016,0.0015267976607485016,0.014811129919103388,0.0011048332971229065,0.015576413334598957,0.001600325125328589,0.0009044578509865149,0.010127197832506185,0.004281886045413374,0.0021486195547027625,0.005822964727555879,0.00028969746008247933,0.005259793417322661,0.014230684243855202,0.0003603590343701883,0.004120670986879357,0.00020419083486419403,0.005915727153926107,0.02499822541758283,0.08274487941683722,0.010347409527402828,0.00889361665859141,0.005209579586040063,0.008188756916396612,0.00041489510025623135,0.0004106339205473816,0.009009009199497842,0.01838664975183445,0.018501041161788693,0.0010235199409328857,0.048647614162903266,0.003984350809056767,0.016540090288352696,0.0036310556370641707,0.031483234123400074,0.016844965569260597,0.0050016160231089474,0.0012604516568203408,0.0038133317154691706,0.0008364591351942845,0.0012354550255470676,0.000873610355092396,0.02332153844198509,0.0019163979402745698,0.009502436454420483,0.004961896976738834,0.009076510277331444
0.0014069541347823456,0.008423369511875865,0.0019078223165319714,0.008297020485177671,0.0010562739597794989,0.026434017170257167,0.0033590158843181794,0.0011439070476416463,0.010547137502192907,0.001137895055711646,0.014802378722325572,0.005293194988692217,0.0002972449650292465,0.05727345283449847,0.015433252518721593,0.01280746703920823,0.00444087217086373,0.03605664463778306,0.005757344558179708,0.0007230252862155742,0.014171994795089954,0.004760469844974485,0.04124774875105985,0.0051444737131361735,0.007719759630943385,0.0020895503174588677,0.0007893390677640101,0.009320633427600877,0.019004400349902646,0.004739407570593046,0.004522440784502856,0.013857373166985397,0.003293919497694449,0.014829569411386195,0.002403384795805534,0.020282117173423438,0.017245805171073554,0.005426489588220384,0.0006413020159084107,0.004336467699680793,0.005986226068646101,0.0010758102639558782,0.0003396412981116143,0.03321359371751523,0.0017072155406783309,0.00024982342234300924,0.003254237533042003,0.012076890332449847
0.0015822082577212936,0.017784147144659,0.001900368011226167,0.018738763053111843,0.001174659584607459,0.09273621988228073,0.0035099283689529097,0.007519098445944068,0.0032236658228758427,0.002223865075249871,0.00698864766696835,0.001325386272512781,0.0002585078444739245,0.16045061907045066,0.016533553038296366,0.018754345376201,0.004135710256406281,0.006683031433823258,0.006519308027917963,0.04328321287287122,0.01331835908440239,0.0050572029012551966,0.017856220770832525,0.0052158366412782394,0.008339339403183241,0.000726508395957547,0.00073054467541572,0.004427213531380877,0.019198414620108125,0.0045244591527070135,0.01546117744818658,0.0459893693657357,0.004646898759777704,0.0012723246913465634,0.0036246233752533735,0.08345366151718984,0.017279662437785597,0.0023972270473152524,0.0006941782230098675,0.003682977753834693,0.006245618380011603,0.0003209696777759227,0.004617579335350569,0.0011959746075219403,0.0010362429173712325,0.009296875648757008,0.00627831452797267,0.01052105231266692
0.00026095993825169336,0.01739171372201589,0.012107214990982438,0.0014729148914198814,0.0011775227189506489,0.08999743790734675,0.0026931539233433434,0.0009066623826470511,0.004350963846680844,0.004384496712544029,0.007160481548064628,0.005835215916000646,0.00029766828208558786,0.16049759240759012,0.016752670908507405,0.018643889787917048,0.004121797392604845,0.00021271288296167284,0.0018059610246847235,0.046490870195618185,0.1235679042207908,0.010091206475705517,0.01765677092977684,0.005215898624153631,0.008242627442416177,0.014173287925047979,0.0007923029726397766,0.013314611203116592,0.0171268244851415,0.018075239584173036,0.0013159911399612352,0.046383674820479365,0.006790934694953485,0.01347522860471385,0.0036409274828740055,0.08569385805460758,0.01610391839648089,0.004916193712555058,0.0007200338157171376,0.00757928429597694,0.004701194932454201,0.0008514853025449689,0.0001818296469403521,0.0011917655488108512,0.0010347286483618299,0.0014050583821658873,0.034903100429540104,0.012631537814173883
3.854924249554757e-05,0.008612443081535488,0.0022131634325670488,0.01529417243715616,0.00015006364850858253,0.0999292262348207,0.001457608523122131,0.0010692420862426844,0.004839158106704582,0.0043917610905622705,0.002040288786392111,0.005283368708286827,0.00101872344157199,0.05497322138527077,0.015444139072519712,0.012856767816985356,0.004429277768256739,6.50648070209649e-05,0.005741062337124259,0.009849403852567714,0.00970127061477409,0.004760469844974485,0.04790772739177224,0.005143294105811498,0.007710907637339232,0.0004196948284979257,0.030387810807067737,0.011204835333626975,0.02546125737741372,0.004827357789574599,0.01043982258758772,0.014017478841884621,0.003111851682759437,0.014165141668220473,0.0022998465050009186,0.03427761555562346,0.01717060468994707,0.0007018221627418026,0.0002374913152707106,0.003399317585423141,0.005974520763903638,0.0015684159588742052,0.0008486651816189932,0.033465736718899006,0.0013703806156621283,0.00028881913855479047,0.026585259127908697,0.01206731544161118
0.00035550152929127166,0.03443319914354365,0.0003510441010961909,0.018957195948245867,0.004714465466731211,0.15779633145333227,0.0033146758582326638,0.00115562942950607,0.005148481905105058,0.004306235292585181,0.007252964777269115,0.0017540028837540692,0.0012497442570522767,0.16636079114451785,0.019255636243451953,0.019764313171942858,0.003938900246866786,0.03325083259993504,0.006248858193798225,0.06572503633039085,0.018080037265778136,0.026296249926639037,0.05058793042263064,0.005205216038253381,0.008365811708679848,0.00033812176935289664,0.0022718028467331283,0.009870566572158092,0.017039336902403654,0.004771664380679068,0.007100701408922543,0.025014389747849305,0.008054674043878832,0.014848984149789966,0.003565544424207113,0.04830672474186362,0.017562122450209033,0.0056073571787704,0.00032363244748051615,0.12069640974646523,0.006111746920908568,0.00018744763315849618,0.004571346914502349,0.0014439311212052323,0.0012431580616033117,0.0001943543998621551,0.003254555938897242,0.010311620544616658
0.00015299762379083234,0.017514572549188454,0.0027226425083540706,0.019207155714174137,0.004594438183036721,0.1670591391086121,0.0016836340731136543,0.0008750756518725305,0.004900622062897328,0.0007638566031123195,0.0021482133021166715,0.014854703287062697,0.00013234465480853704,0.043347593456985495,0.016745863084505788,0.0020834697550988386,0.0035256901204378573,1.1316565823983084e-05,0.001954459402964223,0.04347318765484513,0.22331152119877484,0.0016141990128804786,0.04286120728757263,0.004568251424993882,0.00776866312483477,0.00023941192338029077,0.005683266118135051,0.009666315669327937,0.033511867503245356,0.01868076223966176,0.00033115126457107904,0.027650959204771848,0.0047020730139172556,0.010101763502143254,0.0024700686847625403,0.09575409647518901,0.018186266673424933,0.0005942621561424918,0.0002920934152757873,0.004375833216006511,0.0008721003124534277,0.0012239681737718584,0.000416515706438755,0.048961382315891526,0.0016095786739272098,0.0001310819709556231,0.006334243784807172,0.009043608020208527
0.0015703266428833042,0.01764441150502476,0.00271157060086136,0.0017894241360484602,0.0011047072640479715,0.05382696871959462,0.002691814230505675,0.009586393352997512,0.0030870943057244157,0.002430491724495961,0.007101757402816544,0.005837511426443725,0.0012012682264534059,0.0527041256117472,0.017434490326774688,0.0005180101244813642,0.003614715017443089,0.04767795915226728,0.001299949302197955,0.04338154734607322,0.0525945055624322,0.005170922946944333,0.011862383638617515,0.005210089002951052,0.007731060552289645,0.0007022859224313522,0.0005594106120352673,0.005196669536231682,0.019174784992091905,0.01867198472962768,0.0013159911399612352,0.02527628212399758,0.006789539271494689,0.001908561791723373,0.004339650572309501,0.03467709260348735,0.01906920430087011,0.00229708596289233,0.00033993632762677645,0.0037047951193477325,0.0010381830472924068,0.0012602391342773174,0.0004296398493085023,0.0006496056985720608,0.0019219082909995172,0.00918172141426203,0.007503090064631287,0.010481614144437415
0.0014982463480815171,0.01764441150502476,0.0026247787781770384,0.0017894241360484602,0.0011047072640479715,0.05347211727248791,0.001607407847034317,0.0008640028581458701,0.04123254427163888,0.004408538434453804,0.007101757402816544,0.015214948988500062,0.0012012682264534059,0.0527041256117472,0.015536188315937617,0.0007017513077628673,0.0036311221973550074,0.00665647142617157,0.005917766868449751,0.04350835494717548,0.0525945055624322,0.005170922946944333,0.011862383638617515,0.005227036943402503,0.0077912449086313,0.0004096604324531195,0.0004878891042707469,0.005196669536231682,0.019174784992091905,0.01867198472962768,0.010845096490923342,0.003022991554772078,0.006723634097074591,0.0001953272297742642,0.004320421689007547,0.03467709260348735,0.01906920430087011,0.00229708596289233,0.034814255448442286,0.006110233505760808,0.013137483952132087,0.0012581384921801439,0.0004296398493085023,0.0020329040656674215,0.0016161653320265145,0.009033118060739517,0.007621524428592566,0.00909718183530903
0.0002433460301785162,0.018800464614194934,0.0018942662508311117,0.015164013208077056,0.0007295121278755345,0.09485107347278354,0.003472677165992265,0.0007266433032716217,5.0027200930236656e-05,0.0015921088826184168,0.002733431532959369,0.005598567518461254,0.01279558954141026,0.04263372026165149,0.014389187681209635,0.010931938765911732,0.003952676438298877,0.00659229854235026,0.0020554189846708534,0.04396078948465059,0.07758279676089345,0.0003946079335365939,0.011524966778687189,0.015334111260985238,0.007753123647667462,0.0008411141428680701,0.005620478297518587,0.004091433056222017,0.019141005382750608,0.0054203574646238505,0.005150967810505433,0.0235080933411623,0.00772650847872264,0.013672571090145304,0.002277421078938537,0.047219458338815676,0.0047528278995446925,0.0025789634427007347,0.0002871165030452167,0.00859564874079482,0.001147247486660016,0.0012370532385371,0.0008696252404521907,0.00013189982364142177,0.0012223005530498654,0.00013387004027085904,0.00494023016206391,0.01123055856851862
0.00047601045632680405,0.01867502356369543,0.002691650742567804,0.0017894241360484602,0.0011047072640479715,0.05869504178745074,0.0016001266450962918,0.0005702197013933751,0.009522356183712097,0.004484622911947863,0.0027569759701255485,0.005835215916000646,0.0012011229589601493,0.0527041256117472,0.01750842826675282,0.0005180101244813642,0.002726141353793156,4.046697287674396e-05,0.0062566519650511425,0.03482170538413609,0.015872602614980684,0.0018267573788406407,0.013758380093835768,0.005264779528190428,0.007735662787628865,0.0003982510087970348,0.0011778025006544193,0.005253937847530045,0.026473985224950265,0.019110168910350847,0.0013096288380595766,0.0030905716961893382,0.006789539271494689,0.01425877597694338,0.002490238912623491,0.0372119435040303,0.01906920430087011,0.0006124644090153953,0.0005379935097863931,0.0046871651629840725,0.0009252078562728273,0.0012216791345454503,0.0004210130175243264,0.04571188898160357,0.0016803120528853677,0.0004141992313112207,0.007765990036973534,0.00902805468759656
0.0014069541347823456,0.017607491020242,0.0019078223165319714,0.04461704083739315,0.0010562739597794989,0.026434017170257167,0.003360179892703104,0.0008782658769547202,0.004903625402059504,0.001137895055711646,0.014802378722325572,0.005293194988692217,0.0002972449650292465,0.05727345283449847,0.015433252518721593,0.07239611109348681,0.0039216480225624985,0.0011320902272335294,0.005757344558179708,0.00037254692287656127,0.08220809897859743,0.00197306742641621,0.04124774875105985,0.0045866295604788275,0.007719759630943385,0.0015483838627046945,0.0007893390677640101,0.004500694476857841,0.019004400349902646,0.004832462960946026,0.004522440784502856,0.013857373166985397,0.003297849020451254,0.01475369179258113,0.002403384795805534,0.017755382909828317,0.018195529371860666,0.005426489588220384,0.001243348049418406,0.0033081502269060557,0.005986226068646101,0.0010758102639558782,0.0003396412981116143,0.03321359371751523,0.0017072155406783309,0.00036171003011407573,0.003254237533042003,0.012213535004137783
0.00035550152929127166,0.03443319914354365,0.0018295058641637756,0.01888908999441985,0.0012279914931313067,0.0971726223997813,0.0033146758582326638,0.00847750475866404,0.005148481905105058,0.004306235292585181,0.007183445399534634,0.0019193419443695964,0.0012497442570522767,0.16453318845729759,0.01426030347768615,0.019702862983327848,0.015480666721527196,0.0354230917788117,0.006248284401988981,0.005589093364974696,0.01512712189520346,0.034995521299027596,0.05122552126521639,0.005206640940332349,0.008365811708679848,0.00046565919761399916,0.0043139832135045235,0.01323123946932563,0.044630399171288374,0.004771664380679068,0.007100701408922543,0.025014389747849305,0.008054674043878832,0.014847896587125457,0.003602259527571021,0.031918957148874605,0.017545458150701625,0.005739992832909463,0.0003241985939199761,0.12069640974646523,0.006111746920908568,0.00020556858275730416,0.0005011670888189377,0.0006730826562659845,0.0012431580616033117,0.0003869701938415964,0.0032979409046042336,0.010311620544616658
5.9131818166289763e-05,0.019565166231795616,0.0019078223165319714,0.0010995756514557528,0.0010639941098371502,0.08817389464240008,0.0033590158843181794,0.00921962184866433,0.004841669711373452,0.0009923385636518857,0.002547800046208381,0.005219132251896036,0.00024936344797868903,0.055023267974476715,0.015282024104128156,0.010899990110021459,0.00444087217086373,0.035986112212041524,0.002003260726418616,0.0007230252862155742,0.007519478029561481,0.004575631952508702,0.04123913976817431,0.0051444737131361735,0.007825622738088577,0.00048426009284018056,0.0008564883463032934,0.007321989417769259,0.019006230815496877,0.001988236468969359,0.004522440784502856,0.013857373166985397,0.0014946237030511824,0.014128860950379026,0.002403384795805534,0.03474129578643648,0.017359056111209695,0.005426489588220384,0.0002373930985035085,0.013442242778798822,0.005939281736553205,0.0008036087121548514,0.0003396412981116143,0.03321359371751523,0.0016946780277632125,0.00013565750421820795,0.003254237533042003,0.011220270892299187
0.0005969789899930957,0.03565192985834162,0.0069238158020749445,0.007277393564676655,0.0011783725917241302,0.09684423478870252,0.002596264720836155,0.009410455393240029,0.004748781277411849,0.004430335003386979,0.006414152324331287,0.005233289745423799,0.0001572074899454057,0.16865455558570613,0.014247319709076278,0.018103052473700153,0.004119546013620837,0.03315549080997884,0.0013635942280893114,0.06515511968428668,0.08096873723840498,0.005388435857019709,0.0512200541561983,0.005258737226695234,0.001408862499813571,0.016213452367706018,0.00042237274280128377,0.011596091409065448,0.02202208808742933,0.01848140014748653,0.0993002934303749,0.02558896316205789,0.0031950967128299233,0.013476488816195677,0.0035550531423491254,0.0841429213031158,0.01860339722427218,0.0054925388102813385,0.0002917654268894685,0.009343403528982545,0.0007803891059424964,0.0013484371714232786,0.004779086093712458,0.0017956396552455114,0.0015293123845009824,0.00033657381561207186,0.005090103167889378,0.010722496196764658
0.0016197912267582452,0.033637526481016526,0.0014955026599320121,0.0011875175703657198,0.0011667008908318366,0.15830466764617854,0.0016298611257539492,0.008322679890429539,0.010424707029788599,0.0044195936038695545,0.002608728312965943,0.005835215916000646,0.00028711082802632067,0.052686048003938966,0.019247526944545686,0.001179681746579164,0.014626705072957553,0.00029968704956089345,0.006249382327887746,0.03607961064818516,0.014720373498118684,0.009968926055471256,0.01644785409100394,0.005258316105589805,0.007731060552289645,0.00024616765881069755,0.0004112593766426569,0.013062021806238482,0.021994824825661438,0.004749956461896799,0.0014472685616564985,0.046383674820479365,0.006824837051456701,0.014949754931378035,0.002424219957684982,0.03973327516197993,0.01756664125568967,0.0006217372256676935,0.00033947460951304576,0.007572444373178143,0.001090875164090726,0.001259546219354284,0.0003364973732015216,0.0006896406037958819,0.0012441078356308023,0.009190586561265252,0.0031034233365256968,0.01266316045981411
0.0005857435245052964,0.017965747360176504,0.0016383365217594792,0.0012017368783964737,0.0010462293221112694,0.1590390102783602,0.003404919797441863,0.008806012620719589,0.004743392300444558,0.0014577608283337688,0.002749674639415741,0.005551350509241997,0.00026967086522816023,0.057427272865473944,0.11237302354051967,0.018325240578742016,0.0003190046236043048,0.033552812404671915,0.00647520012987059,0.001001874668249865,0.07697143166803194,0.0052672484789819665,0.04183547381312428,0.01541647993821605,0.008334141015034541,0.015877727342358944,0.005358220770792493,0.0037031919771714538,0.020159025126444657,0.0052467422919761746,0.001758317417599325,0.026200554972970927,0.00683454076235036,0.013687520229520604,0.004394722837563774,0.046959495664780276,0.017238291321494115,0.0011058686822137185,0.0006677715430040643,0.008719769887521756,0.005520585899394506,0.001320849242449519,0.0004997082276793595,0.0021227628767031825,0.0014945507345307545,0.00906913451092551,0.0055904606140320355,0.010720811416960232
0.00020406739483759908,0.03360622212550567,0.0018158112020446246,0.01888908999441985,0.0011105998388832737,0.15805482937328508,0.003275067054844997,0.0009922864261673425,0.0051722642001837855,0.004306235292585181,0.00761137952813553,0.0017540028837540692,0.0012585763899579448,0.15979293282482845,0.019082780713636997,0.0018124707578021093,0.015549295645791755,0.03325083259993504,0.0020261901914573506,0.04401932675953199,0.01512712189520346,0.001517446423747293,0.05055836976917817,0.004575572324014257,0.007765663149420682,0.000413045230665094,0.005400059543321662,0.01301415242495157,0.0374505781926328,0.003971834006646728,0.007087141401463781,0.0266378871731784,0.008054674043878832,0.003442200214354533,0.004323709686001268,0.032106339495060185,0.019136179113005504,0.006580868061015323,0.00032358501404920254,0.12572700941955642,0.006111746920908568,0.00018744763315849618,0.004571346914502349,0.0008028187278997373,0.0015913684918523773,0.00038649613055588615,0.026384179997643746,0.010321045259605262
0.0005969789899930957,0.03470987114936062,0.002167342806184545,0.007603558502045567,0.001104003132927332,0.09633312647428799,0.0026191439867671905,0.009442768046329078,0.0037452334883567463,0.002305723100007908,0.006998451884296226,0.014726044938361233,0.0001572074899454057,0.16865455558570613,0.01424998746568866,0.011749222547443082,0.00398863703415686,0.04641070839977304,0.0011761026273346417,0.03389461203582207,0.0809537854781697,0.005057085852829001,0.04083953987849758,0.005209373055034093,0.008146774846404659,0.015819755153064146,0.0051831409049712725,0.004497020488621889,0.03016812980709114,0.018386844167288852,0.10292898196602021,0.026208563097004107,0.0031950967128299233,0.013476488816195677,0.003550802601097815,0.08422284668715233,0.017258300842446023,0.0022459915927665226,0.0002919870936087745,0.00786144099718212,0.005415194354873445,0.001346810149341323,0.004581891651140602,0.000667599337779949,0.0012422427602231541,0.0003698118146944684,0.0050419086438084895,0.010474319252751373
5.574049680997737e-05,0.017920424733181096,0.002071905332432494,0.008328192109753392,0.0013155036422910025,0.017503717508478935,0.003347522773024669,0.001068576637223419,0.004933640804172692,0.0014488533972805413,0.0016134596780160225,0.005710618522373311,0.029952138964628925,0.004014254055525416,0.015629147592147213,0.012748789181744786,0.004520686041412352,0.00024227773576005612,0.006284962011258081,0.06351289929017058,0.008911097298278822,0.003439957515357073,0.04387054157095757,0.005129470734534784,0.007995458955297274,0.0031849601117780266,0.026463750122766957,0.010591413270957145,0.025468024879280453,0.004847404898797588,0.010355177890614586,0.02576011225132616,0.0033461513391000518,0.014829327342489826,0.002489015570055208,0.047258763587422925,0.008893677578567731,0.0006529686050182459,0.00025795011729238496,0.01271621428947209,0.0006244656098761923,0.0010798124158529466,0.000873610355092396,0.06792354235012865,0.0016796420594209123,0.07497145672320382,0.00320370382609698,0.01144901921863452
0.0005850535321404835,0.017965747360176504,0.0016177633531212023,0.016112114138026132,0.0010608103856702231,0.1633074454951183,0.0033613471108255273,0.008806012620719589,0.004687610020336717,0.0022638557710853596,0.002749674639415741,0.005527515079774203,0.00026967086522816023,0.05206883261762161,0.017287094158372623,0.02190234235791288,0.0036016012416833234,0.03355285299030192,0.006249260210043498,0.06442281922914456,0.015279352068831579,0.004803592458931626,0.04123803753497675,0.015647650030971183,0.007707401519433203,0.016039433118931586,0.0007166355131137127,0.00355081804105483,0.021147889900718662,0.0053890676117356465,0.0015953945280466222,0.026217850787007908,0.006739944893857009,0.013616193203936366,0.0035551710194638283,0.046959495664780276,0.01724143192198363,0.0010661444208236504,0.0003258942285806609,0.008655195209964796,0.0060261707245356086,0.00024190414446895333,0.0045135188560641625,0.03244232601948584,0.0012416329402762543,0.009645526510273146,0.00562082709108462,0.004213095520183731
0.0004950584075294464,0.017190049058328785,0.0027067187918284417,0.01944230604190337,0.0011054035421182882,0.05379881098406341,0.0033250414967478433,0.0008750756518725305,0.004903856093154298,0.0007638566031123195,0.0020269380719243244,0.0011100977359301033,0.001177663029911178,0.04334653775463113,0.016745863084505788,0.001622258440182234,0.003902951004858367,1.1316565823983084e-05,0.0020129265787768155,0.03469140897883845,0.08397405831398656,0.0016141990128804786,0.005685746079277625,0.0045726945298199895,0.00776864351586825,0.0004131008240749885,0.005620478297518587,0.009765853228778272,0.015618016948519754,0.01868076223966176,0.0052697690667921435,0.003127264341476881,0.007739883431913187,0.014189224638122106,0.002298370979954197,0.09290127223993991,0.018186266673424933,0.0005485794427554612,0.0002923661323107441,0.0033673641448352548,0.0008722837243376217,0.0012219680293764513,0.00042010599129800185,0.0017142303827580622,0.0012005747243502263,0.00038110042499419337,0.0049908679662805855,0.009043608020208527
0.0003867977246475051,0.017175477531264735,0.0018639294673566357,0.015557488205190435,0.0007872077148371624,0.007461166549658692,0.003383048852649414,0.0006548016195459481,0.005053286313168376,0.004278480140385981,0.0020269380719243244,0.0005769426331037868,0.001178840038103483,0.0047839942287588415,0.016779540359679185,0.020316036015354654,0.0035018021235516516,0.004329808186077151,0.0018742421877007893,0.04369483523700553,0.08397405831398656,0.0016141990128804786,0.005685746079277625,0.005049209060023566,0.007769481234020417,0.0001902624502196429,0.005620478297518587,0.009765853228778272,0.015635520692408165,0.01868076223966176,0.010587455712565887,0.02499982171946901,0.007739883431913187,0.014189224638122106,0.002482278784805412,0.09290127223993991,0.019029985460519178,0.0006331113241759103,0.0002923661323107441,0.003399861215405967,0.0007069677901688195,0.005575585372276661,0.0005209539423428018,0.00012600184191782706,0.0012256312329040418,0.00038110042499419337,0.0049908679662805855,0.011418249608766686
0.00021383436396144053,0.017529687110676775,0.002071905332432494,0.015644893400821844,0.004704833743660536,0.021347054655430447,0.001523866134765116,0.001068576637223419,0.004769677404045029,0.004411138698549221,0.0021450419472661144,0.0057349713348847165,0.00025393162726086347,0.006724996391398813,0.015477788465162673,0.012858126617775974,0.003653872284240609,0.0012158865328395965,0.005729026719288511,0.05945624076811558,0.018010212878716937,0.002267502804900519,0.3605626574727929,0.005129470734534784,0.008013777063293051,0.00041489510025623135,0.02884484227187905,0.010591413270957145,0.025242227319179463,0.004847404898797588,0.010355177890614586,0.025760257022229244,0.004065851757520176,0.014815213830242016,0.002489015570055208,0.047258763587422925,0.019063042484398825,0.0006196961184891134,0.0003223232753805326,0.006220358434625477,0.0007449345322353166,0.0012487293241438065,0.000873610355092396,0.03494519466357599,0.0015244694926564101,0.0002009593276568602,0.005631965826147255,0.011451376025416746
0.0004801973424149918,0.017190049058328785,0.0027067187918284417,0.01944230604190337,0.0011054035421182882,0.14467132135746844,0.003359059608845472,0.0008748470969340926,0.0043559799140146585,0.0007416489759114215,0.0026130311395253228,0.0011100977359301033,0.001177663029911178,0.041902288492789534,0.016745863084505788,0.018564739893961485,0.003908221664840727,1.1316565823983084e-05,0.0020129227911315265,0.06089553580504919,0.12237720441967788,0.0017852042490871895,0.006186124515166459,0.004579052143362297,0.00776864351586825,0.03782063233030465,0.005620478297518587,0.009765853228778272,0.1603842835178824,0.01868076223966176,0.00033115126457107904,0.003127264341476881,0.0068319373210302065,0.014287267994149398,0.002298370979954197,0.092898122410308,0.01823673974432506,0.0006396359531782836,0.0002923661323107441,0.0033673641448352548,0.004649632803732833,0.0012219680293764513,0.00042010384977390615,0.0017524128974353483,0.0012054698008980972,0.0013514843037094803,0.004990512814047788,0.009043608020208527
0.0015649085181897342,0.01586604006387201,0.002188810208909031,0.019310148647734764,0.0011707854654175898,0.09631666612896587,0.0024467926574158073,0.008620299303883076,0.0046916813952897814,0.0006877329322855177,0.00722781152689461,0.005600108608628757,0.00029756612875763056,0.025137665488212772,0.01658350573504092,0.022417596596174018,0.003906392311603722,0.0013494421538794293,0.006400897967490968,0.003685561636012632,0.083815117123446,0.0024169481724649923,0.04055694182216987,0.0052215177351675685,0.008339545887143468,0.00027833643753735337,0.004367338555630342,0.002530002085613958,0.015601510734213841,0.004483693726591975,0.018270678021255503,0.026219457903428067,0.0053105103544699925,0.013470407760777,0.0035150542021814258,0.06374299018093821,0.01616459457711586,0.0017045466484438868,0.0011480306842974479,0.0033998617839369446,0.005179569431174756,0.0011974083323243742,0.0010133659863853525,0.02701453637237733,0.0012313597804944816,0.00036276800745133086,0.004926420515705892,0.010746645720173188
0.0015657225922066447,0.01764441150502476,0.0026819204554093877,0.0017894241360484602,0.0011047072640479715,0.05347211727248791,0.0016001266450962918,0.0008640028581458701,0.0030494660912990883,0.0044141188276992805,0.007101757402816544,0.005835215916000646,0.0012012682264534059,0.0527041256117472,0.017434490326774688,0.0005180101244813642,0.003628161147988664,0.00665647142617157,0.005917478739267562,0.04350835494717548,0.0525945055624322,0.005170922946944333,0.011862383638617515,0.005210089002951052,0.007731060552289645,0.0004096604324531195,0.0004112593766426569,0.005196669536231682,0.019174784992091905,0.01867198472962768,0.0013159911399612352,0.003022991554772078,0.006789539271494689,0.0012616593046876163,0.004339650572309501,0.03467709260348735,0.01906920430087011,0.00229708596289233,0.00033993632762677645,0.0037047951193477325,0.0009924578019360648,0.001259546219354284,0.0004296398493085023,0.0017268388075514784,0.0019254641667387257,0.00918172141426203,0.007621524428592566,0.00909718183530903
0.0005864995580854416,0.01718163536465234,0.0018744030929902103,0.0011332870237149425,0.0007031165540125735,0.16781046504460057,0.0024413080436487913,0.003461850918817981,0.004922479944007555,0.004418591319458997,0.0033527671824767936,0.005844594906571878,0.00028692243459369697,0.0527041256117472,0.014319286628140596,0.03607263236295631,0.004121513748028261,0.033338450249726516,0.0024278672065424015,0.06420018133695403,0.05112528203833165,0.0033808604803071004,0.05287799076554689,0.0052211862827537476,0.0078532845395167,0.00024297758717064692,0.0008615183849954134,0.013097034863134478,0.023704822452213316,0.018088134033905887,0.0037318444148260604,0.01214071321027923,0.006806801508565963,0.014949754931378035,0.003601713443125868,0.04100518315111525,0.018563861520821293,0.0005251288390487091,0.0003021100627521519,0.007838685373606824,0.0055987468262561225,0.001259546219354284,0.00024732470515100285,0.0006423843270438,0.0012169029634333532,0.0017407561194481024,0.0049547771796426485,0.010745840131782716
0.0005576075488241775,0.017880878368534463,0.0016391425168943298,0.0009913368876200953,0.0010462293221112694,0.15757794397501043,0.003404919797441863,0.008806012620719589,0.004743392300444558,0.0014577608283337688,0.002043181178380697,0.0011156365968880287,0.0003143636847411655,0.07129998272406374,0.11540572499164062,0.018325240578742016,0.0003190046236043048,0.033552812404671915,0.00647520012987059,0.001001874668249865,0.07697143166803194,0.0052672484789819665,0.04183547381312428,0.0053290373067462924,0.008310666882707419,0.015877727342358944,0.005358220770792493,0.0037031919771714538,0.020159025126444657,0.018327706073999035,0.001758317417599325,0.026150442932212713,0.00683454076235036,0.014178747576132267,0.004414680092392518,0.03121287641053238,0.017238291321494115,0.0011058686822137185,0.0006539068628283099,0.0035239994046329464,0.005040001877067397,0.001320849242449519,0.0004996678567235572,0.002121689700095851,0.0014978814143849308,0.00906913451092551,0.0056410984182487115,0.010724868603618942
0.0006462479187545596,0.01718163536465234,0.002028249947345846,0.001180485834187131,0.0007018916491844179,0.16781046504460057,0.003438441879218903,0.003369862070649503,0.004744602707815942,0.004418665875359653,0.0020937229879161197,0.005844594906571878,0.00023201588606101202,0.0527041256117472,0.015514022472967366,0.0010983489246176393,0.003580359409937132,0.03334402335693075,0.002342371022541549,0.06453291337227221,0.05112528203833165,0.0035728574964879094,0.05287799076554689,0.005258316105589805,0.007736872772592242,0.00024297758717064692,0.0003682758164349616,0.004033918814711513,0.022005242004018072,0.018083509895480746,0.0013159911399612352,0.011554129312924577,0.006805776269877615,0.014983133442030882,0.003605963984377179,0.03947368792486412,0.019012137829346697,0.0006035019263992806,0.000301888396032846,0.007848642200232892,0.0009624839546158348,0.001259546219354284,0.00042918845680613865,0.04522631712575259,0.0015039725877111817,0.0003241012928601358,0.007789096363807046,0.010745840131782716
0.0005923749925704496,0.03470987114936062,0.0021376926607325725,0.007603558502045567,0.001104003132927332,0.09597827502850927,0.001527456401396534,0.0007373639249747977,0.0037076052739314193,0.004289350203467414,0.006998451884296226,0.014723749635322756,0.0001572074899454057,0.16865455558570613,0.01424998746568866,0.011749222547443082,0.004002083164702435,0.005417349860935814,0.0057937435521755055,0.034021419636924344,0.0809537854781697,0.005057085852829001,0.04083953987849758,0.005209373055034093,0.008146774846404659,0.01564209641231245,0.0050405983252116305,0.004497020488621889,0.03016812980709114,0.018386844167288852,0.10292898196602021,0.003963494812854544,0.0031950967128299233,0.012838156173372495,0.003550802601097815,0.08422284668715233,0.017258300842446023,0.0022459915927665226,0.0002919870936087745,0.00786144099718212,0.0053696488382439025,0.0013461172344182894,0.004581891651140602,0.0017448325355985126,0.0012457986359625942,0.0003698118146944684,0.005160343007770091,0.009089886943622989
4.571240851779973e-05,0.017552432171199384,0.012408714419968563,0.001927045275219746,0.0011774984818477047,0.09000889540113195,0.0027002558871327153,0.008957495113041634,0.0043324246983503616,0.00114164463685697,0.006784542613566201,0.005599078695086233,0.0002977002443183749,0.1607628518826331,0.016606649575009538,0.021919695356024886,0.0044363151890525684,0.033486316772494876,0.005734981446678202,0.04516618898430957,0.12540139260592176,0.005122934288475412,0.03503814564389621,0.005210732215583215,0.008340403072934367,4.959195666382626e-05,0.004432713900195012,0.010683386326061303,0.02130260167851832,0.019306742081056878,0.00039198094138241353,0.024700942337810332,0.002915213842042694,0.014832995415207672,0.004363459141303254,0.08399614054922576,0.016266212203375832,0.0011543034272821094,0.0007158142414735001,0.05313940402351985,0.006012635937137549,0.0008483431748165823,0.004538736297236569,0.0023011322959382557,0.0015149097405946145,0.00146652964279407,0.02862125212924663,0.012057837993425476
