ADANIENT.NS,ADANIPORTS.NS,APOLLOHOSP.NS,ASIANPAINT.NS,AXISBANK.NS,BAJAJ-AUTO.NS,BAJAJFINSV.NS,BAJFINANCE.NS,BHARTIARTL.NS,BPCL.NS,BRITANNIA.NS,CIPLA.NS,COALINDIA.NS,DIVISLAB.NS,DRREDDY.NS,EICHERMOT.NS,GRASIM.NS,HCLTECH.NS,HDFCBANK.NS,HDFCLIFE.NS,HEROMOTOCO.NS,HINDALCO.NS,HINDUNILVR.NS,ICICIBANK.NS,INDUSINDBK.NS,INFY.NS,ITC.NS,JSWSTEEL.NS,KOTAKBANK.NS,LT.NS,M&M.NS,MARUTI.NS,NESTLEIND.NS,NTPC.NS,ONGC.NS,POWERGRID.NS,RELIANCE.NS,SBILIFE.NS,SBIN.NS,SHRIRAMFIN.NS,SUNPHARMA.NS,TATACONSUM.NS,TATASTEEL.NS,TCS.NS,TECHM.NS,TITAN.NS,ULTRACEMCO.NS,WIPRO.NS
0.0016373853758743732,0.012030708023519304,0.0009383148179751218,0.17449856412129247,0.0011083768800133908,0.05481664412062541,0.002595540506017298,0.017418034903381605,0.00997915728642922,0.0008588601927326087,0.007206539078495712,0.0055624562456572805,0.0008191892183184248,0.01615026624640368,0.0421487050306841,0.012487007391186359,0.021899372391320903,0.03828273221658623,0.002231699099128042,0.004494681488898822,0.08551311290304564,0.004667358806071296,0.0008472886598637867,0.001628061988657434,0.0015650390622334188,0.027004780270301065,0.00539997838467382,0.005381621788737941,0.001045085361200071,0.0016118433813180257,0.0030608333843887697,0.032604225947143135,0.003931835981629288,0.0007763673054282869,0.0033062996908763474,0.020008495378151546,0.00739503146063517,0.0012479980162195406,0.0012781267168780219,0.0017325439053030552,0.0014429002835641286,8.702096572379232e-05,0.005120325594691988,0.035069028269444295,0.005156697077289203,0.007855004402492295,0.008640910161315074,0.010623738911453953
0.0031365203545459025,0.023821528561063864,0.0007578357896993767,0.008051092767156012,0.026639287077677817,0.04629741821419194,0.1402773980678823,0.018908677376270208,0.010170021826932696,0.0001891616693149822,0.007405952846794805,0.005700416433680447,0.0002480121519731741,0.007650041579568506,0.08632640716424475,0.024563191984065688,0.004294364283949225,0.03402728464242502,0.014567590940724552,0.12736083707717075,0.01854163075501169,0.004686452529796219,0.05250584722753556,0.0013697005669032563,0.01157030827807479,0.002506443523249048,0.0013153917889853857,0.006055261431158063,0.13453169431310538,0.0014665474047314952,0.007543902484736671,0.04863201391191408,0.006969995655128245,0.01508547694735718,0.0031865767321955884,0.024846900714456395,0.0058467378377579675,0.001204038109927947,8.266439749882344e-05,0.007778348085330299,0.0022504062486999087,2.187419106555364e-05,0.0002820019561587236,0.002275169400862434,0.010044431945569077,0.0020915381558007516,0.025382644371733987,0.01073016832256647
0.0013850729359816993,0.008218510891558315,0.002841855638872645,0.016045106327792,0.00042030178066726313,0.015065799451584209,0.0026170447323513937,0.00904235331372443,0.009763258440826006,0.001152027903557457,0.0008686527602687847,0.0003098647789124241,0.0009772831266619364,0.007973850537367197,0.009786928090749165,0.012553568278310128,0.004002561754706717,0.0332103097225247,0.005556476718843842,0.007293180473995214,0.0004280254778092612,0.004665415842807093,0.06483631936310222,0.002225346981652542,0.0018460076131011911,0.004088526087196136,0.0026349535880484326,0.005908309916512247,0.0023719087783232572,0.018956550758515413,0.0027401242043054645,0.020773264822150722,0.002153571198723995,0.014944791758918581,0.003196408723179063,0.00016919684197799767,0.0189701912967329,0.0005778325558589183,0.0012283497789593286,0.006730533439620201,0.005386131535622253,0.0003213950336080032,0.003361163808970024,0.007317411625301249,0.005090891696673936,0.0021622931698465978,0.006437988872230064,0.010273132202144047
2.676135964574443e-05,0.016019948456906383,0.0011088303209804275,0.007905933338802476,0.0008110963003073765,0.04416937288834989,0.1395924511713793,0.009221185469170216,0.009730931965159038,0.0035306161798731375,0.02598947942941375,0.104779638662444,0.001066525046495818,0.05694287380999409,0.18042050436013515,0.012562263560083352,0.00931891341035821,0.0340165660028101,0.00604720416491864,0.009470470479765224,0.016563342076414717,0.005113593080678892,0.05381335366382808,0.0054244321132985735,0.011676160605427761,0.026198702223168682,0.0025443888754210324,0.004584957575715157,0.000956191280894167,0.009012654836100526,0.003287559092776075,0.047796991672583604,0.0018159828584931662,0.014189762500541263,9.384856891814968e-06,0.019254364259949946,0.01731450133064409,0.005467330232206094,0.0012161572881724757,0.008918793377326054,0.004961217430997214,0.0018941913783912323,0.0012012768578208081,0.0327166894438189,0.0012733432055172331,0.002837146487470535,0.011277439085926017,0.011541973096194038
0.001613479389824698,0.018222810534814952,0.005192564149821395,0.008046957890507432,0.002277072533881838,0.202102108290729,0.0012116327378147648,0.003095751471189571,0.02089200289310962,0.002007356735812506,0.010730755725760871,0.0027740752536998597,0.00012950255474887225,0.008008999724465766,0.0834301212502039,0.01308904684647302,0.004034666037166541,0.03412079172805264,0.005286506550280968,0.12746547383808612,0.08345645528152802,0.0047368217761785784,0.05250803333530634,0.0014375727947151785,0.012515711122372998,0.018126132651921117,0.0013326152799430662,0.005107788578986306,0.03190559414335248,0.020140455367833897,0.01027774945934324,0.03267848653722356,0.003927472706787274,0.012898110006385093,0.002964424185902911,0.04791468422316994,0.016383902937306877,0.0011254619323082544,0.0012787051373546997,0.006805622803518345,0.0019234196417641303,0.0023381778706003465,0.0007611150166918961,0.033679674802450904,0.0018274655352484325,0.008322857536059793,0.00867916623285251,0.010263527599743956
0.003101405110720245,0.024521221127615456,0.0007833986833403572,0.00809248711848003,0.026000092962885107,0.04629741821419194,0.1402773980678823,0.01891641569963369,0.010129108392258796,0.0013614833130648953,0.007406327117769468,0.003987810479036638,0.0006719282734549542,0.006480561325951354,0.08632640716424475,0.022580438651127712,0.0009272326498210943,0.034074492063053,0.0060670677933903246,0.12736083707717075,0.018516615657338777,0.004696864189514201,0.05210987616438618,0.0054507439851540825,0.01157030827807479,0.006852858832912364,0.0013153917889853857,0.009859307153939966,0.001624721143840985,0.00123613812717146,0.007543902484736671,0.061527742179900764,0.007009197314710818,0.015095539367680436,0.0032185244066643406,0.10193542308039288,0.01899055653546361,4.319257925724314e-05,8.266439749882344e-05,0.007778348085330299,0.0021985526330409073,6.965797983098294e-05,0.00028426501409829216,0.033976842115171754,0.0012372543777448017,0.002123679296323277,0.025405116953104143,0.01144054521631757
2.7357954264874466e-05,0.02455861556595076,0.001585205557121359,0.012898980326636606,0.000882271722042835,0.014512833237588006,0.13969049090619048,0.006140450724385133,0.01105117272779449,0.0009174576207086164,0.006826999239168674,0.00416043029036896,0.0023360670684188533,0.056644853624605966,0.16186740387501286,0.012897894772887693,0.0023256462598450437,0.033266378735907105,0.006090612839380924,0.017012112992559808,0.01519746698745884,0.0046622377306016136,0.053906571710245994,0.0020679032819745265,0.011544982772654385,0.0005214816842910523,0.0038893738195847766,0.005943641904094608,0.00019657509173187605,0.008995093270806286,0.0034650931081994744,0.03500959570059604,0.0011284183495648748,0.00020463202747007022,0.0015386883710317748,0.0994162073257674,0.017321584708075665,5.5289705875700094e-05,0.0004189003263032255,0.006531175638714797,0.005224155095245696,3.743697656900704e-05,0.005254590681570223,0.00751535246946179,0.005099905612085277,0.009004130190351891,0.006400873670484437,0.007973563497645057
0.0018410828483008193,0.013683621946511479,0.0007654329534185165,0.006846341283003893,0.0023044056739140112,0.0463365975618094,3.727247818115231e-05,0.004852916110862534,0.00794112201017361,0.0010541783795723096,0.02791141392699015,0.0876656306103046,0.001499611457869405,0.026844079352802315,0.16062170083458668,0.012586804161835718,0.0022134310363341268,0.023662404221915616,0.005199327772655603,0.009990313231627876,0.017144860757883212,0.010296811242839373,0.05176795425242862,0.0016378848461349454,0.012643527489204569,0.01687087030036044,0.005393154039584635,0.011203137361911936,0.018121804029403714,0.01734645555753412,0.0034650931081994744,0.04327629652926362,0.024235574953845034,0.014409531102884626,0.00153302058052497,0.09723122401127478,0.008641020357367185,0.0011902436407820692,0.0013083925837603502,0.0018475299435267547,0.005091703958749227,0.0013798482287355738,0.005438278109329711,0.03373997140031405,0.005186812609742397,0.008112843665432993,0.008745910466083424,0.0733113165749538
0.00011312498613105305,0.00830819737722302,0.0007771868951478432,0.005720974956634673,0.0003972603358198788,0.017624596348659118,0.0011254828212984543,0.005318286992415784,0.021185665595092062,0.0010587229547618718,0.027622543122026416,0.0019865938035279612,0.0005207289921684837,0.007249867768781817,0.1569852638985576,0.012590060179906182,0.0041750443871574556,0.033074395964126056,0.005201872030464976,0.0023999804322995043,0.015096193237058842,0.006238500308995179,0.04045393357554894,0.005364592573138632,0.012645660113598998,0.007093853466767516,0.0038669627848388786,0.0055469182128526405,0.001582134837447994,0.017935330659590985,0.003533022447723405,0.032586081105401704,0.005527771301555246,0.014435045486064165,0.0015508889126181788,0.06363676405257104,0.008661455930085682,0.00012255183326748825,0.00011760358282873404,0.0016651680771432656,0.007052268182734026,0.0014828682912974693,0.005380828104053026,0.03769827737749287,0.004833064925370239,0.008112687343715296,0.0037578511599842203,0.010686925304928886
0.0013096925751386113,0.007863620343664982,0.001869042244492404,0.007206114919935432,0.0004274136908979509,0.01724321231734207,0.0027076515661929555,0.009046676943738112,0.01098814578130803,0.0018770815434952185,0.012793250527683831,0.0003098647789124241,0.0009695068281723554,0.006919609380358082,0.08509951442492449,0.012548321541452152,0.004002561754706717,0.033028618908321206,0.007316774287078461,0.007293180473995214,0.017909921894102718,0.0046942277486229,0.05483653447691699,0.0022804139843026574,0.00172960952887302,6.0799554746700235e-05,0.0055158189629108696,0.0098550630244323,0.002210780846727616,0.010211075529332831,0.007516977991187865,0.038366791587587455,0.0022266372533444774,0.014508511582234072,0.00018231662260191931,0.025995338462411408,0.05922012691931508,4.854676637943186e-05,0.0012171009829326672,0.006724480876813506,0.005324074070448287,0.0013353814537529578,0.0013091991459381076,0.00044085203065920807,0.0016676240271382007,0.00015725634658030985,0.02470910693544777,0.08082018095671041
5.943463400005026e-05,0.00765912497982158,0.001869042244492404,0.007213033795868537,0.0004274136908979509,0.01724321231734207,0.0027076515661929555,0.009046676943738112,0.009763258440826006,0.0009494980219769374,0.012798713707199157,0.0003098647789124241,0.0009695068281723554,0.05636337134691124,0.08375033236251184,0.012553568278310128,0.004002561754706717,0.03320904403017207,0.005556476718843842,0.007293180473995214,0.017909921894102718,0.004664022156051694,0.05483653447691699,0.0022804139843026574,0.0017850202977235056,0.0006417067166390946,0.0055158189629108696,0.005904976667600762,0.002235278216279454,0.010211075529332831,0.007516977991187865,0.038366791587587455,0.002153571198723995,0.01448870565167801,0.0032654790791550627,0.0261273317669187,0.018954640929597616,1.6745051291458795e-06,0.0012171009829326672,0.006730533439620201,0.005324074070448287,0.0013622473307710378,0.003360999103064229,0.0004480445017298216,0.0016676240271382007,0.0021622931698465978,0.00644439845263695,0.010273280039960541
0.0013209245832123372,0.00785440471302834,0.0016648333858984706,0.006564549906772382,0.0077847714525511695,0.01359206159602393,0.003468082430537414,0.005350950451391789,0.011036137044135834,0.0018619329235718292,0.009543768534247224,0.003974472745505663,0.000678811853387893,0.013013037174952773,0.0083956144840465,0.012589608685594791,0.004243577522548924,0.03302284396175437,0.007200000186055095,0.0022908193330376386,0.01793528000996495,0.0046445289385474925,0.0427813756816134,0.005215084297070213,0.0017301800010177445,0.01723509914662372,0.013520770458554456,0.009930298047531549,0.0001468831969093733,0.014045744892072304,0.0034751776650725564,0.03142312246059957,0.0017363155991133843,0.014863066059613936,0.00017279041433437316,0.03267398013196399,0.01837303061855161,6.381901203730142e-05,7.808806820915884e-05,0.006865943113688076,0.005272816442500903,0.00040381199746506444,0.004045420580211094,0.02441151024412291,0.005567034379269736,0.0002693667019622783,0.025074377328010572,0.011643318875239098
0.004115648361744865,0.01765411704094355,0.002758784764649476,0.008653081352856988,0.0008117736785428365,0.013199180135743324,0.0035180105133524823,0.008843712993802804,0.00998554530039126,0.0018924727516237733,0.012599477507977692,0.05009805380735337,0.00028587773800600193,0.008346373996016912,0.08554994846102498,0.012885486563979089,0.003858016345794009,0.007864087119945955,0.007199722428825011,0.009311562446112913,0.017386460948079843,0.004694798529502801,0.030907615510242924,0.0020519830857339888,0.011430911306962999,0.025490186539012617,0.005724862614535321,0.00969822332494017,0.00035080467698737666,0.021265250387281075,0.0030330735612857365,0.03472501265712534,0.007119667645814844,0.014459220033587808,0.0010064185654479673,0.03265061243652463,0.012016582602505033,5.862011936715454e-05,0.00526669277493949,8.659923746532228e-06,7.120200568503275e-05,0.0004049813212770629,0.0003098641638467443,0.036369306373364205,0.004497359794766012,0.002463575550316883,0.007695414982259832,0.022202720779663634
5.943463400005026e-05,0.008218510891558315,0.002841855638872645,0.01604906524837323,0.00042030178066726313,0.011519096453028267,0.0026170447323513937,0.009046676943738112,0.009763258440826006,0.0009494980219769374,0.013217879720914033,0.0003098647789124241,0.0009695068281723554,0.007973850537367197,0.009957192666108186,0.012553568278310128,0.004002561754706717,0.03320904403017207,0.005556476718843842,0.007293180473995214,0.015096193237058842,0.004665415842807093,0.06483631936310222,0.0022804139843026574,0.009182761557235844,0.007093853466767516,0.0026349535880484326,0.005908309916512247,0.0016186203488147794,0.018691863171573193,0.007600240247533501,0.020773264822150722,0.002153571198723995,0.014487067275278211,0.0032654790791550627,0.00016919684197799767,0.0189701912967329,1.6745051291458795e-06,0.001227849909774919,0.006730533439620201,0.005324074070448287,0.0013622473307710378,0.003360999103064229,0.0003036383216414068,0.0016676240271382007,0.0021622931698465978,0.0064382449222676425,0.010273132202144047
4.563980498449266e-05,0.007701014506890658,0.002841855638872645,0.01604906524837323,0.00042003956249742807,0.011519096453028267,0.003452397072047362,0.009046676943738112,0.010104597108815847,0.0002811857580378696,0.007608032071680005,0.0003098647789124241,0.0007047891640149812,0.007973850537367197,0.009957192666108186,0.012883914910381267,0.004002561754706717,0.03301159509183331,0.0055381070374083555,0.0021149810924566406,0.015096193237058842,0.004677676058070915,0.06483631936310222,0.0022132261943328766,0.009182761557235844,0.007262092946962321,0.002663942838818029,0.005908309916512247,0.0016103240922271662,0.018691863171573193,0.007600240247533501,0.021002634068922558,0.0021568398387958104,0.014432775789838898,0.0032654790791550627,0.0007397572253806193,0.0189701912967329,6.330868976324439e-05,9.080949717825805e-05,0.006730533439620201,0.00207058928719468,0.0013622473307710378,0.003425906193153692,0.0003036383216414068,0.004828606812949858,0.002070622211140586,0.0064382449222676425,0.011609364125327313
0.0014214668137077203,0.00652833754527154,0.002809237184933004,0.00890403306690686,0.003933683648302483,0.015160510508340354,0.13830642876887395,0.005037544562141152,0.010286129810337493,0.0013953512331639185,0.00726146681163066,0.00256731937342071,0.0002622814620471033,0.0523401076845565,0.008355197831863309,0.01260056097820622,0.0028244598437826103,0.03313276742340968,0.005698077529237603,0.0008311893401555318,0.01662648359842458,0.003628422672581246,0.05524004805710916,0.0053682504685701165,0.01130784116719575,0.004812207624268476,0.0004556015791500113,0.011516657862540945,0.00237059780148937,0.020566802967316205,0.003088192872447731,0.04669183692047311,0.0017722214267934808,0.014499629461581688,0.005454757936562022,0.03118119296982246,0.0061844703251406835,0.001593822621874567,0.0012732501868483153,0.0080793540423075,0.015459131534587278,0.00030696490877679943,0.0034762761977870657,0.02460517497101212,0.005082247814208784,0.0003198466839684968,0.006753932604861533,0.011044215561345588
4.529931878481335e-05,0.0002312425261305779,0.004489480364696807,0.01552569696588078,0.0003581838023662082,0.017294281305578908,0.003462839873347169,0.009183295437448363,0.009867336681430148,0.00022538393623774684,0.007445471796626839,0.020193573794679308,0.00014706666594188763,0.010981125212934727,0.08311000160404079,0.012878268088858957,0.0012704302604196994,0.03304236512332208,0.007175523249078259,0.0023199761806889517,0.017948622960056566,0.004677116722490933,0.04256732045880519,0.005218978324064711,0.009276216253813547,0.0007999901002054281,0.005309806680736509,0.009931367648324557,0.0017565426941203513,0.0042474841869249765,0.0031363870234010567,0.0327448751370796,0.0038820098217100495,0.01582366511078636,0.0001344686978483993,0.027437830018986437,0.01803541858417455,6.316066073160249e-05,9.079904247249532e-05,0.00033972565435558006,0.0020230192334489572,0.0010848611651070573,0.0011744082711902199,0.001053429308371314,0.0055921665655464265,0.00020667152339526773,0.00666418834601554,0.030304852836398322
4.356216384375153e-05,0.01877673556370852,0.002142896097556363,0.01837724572293585,0.026856765490455136,0.04618319310065221,0.14023283678634604,0.0031471060517616243,0.009985253533668961,0.003486624553944716,0.007287123416217142,0.1026532807138643,0.000684342084520517,0.010429771990566064,0.09068658160026825,0.02431996298842954,0.014893707430360616,0.03399944927723054,0.006442812150842884,0.1277654498410674,0.01658184257115016,0.0051039072536299655,0.006920063602370206,0.001516587724238099,0.01157269328656252,0.01470813387286491,0.006995154023193577,0.010204652944705097,0.002937665449298719,0.009011497796563553,0.003287559092776075,0.042812948906576165,0.007262543290615572,0.015073342787714833,0.00036200367850125665,0.01930045196812779,0.01825395935147348,0.0011809450940239836,0.0012008373088171868,0.007769348422163247,0.0022699473902425263,0.006114216130487304,0.0012003697451223006,0.058629882254308964,0.0007746419401214469,0.00257444009801788,0.024023751105158624,0.010867165665988941
0.00011312498613105305,0.00830819737722302,0.0029002028625360367,0.005720974956634673,0.0003972603358198788,0.01761986029683271,0.0011254828212984543,0.005053719758229132,0.010094011440889178,0.0010587229547618718,0.027622543122026416,0.0019865938035279612,0.0005215287095808279,0.007249867768781817,0.010349643882234541,0.012590135644425456,0.0041750443871574556,0.03313393964490539,0.005192841765041181,0.00240749967322904,0.015096193237058842,0.0037376659328067297,0.04045393357554894,0.005364592573138632,0.01250954241080839,0.007093853466767516,0.0038669627848388786,0.0055469182128526405,0.002408829237655956,0.017935330659590985,0.003533022447723405,0.032586081105401704,0.00536805376553128,0.014434640672855293,0.0015508889126181788,0.06363676405257104,0.008661455930085682,0.001677465241169383,0.00011760358282873404,0.0016651680771432656,0.0156744155911477,0.0014828682912974693,0.0053965398817798224,0.03769827737749287,0.004833064925370239,0.008112687343715296,0.0035778271556198365,0.010693606419595946
0.0016011738568935435,0.012222750310321544,0.001059247389533244,0.1621908004642078,0.0011083768800133908,0.05673319354075339,0.0011701105195965392,0.018454741074864518,0.00997915728642922,0.0018765255484913246,0.007408271978049035,0.005533059188194014,0.0008263877890357327,0.016180074333835594,0.0421487050306841,0.01249307123011915,0.00024481119894141233,0.03828273221658623,0.002231699099128042,0.004508670405507641,0.013927075167219296,0.0046964315958708935,0.0015936882656726477,0.0018359841103813025,0.0012287044495774176,0.02592132226558244,0.005615973633976121,0.005381621788737941,0.03231098387520433,0.0016928997685433898,0.003287559092776075,0.036659038180808255,0.003711093269800684,0.0007763673054282869,0.0003079624826990426,0.020008495378151546,0.006637967202295416,0.005300135356181379,9.512914946044305e-05,0.00808330201611703,0.001339842020299212,8.702096572379232e-05,0.00029013641366016545,0.035069028269444295,0.0007745680681189642,0.007855004402492295,0.008640910161315074,0.03144685748579785
4.030824330698359e-05,0.008597320555717512,0.002148615388271999,0.006435289021429999,0.026856765490455136,0.04618319310065221,0.0035333239358454204,0.0053297874827689835,0.009800208082346705,0.0075858274309955846,0.00811870150693256,0.0979983254933899,0.000684342084520517,0.010429771990566064,0.08988877310112971,0.024186835123066595,0.014893707430360616,0.03307028187310225,0.006369811240825458,0.1277654498410674,0.01658184257115016,0.0051658631561464895,0.005567341579843038,0.001516587724238099,0.009053819256561247,0.01470813387286491,0.005908144813301507,0.010195107673484683,0.002884210317517475,0.017998278974109428,0.0035344743169838113,0.08807453394296866,0.007319800373105069,0.015048508048701236,0.000520338691410698,0.0649642504740971,0.008783558612927442,0.0011809450940239836,0.0012008373088171868,0.007648429916329028,0.0022699473902425263,0.0011613760027412781,0.0011886135594543134,0.058435544677516695,0.004593372164077167,0.0025744764982826313,0.006949770760041019,0.010870705023780937
0.0014176583782056582,0.017933377258957675,0.005192564149821395,0.008353162486364278,0.002277072533881838,0.04574220046802187,0.0012116327378147648,0.003089793576141062,0.0534632362072059,0.0012554925258421816,0.010730755725760871,0.0030022342193177544,0.00025354830920685037,0.006162476789020103,0.0834301212502039,0.012359759290136834,0.004034239536448605,0.03407450982821123,0.005286506550280968,0.16528368126525933,0.08345645528152802,0.0047368217761785784,0.07014159971617344,0.005426738172046572,0.012515711122372998,0.025870109352808396,0.006466009160982984,0.0051044140431222,0.00329075284277041,0.020139210576426866,0.01027774945934324,0.09715383102037836,0.0034461903140287496,0.014504951547691627,0.002460333483792362,0.0474361141964415,0.017531141421489236,0.0011254619323082544,0.005323523356783034,0.006805622803518345,0.005104179520930607,0.0004072146743159101,0.007464008818051454,0.03444538414963838,0.0018686146886844595,0.00396893236649271,0.00867916623285251,0.023802737533925505
0.0012932929910340822,0.023562095512805584,0.0001303938062219317,0.17985604087004173,5.731708811382264e-05,0.07349688090820622,0.001240271203637258,0.009390850807697195,0.010234836176910206,0.003272239567967137,0.012212281551735127,0.003980342971463969,0.0008265128288347432,0.007481238319260163,0.03952752936445731,0.012852412806238993,0.0036508954558887694,0.03431376653110018,0.005934528523988913,0.008911845417699887,0.010138531134768074,0.005044222032061316,0.05197692947739804,0.005320856745448653,0.0019002217579067622,0.000965228734369359,0.006383796298701923,0.005525616528166326,0.03013136004120299,0.02034795620410963,0.0034900469042483933,0.03596783011183834,0.001749450127995585,0.014243072301858496,0.00019074465373172946,0.016830581447378087,0.01836010777742889,0.0005937930507670711,5.33985511546315e-05,0.006964484387425358,0.005088544762557111,0.001715445102498454,0.0011939812868483426,0.08422369338377657,0.004987777701156257,0.008325873900848815,0.010956764873869115,0.01036339863992434
2.7357954264874466e-05,0.02455861556595076,0.001585205557121359,0.012898980326636606,0.000882271722042835,0.014512833237588006,0.13969049090619048,0.006140450724385133,0.011015467665245169,0.0009174576207086164,0.0068387688504095295,0.00416043029036896,0.0023360670684188533,0.0565833364184288,0.16186740387501286,0.012599792897406115,0.0023256462598450437,0.03326399451360277,0.006090612839380924,0.0007198460502742601,0.015185667450794438,0.004661902450169463,0.053906571710245994,0.0057050007376271555,0.011544982772654385,0.0004247988295280596,0.0038893738195847766,0.005943641904094608,0.00019657509173187605,0.008995093270806286,0.0034650931081994744,0.08740008670968258,0.0010987588963211592,0.00020463202747007022,0.0015386883710317748,0.09769329351213185,0.017321584708075665,5.5289705875700094e-05,0.010258346030859535,0.006531175638714797,0.005224155095245696,5.305395364127238e-05,0.005254590681570223,0.0038601001569311174,0.005099905612085277,0.0019254614399524263,0.008596929939505421,0.001026622105393369
0.0031365203545459025,0.023821528561063864,0.0007578357896993767,0.008051092767156012,0.026639287077677817,0.04629741821419194,0.1402773980678823,0.018908677376270208,0.010170021826932696,0.0001891616693149822,0.007405952846794805,0.005700416433680447,0.0002480121519731741,0.007650041579568506,0.08632640716424475,0.024563191984065688,0.004294364283949225,0.03402728464242502,0.014567590940724552,0.12736083707717075,0.01854163075501169,0.004686452529796219,0.05250584722753556,0.0013697005669032563,0.01157030827807479,0.002506443523249048,0.0013153917889853857,0.006055261431158063,0.13453169431310538,0.0014665474047314952,0.007543902484736671,0.04863201391191408,0.006969995655128245,0.01508547694735718,0.0031865767321955884,0.024846900714456395,0.00100630791997153,0.001204038109927947,8.266439749882344e-05,0.007778348085330299,0.0022504062486999087,2.187419106555364e-05,0.0002820019561587236,0.002275169400862434,0.010044431945569077,0.0020915381558007516,0.025382644371733987,0.01073016832256647
2.7357954264874466e-05,0.008944372566214633,0.001585205557121359,0.012898980326636606,0.000882271722042835,0.014512833237588006,0.13969049090619048,0.006140450724385133,0.011015467665245169,0.0009174576207086164,0.0068387688504095295,0.00416043029036896,0.0023360670684188533,0.0565833364184288,0.16186740387501286,0.012599792897406115,0.0023256462598450437,0.03326399451360277,0.006090612839380924,0.0007198460502742601,0.015185667450794438,0.0036038576140610783,0.053906571710245994,0.0057050007376271555,0.011544982772654385,0.0004247988295280596,0.0038893738195847766,0.005943641904094608,0.00019657509173187605,0.008995093270806286,0.0034650931081994744,0.08740008670968258,0.0010987588963211592,0.00020463202747007022,0.0015386883710317748,0.09769329351213185,0.017321584708075665,5.5289705875700094e-05,0.010258346030859535,0.006531175638714797,0.005224155095245696,5.305395364127238e-05,0.005254590681570223,0.0038601001569311174,0.005099905612085277,0.0019254614399524263,0.008596929939505421,0.001026622105393369
0.0013205172551667274,0.00785440471302834,0.0015074798428795421,0.006564549906772382,0.0016835513337077057,0.011192697915330972,0.003468082430537414,0.005350950451391789,0.011036137044135834,0.0018834627917580643,0.013387174302788057,0.0039745643123168485,0.0008348160017835416,0.008080043573072933,0.0083956144840465,0.012873312113944239,0.004203882471835228,0.0330284200593319,0.007200000186055095,0.0014763040334425568,0.01502337641348437,0.004694560788093227,0.0427813756816134,0.0015195681459031368,0.0017301800010177445,0.017717962334586765,0.005442357214633872,0.009930112832477255,0.000189851486835602,0.01867001238022216,0.005373988784372922,0.03184145935868444,0.0022254310732902505,0.014873496129444483,0.00017279041433437316,0.03267398013196399,0.018969911426930247,4.821384718089025e-05,7.808806820915884e-05,0.006865943113688076,0.005272816442500903,0.0013346932313612469,0.004061282390258677,0.010161012303223933,0.005567034379269736,4.886351358418788e-05,0.024896346722133277,0.011694126968710422
0.004157301723076049,0.013917654441545187,0.00013380284018607862,0.17603988869826542,5.731708811382264e-05,0.07215613533799607,0.0012108622427502553,0.009243216501420647,0.010234836176910206,0.0025800657714571164,0.012055055507377467,0.006738206046334308,0.0008263805779604377,0.007408401036879029,0.03952752936445731,0.01258831070166403,0.003619759546863564,0.04813257959256963,0.0025851779708101884,0.0036585918733713987,0.010138531134768074,0.004669041856435088,0.0022823455780375222,0.005320309180749102,0.0014728470487959176,0.000965228734369359,0.006383796298701923,0.0050883632783743065,0.03013136004120299,0.02034795620410963,0.0034900469042483933,0.03420616024793404,0.006760255725733407,0.013043672047596187,0.00019074465373172946,0.01691270948169961,0.018347137500561085,0.0005937930507670711,3.755739909000412e-05,0.006524902486994046,2.7170945586609853e-06,0.0013611925175391949,0.0011812052074975693,0.03459037942921091,0.004497574257723733,0.008325873900848815,0.005743712987361238,0.010358994043275612
0.0014226829316803342,0.0068425631761685635,0.0001303938062219317,0.17985604087004173,7.550189060246657e-05,0.0746117991242277,0.0012048895273333677,0.009243216501420647,0.010234836176910206,0.0031072696657073635,0.012341604714084995,0.003978065372181204,0.0008263805779604377,0.007481238319260163,0.08539651071378732,0.012588231736808746,0.003656224609993602,0.03431376653110018,0.005887743865205037,0.005005746519584768,0.016647262153326358,0.004715194750169598,0.002397495120341226,0.0012079817794286851,0.0014728470487959176,0.000965228734369359,0.014784892832710343,0.005380349497739317,0.03013136004120299,0.02034795620410963,0.00815803073357694,0.03596783011183834,0.001749450127995585,0.013197258608152304,0.002443561008721855,0.016418225706882096,0.006730897316430696,0.0005937930507670711,3.5181293852823165e-05,0.006509611240073597,0.005088544762557111,0.0006891597968357211,0.003607398674302014,0.08542926864557945,0.004987777701156257,0.00040607314094306176,0.011216821271389628,0.010369861750686493
4.497698479655578e-05,0.017656943664733422,0.0007134451455254406,0.0067896942097200545,0.025783722006069015,0.0463365975618094,0.011508883678196025,0.004937660488097521,0.020848315683153797,0.0010209105063567247,0.01065275620920257,0.09000989185110272,0.001530511828081595,0.026844079352802315,0.15117896993984897,0.011882434791967777,0.00333799083111045,0.03307761304090189,0.007167017447253212,0.00999147656143784,0.014995867597045359,0.004632025590007972,0.052556411873592106,0.0016378848461349454,0.00946001201739345,0.02044560835474799,0.025183696142312306,0.00498701438600877,0.017876923074967396,0.030539303255707383,0.010279131463666142,0.03256275884903602,0.0245751973017115,0.014858747326022735,0.0015640698410942,0.047900157354419395,0.008029071665140948,0.0001078539760753399,0.0007105216909569642,0.006934993493085878,0.0018338167769873731,0.0013497111474095834,0.00048076945904298226,0.03885048147513625,0.004683295448642886,0.0022395404920582465,0.008694513327542544,0.029407115240827085
0.00016436197290354434,0.01848761242354604,0.00019060108807836273,0.017851221605106347,0.0003972603358198788,0.017043805128385252,0.14009029975597598,0.003138375202154959,0.010149820175972794,0.0008219590851993633,0.02679101631229014,0.0019865938035279612,0.0005207289921684837,0.0072463874128453456,0.1585612628187414,0.012723241900965987,0.003355785968208934,0.033074395964126056,0.007165421822782082,0.0023999804322995043,0.015096193237058842,0.0046233022291426226,0.007205227193713599,0.005364592573138632,0.00936347532899772,0.007093853466767516,0.0321874334076761,0.009938298224956049,0.0016130797044165964,0.008948549486491163,0.003286107223515668,0.03135667104733552,0.005522585809100974,0.01445988022507776,0.0015508889126181788,0.017973098516908693,0.00854874008684505,6.320056403149807e-05,0.00011760358282873404,0.006664107087810317,0.002990881720019243,0.005446378828695678,0.00539691485776179,0.037892614954293066,0.000839293244788944,0.002316039835138544,0.0036145242032407524,0.010692014793881419
0.00010040702135622528,0.024344737178166202,0.0015841694682098143,0.012898972636822065,0.000882271722042835,0.014348411766799088,0.13997932959327578,0.018435631059897213,0.01061764597727079,0.0009174576207086164,0.002718620021460307,0.003939783425935495,0.002409413253222765,0.056644853624605966,0.16186740387501286,0.007555544955244509,0.0023256462598450437,0.03326689688243014,0.006109164095203162,0.1404388299731398,0.017992407026455322,0.0046597740002763625,0.0540068669277068,0.0020723186215777507,0.011544982772654385,0.0005214816842910523,0.03268237513957154,0.005943641904094608,0.0006565180711125538,0.009286682175088223,0.0034650931081994744,0.03171504134044039,0.0015586369006345049,0.00020463202747007022,0.0015519622697132004,0.09940428015611978,0.017321584708075665,0.00014259932123404737,0.0011614339466909515,0.002088327682673778,0.00509715217234833,0.0018260866924242765,0.0053087982515632424,0.00751535246946179,0.00510027249844449,0.009059838174891238,0.006400873670484437,0.010824284781011908
0.0001477280402189617,0.018281439379680305,0.06968805055386677,0.058156950278203806,0.0004402900058066629,0.011366964460272844,0.1545698946067684,0.005420153192365684,0.0017153032204577697,0.0018759757353638263,0.013927174701557674,0.003658707365490777,0.000714451593073916,0.008318164013534649,0.08248425418373195,0.012805903916876903,0.0024897903900663763,0.03303421200160831,0.005786016547446942,0.009343068412405682,0.014999679040738763,0.004702587775387792,0.05548847468296235,0.001561051593778681,0.0017299745460888324,0.004906909158847483,0.005441716979094769,0.0053699842109511935,0.00018453285958774197,0.018181169800565545,0.0004893505917553036,0.0319195126601016,0.006716328997908097,0.014872356519597264,0.0019248622130289927,0.03272881695932786,0.01915987999141029,0.0005964190275348129,0.0007347293294141063,0.007028692139501796,0.08583983050915295,0.0012875868303841044,0.0010022618947052588,0.010112897730975238,0.005247312769113845,0.010799366522335489,0.0062517381839221646,0.03014042861756719
4.910876252652171e-05,0.00768108921835399,0.0018333918802773887,0.006929313236685997,0.0006066175153229408,0.017250657741624452,0.012180879692249638,0.00891201343823191,0.00960743914442079,0.005556272672459305,0.0127957758803028,0.0039385576682212835,0.0001027928868240844,0.05495671000758274,0.0861123539642707,0.012791929780465887,0.0002283645389300037,0.033043299355123554,0.002060461613531525,0.00954481139090834,0.002036266701871842,0.0045950320913580684,0.05409201835602082,0.002315171631911883,0.001997721205989627,0.0005214816842910523,0.0056554139777172515,0.010120031768709941,0.017771396491355618,0.020306618181325568,0.0034081395039236738,0.036077740578325884,0.002152878553839934,0.01445114153174707,0.0045849388577987,0.03156600306453566,0.018030115792948095,0.0004107343610002172,0.0012163613144238713,0.00020667785593411238,0.005344145262751528,0.0013972250087359464,0.005293676356212345,0.0004481372591356111,0.0015614530938001445,0.05161001148051109,0.006681760873640493,0.010267266398715664
0.0014260475399834852,0.017687603273470312,0.001520625212233992,0.014743370749622073,0.001019651364908317,0.045474493550911974,0.01633118678276598,0.005830711509942314,0.020563847622344016,0.001192461835684419,0.012788968195208623,0.005224976482343512,0.002983161596390964,0.02466181922111376,0.08315296001413067,0.012331485152767977,0.00336711784982195,0.03307843406548879,0.006016114288562006,0.16529148293984897,0.016595972108304064,0.0010919762199055666,0.05277037456765943,0.005324341896152814,0.001790501198644452,0.017120046896304697,0.0063956193667124225,0.00578314856939203,0.030255228780677004,0.0011342653283057573,0.007697785755834987,0.04118790423169588,0.007619749091435401,0.014484639438978254,0.018707817980442118,0.018890904421267868,0.006723102883138878,0.001622278807792224,0.005552295892093093,0.0076545495426440634,0.005356126507554531,0.0013798484938994226,0.00023646055795740854,0.03316954079656378,0.10718652937603912,0.003953114911745648,0.006766308015033613,0.029021592158018545
8.23604339517173e-05,0.008597320555717512,0.002148615388271999,0.015888210285482283,0.026856765490455136,0.04618319310065221,0.004093027025514076,0.00545402644753761,0.00998741851750793,0.003723455354146587,0.013027913979606934,0.004702482914490859,0.000684342084520517,0.010374019644398328,0.09068658160026825,0.024381246495698183,0.014455768720629156,0.0331662956254829,0.006481967932448963,0.1277654498410674,0.016272163294185127,0.005162159737593735,0.03982037882886007,0.001516587724238099,0.009213665464994303,0.005989237421502944,0.002653838398092265,0.010195107673484683,0.0018630397225546248,0.01863996580577977,0.005411634491007254,0.042812948906576165,0.007262543290615572,0.015048508048701236,0.00036182395773756644,0.0649642504740971,0.0183666752144635,0.0010727463960405615,0.0012008373088171868,0.007648276884605969,0.0022699473902425263,0.0010722295400741604,0.0011843412950098458,0.058435544677516695,0.004778894593850891,0.00257444009801788,0.02302712331414205,0.010870705023780937
0.0016011738568935435,0.012222750310321544,0.0009383148179751218,0.17449856412129247,0.0011083768800133908,0.05673319354075339,0.0011701105195965392,0.017418034903381605,0.00997915728642922,0.001880595674915878,0.007206539078495712,0.005533059188194014,0.0008191892183184248,0.016180074333835594,0.0421487050306841,0.01248815564153441,0.00020830381890055453,0.03828273221658623,0.002231699099128042,0.004508670405507641,0.08551311290304564,0.0046964315958708935,0.0008472886598637867,0.001628061988657434,0.0015650390622334188,0.02592132226558244,0.005615973633976121,0.005381621788737941,0.03231098387520433,0.0016928997685433898,0.0036987024070611247,0.03194977194624223,0.003931835981629288,0.0007763673054282869,0.0003079624826990426,0.020008495378151546,0.006629809521910084,0.001260176112138723,0.0012781267168780219,0.0017693965141510888,0.0014429002835641286,8.702096572379232e-05,0.005082380177319469,0.035069028269444295,0.005156697077289203,0.007855004402492295,0.008640910161315074,0.010614865289408236
0.004157301723076049,0.013917654441545187,0.00013380284018607862,0.17603988869826542,5.731708811382264e-05,0.07215613533799607,0.0012108622427502553,0.009243216501420647,0.010234836176910206,0.0025800657714571164,0.012055055507377467,0.006738206046334308,0.0008263805779604377,0.007408401036879029,0.03952752936445731,0.01258831070166403,0.003619759546863564,0.04813257959256963,0.0058259019884022,0.0036585918733713987,0.010138531134768074,0.004669041856435088,0.0022823455780375222,0.005320309180749102,0.0014728470487959176,0.000965228734369359,0.006383796298701923,0.0050883632783743065,0.03013136004120299,0.02034795620410963,0.0034900469042483933,0.03420616024793404,0.006760255725733407,0.013043672047596187,0.00019074465373172946,0.01691270948169961,0.018347137500561085,0.0005937930507670711,3.755739909000412e-05,0.006524902486994046,2.7170945586609853e-06,0.0013611925175391949,0.0011812052074975693,0.03459037942921091,0.004497574257723733,0.008325873900848815,0.006774944378593639,0.010358994043275612
0.0001647039742120445,0.017680268265052798,0.0007134451455254406,0.0067896942097200545,0.00103053667067466,0.0463365975618094,0.13286964341730995,0.0048542822636680185,0.020848315683153797,0.0010209105063567247,0.026441550012986488,0.0873309781903272,0.000725736183959976,0.026844079352802315,0.1551052685648861,0.012587788382872825,0.003365515964547018,0.03307761304090189,0.006101110296116357,0.00999147656143784,0.014995867597045359,0.004632025590007972,0.052556411873592106,0.0016378848461349454,0.00946001201739345,0.017398254770320632,0.005722073335024707,0.00498701438600877,0.018121804029403714,0.0002299533251371097,0.010279131463666142,0.03256275884903602,0.0245751973017115,0.01293284487058729,0.0015640698410942,0.047900157354419395,0.008029071665140948,0.0015845955629347189,0.0007105216909569642,0.006934993493085878,0.0018338167769873731,0.0013798482287355738,0.00048076945904298226,0.03885048147513625,0.005289083989896608,0.00972600005100837,0.008694513327542544,0.029407115240827085
0.0016267182425824434,0.018222810534814952,0.005192564149821395,0.008046957890507432,0.00043874325119038393,0.21194516269899147,0.0012116327378147648,0.003095751471189571,0.02089200289310962,0.002007356735812506,0.010730755725760871,0.0003467877294896706,0.00012470875326784086,0.008008999724465766,0.009484010473626597,0.012545135461434416,0.004034666037166541,0.03412079172805264,0.005278869105517329,0.12746547383808612,0.09149111015270091,0.0047368217761785784,0.05250803333530634,0.002363916326504072,0.012515711122372998,0.018126132651921117,0.0013326152799430662,0.005107788578986306,0.03190559414335248,0.020102963212287134,0.007602678071499248,0.03259969266334415,0.0038181057852210982,0.012898110006385093,0.002964424185902911,0.04791468422316994,0.016159362045521222,0.0011254619323082544,0.0012787051373546997,0.006737414973490767,0.0017811207094039071,0.0023242737021311713,0.0007611150166918961,0.031388366701407724,0.0018233995866968515,0.008322857536059793,0.006446854112636045,0.010263255388458849
4.015561209426092e-05,0.007610133165871416,0.0028014417921813682,0.015468613838767183,0.0003972603358198788,0.016821147995337123,0.1533738494654436,0.006145730252492683,0.00978567022541799,0.0012086376482274056,0.02679101631229014,0.0019865938035279612,0.00012519175342802974,0.05497447154095078,0.1585612628187414,0.01308716324493136,0.01205155291598961,0.033074395964126056,0.007165421822782082,0.006535561018953563,0.015079843337560041,0.0046233022291426226,0.005528772299302542,0.002287289332292919,0.0014414900811418893,0.007110864215006718,0.032172740136517775,0.009881820401564052,0.0014955813615679379,0.009092037224360647,0.0034273555742012785,0.03507441991550014,0.0021253620786570154,0.010208083522727146,0.0015508889126181788,0.09415715871080069,0.00854874008684505,6.248438487531052e-05,0.0006977751238451864,0.006932810429123982,0.005469352177710973,0.005557541527658159,0.005518715231142875,0.02514944527413733,0.000839293244788944,0.022957661058515835,0.011335185468924936,0.031611391009455966
0.0014181254231035085,0.02388710271542064,0.002735831266219075,0.008068100469462436,0.00039803075775955005,0.014413475395314181,0.0011497654091208688,0.003560661691333487,0.009955880561681727,0.00024617475440790577,0.0007546140793643508,0.0035912446652053725,0.0002995004887034687,0.005080343343884866,0.08299604480736751,0.012810163323866598,0.0002501099602322139,0.0330740966565045,0.007248331436184705,0.002267345768298503,0.016561422465926737,0.004735287441835068,0.07002899651248123,0.005393908129570575,0.0023522055250824545,0.025964843836366075,0.006006595103085861,0.011425506347252791,0.0017027260318965762,0.018937768078981537,0.003138483092186468,0.031983653542791514,0.0035960531875756773,0.014108164574675472,0.0019469742903510203,0.022637731753591923,0.018363811252245447,0.0002176516822122102,0.0011607939677374395,0.0015214720625226366,0.005256685880587275,0.000387074029872362,0.0011940247568796303,0.025307475301952903,0.0018755161992583588,0.0021177645219920965,0.006662190781239095,0.02316539688900312
5.023924415860283e-05,0.018220774895484845,0.005101873411513841,0.00827054674706198,0.00026441701975727207,0.1955586365048983,0.0012511481818940347,0.003575139001319656,0.02089200289310962,0.002007356735812506,0.010730755725760871,0.003989287052188791,0.00012950255474887225,0.008008999724465766,0.08657021873906605,0.01308904684647302,0.00416405712382837,0.03405326298706967,0.005372631281260216,0.12711329010891417,0.08345645528152802,0.004736821409884221,0.052571253840345174,0.0014089132920388787,0.012515711122372998,0.025747686035783472,0.0012951059794851323,0.005108259692996683,0.03233389510241126,0.020185649411680148,0.01027774945934324,0.0326390915394666,0.003927472706787274,0.012898110006385093,0.0029449353578640996,0.04791468422316994,0.016383902937306877,1.4542713023325154e-05,0.0006850723673560922,0.006883595560371853,0.0019234196417641303,0.002316703185463907,0.0007611663628127851,0.033679674802450904,0.0017198897156992926,0.0020839843482879064,0.00867916623285251,0.010263527599743956
0.00016390128431888857,0.0136656158021916,0.0016645405401295064,0.0067896942097200545,0.00103053667067466,0.0463365975618094,0.1326846537764671,0.0048542822636680185,0.009258390538365097,0.0010541783795723096,0.02797973786755408,0.0873309781903272,0.001482739164769954,0.026844079352802315,0.1551052685648861,0.012586804161835718,0.0022134310363341268,0.03307761304090189,0.006101110296116357,0.00999147656143784,0.016468311253056662,0.004631810299638316,0.04026059472519026,0.0016378848461349454,0.011668784978518365,0.01687087030036044,0.00557340655066049,0.01148032547124909,0.018121804029403714,0.01789557018216437,0.0034650931081994744,0.043179628416346226,0.0245751973017115,0.014409531102884626,0.00153302058052497,0.06310921877242168,0.008637228694214143,0.0015845955629347189,0.0007434260840347778,0.006542393526189789,0.005091703958749227,0.0013798482287355738,0.00537363289152685,0.03885048147513625,0.00516535924078001,0.009354636671722337,0.00674869478092335,0.029407115240827085
5.5881423686609264e-05,0.018359999531606292,0.004824251014946447,0.015023098002493178,0.0003972603358198788,0.0170186309975798,0.002581258276661458,0.009393622692695497,0.010149820175972794,0.00022538393623774684,0.007548051095525483,0.004001608488839424,0.000707006032084963,0.0072463874128453456,0.08306132168227678,0.01307108544108639,0.003355785968208934,0.033115675423972014,0.007591019487681879,0.12912339233769918,0.015096193237058842,0.004738212411334833,0.052519828800204026,0.001468578743582625,0.00939617915674949,0.007093853466767516,0.0038111080146537605,0.005109705939637086,0.0018276274224928498,0.01878267397750108,0.01038466909107108,0.03192296707950279,0.007212824132978666,0.014435045486064165,0.001922444210058728,0.04900665863052718,0.01908387455814544,4.636635689755298e-05,0.0007102536970171364,0.006954162868651366,0.0018261133556827492,0.001489406084209529,0.0002828142941135172,0.0015799488638287725,0.0017200947393464703,0.002120279473808654,0.003625928221649831,0.01027458349295358
3.7818948444608234e-05,0.01785260866100574,0.002764251391528802,0.01510801862233884,0.0010503844921505156,0.042982098785080566,0.15521453543393615,0.006228707324186462,0.0014433746362937892,0.0011881676098358768,0.012659739993882646,0.0038212113260125743,0.0062931532994392105,0.05034350827518773,0.08424357899618794,0.013083353966564338,0.012300033322563223,0.024157755560078056,0.005803924597957313,0.006393849746421085,0.016734185249974647,0.004678079742830973,0.052633057785452214,0.0057120153394390515,0.009587953235123257,0.01749689980938309,0.034506378569309853,0.011615551302785493,0.0018432170360155901,0.013726917144446633,0.010280711322268718,0.03507504925791305,0.017278962539296477,0.014485376497020861,0.0009867581159076972,0.10141925538553878,0.017595673444372177,0.0005964190275348129,0.000721204705913567,0.006958262046890971,0.005368978213988053,0.0003177309132136681,0.0002750649280643174,0.02455182815593015,0.0019126433893047682,0.017247684151397633,0.011164212652318109,0.029263305244931172
0.0001936783543840596,0.012180867382711869,0.000725063295165783,0.17449856412129247,0.0011125495205584176,0.04497661624429657,0.005823962991725828,0.017418034903381605,0.02051094965371291,0.0017928669883833632,0.007206539078495712,0.005533059188194014,0.0008191892183184248,0.01605405880799722,0.042440292168502654,0.01258818720683496,0.00019988103284739457,0.03828273221658623,0.0022660102460597227,0.004508670405507641,0.015211973282068865,0.00469200327952559,0.0008472886598637867,0.0016280833719194865,0.0015650390622334188,0.025074669795550376,0.005721069258358634,0.005381621788737941,0.018575266554686547,0.0016928997685433898,0.010204278729823312,0.03194977194624223,0.004118668638494491,0.0007763673054282869,0.0003079624826990426,0.020008495378151546,0.006642384438131362,0.0012547898131245083,0.0012687380755177764,0.001909313014241985,0.0014429002835641286,8.702096572379232e-05,0.005123726211662615,0.03883511485195917,0.005155883732802375,0.009688470161402181,0.008697284308273446,0.010614865289408236
4.285126751469247e-05,0.008410553178360822,0.002841855638872645,0.01604906524837323,0.00042030178066726313,0.12967005401423942,0.0011916147504526817,0.009046676943738112,0.009763258440826006,0.001971233515112405,0.013217879720914033,0.00029848737023694056,0.0005060278422217948,0.008003658628810431,0.009957192666108186,0.012554716528658177,0.004023605509832888,0.03320904403017207,0.005556476718843842,0.0073071693906094914,0.015096193237058842,0.00469448863260669,0.06483631936310222,0.0022804139843026574,0.009182761557235844,0.006010823290736527,0.0028509488407080247,0.005908309916512247,0.03322928852650599,0.01879334744863609,0.008238109877798855,0.020118810821284742,0.002153571198723995,0.014487067275278211,0.0002718315156589697,0.00016919684197799767,0.018204970793702424,3.850620828013912e-05,0.001227849909774919,0.006767407918887516,0.005324074070448287,0.0013622473307710378,0.003323053685692458,0.0003036383216414068,0.0016676240271382007,0.0021622931698465978,0.0064382449222676425,0.01026425858009833
0.0013555427049508364,0.018281439379680305,0.002764251391528802,0.008412558007215801,0.0011440161098034965,0.01681636557631512,0.15019759586202075,0.009294450835305713,0.0016435955485507954,0.0014414458735875256,0.0030836084320466015,0.003687484135477058,0.002256652547550237,0.05034350827518773,0.08423458519933634,0.012580627551840987,0.012300033322563223,0.033983202354985684,0.0058051789184368555,0.009343068412405682,0.016680690904873452,0.004642842491924106,0.055613195593478285,0.0057120153394390515,0.001629726036683661,0.004926902020536705,0.0379196261432645,0.011615551302785493,0.00237059780148937,0.013726917144446633,0.0030108091129486462,0.03507504925791305,0.002546801349404522,0.014893123357318992,0.0009867581159076972,0.09572187597793999,0.019286713922909912,0.0005964190275348129,0.000721204705913567,0.007027204898109138,0.09607099826408053,0.00030696490877679943,0.0002751528202584553,0.024494088566456147,0.0019126433893047682,0.016969415692131243,0.011164212652318109,0.03014042861756719
0.0017864105753676385,0.013683621946511479,0.0016645405401295064,0.006846341283003893,0.0023044056739140112,0.0463365975618094,0.1326846537764671,0.004837776989084764,0.02167226806852243,0.0010541783795723096,0.02791445110023376,0.006953844030637965,0.001499611457869405,0.026844079352802315,0.08805312483434058,0.012586804161835718,0.0022134310363341268,0.03308966628861199,0.00530840744693735,0.00999147656143784,0.017144860757883212,0.010396250158730296,0.05176795425242862,0.0016378848461349454,0.011668784978518365,0.01687087030036044,0.005393154039584635,0.01148032547124909,0.018121804029403714,0.004034785807558813,0.0034650931081994744,0.043179628416346226,0.0245751973017115,0.014409531102884626,0.00153302058052497,0.09647826170052931,0.008641066822351261,0.001141227433335603,0.0012791285798532163,0.0017654824506162952,0.005091703958749227,0.0013798482287355738,0.005438278109329711,0.03373997140031405,0.005191662931772068,0.008136702083039671,0.008708708408986991,0.029034441681384013
2.739153022702762e-05,0.016019948456906383,0.001592324670823997,0.007905933338802476,0.0008874318304853559,0.04416937288834989,0.139595437467755,0.0062705162117131065,0.009730931965159038,0.0035306161798731375,0.006738015960779584,0.104779638662444,0.011397406326390162,0.05694287380999409,0.18042050436013515,0.012562903627459597,0.0045843522135366,0.0340165660028101,0.006090664061137123,0.009470470479765224,0.01650926764299153,0.006227504200330499,0.05381471134516776,0.0054244321132985735,0.011676160605427761,0.026198702223168682,0.0005174192864228198,0.005899220350332823,0.000956191280894167,0.009012641357369112,0.0034602539386275593,0.047796991672583604,0.0005382015247996008,0.014189762500541263,0.00019159762082205484,0.019254364259949946,0.01731454903462139,0.0007781185100734361,0.0012161572881724757,0.008948869619260502,0.004961217430997214,0.0018941913783912323,0.0012012768578208081,0.0327166894438189,0.0011914675862764535,0.0019379329342385596,0.008651688793804383,0.011541973096194038
0.00016744565564525256,0.017995243407725507,0.008506783875339617,0.006650014661989639,0.00262258280514417,0.010884288540116839,0.12575297948194156,0.008895460785286444,0.009992561967352796,0.005888962124540599,0.027851314403640498,0.0006962135816413889,0.0006988917671307421,0.007573534427988376,0.08676564173228934,0.012547875058383662,0.004111627418906467,0.033985280313298526,0.0061507545272135354,0.07781177605941095,0.0019640774574697954,0.004665411292215919,0.0643397349618078,0.0023508904620190793,0.009288491996935395,0.0173482875924672,0.006810970267077292,0.011637500388807566,0.0014588634971063937,0.0007257612960390927,0.007636793472031129,0.03805104043372873,0.006747724124803317,0.012985069958838358,0.003279109308124866,0.06490983719075893,0.01896449567551083,0.001548860011507915,0.001244163062597429,0.006501076734132327,0.005857551975208222,0.0013800135804933813,2.419086671078159e-05,0.08008776743952055,0.0052984676860183206,0.00964670032398687,0.006416722147058231,0.13070824287572372
0.00011312498613105305,0.013720365745304991,0.0075040423830601615,0.15936571543167732,0.001059826849979934,0.01813781423927454,0.0034021948489260604,0.0048521218338874895,0.00792671637292065,0.0010537039899563183,0.027622657162375906,0.0948622761781947,0.0014778127047076336,0.025671794644115786,0.14859664197053674,0.01258828134723585,0.0037314939749518716,0.033055599134860614,0.005201872030464976,0.010228336586269031,0.015096193237058842,0.006241526368884251,0.04045393357554894,0.005321456293317899,0.012645660113598998,0.012714321462062018,0.0038997054721273284,0.0055469182128526405,0.018157285497501563,0.017935330659590985,0.003533022447723405,0.024976212608532417,0.003946288877762053,0.014420991844663694,0.001704789953406363,0.06305316828308374,0.008639554725605573,6.719348947528292e-05,0.0007834524416357905,0.006605811541233677,0.007135854675429949,0.0014828682912974693,0.005380828104053026,0.03867550158588984,0.00515615780813191,0.008112687343715296,0.01844662767578792,0.029391374880551678
0.004326376349253703,0.013782916583248046,0.0078782692933076,0.15754894688138066,0.0017249237003953964,0.07500814691255903,0.0034976422904544418,0.00924349661231413,0.009982608357047115,0.025857749875347887,0.012055055507377467,0.005104176018988531,0.0007723309143362193,0.0050000832451074315,0.04015894548701415,0.012667714030243117,0.003732584857927572,0.034342374822770666,0.0018740757476016904,0.005489750426403907,0.017384069380374827,0.005006935085612959,0.04016163214675807,0.005320309180749102,0.00138142311650853,0.021353945555293616,0.006383796298701923,0.005853137582318743,0.03012398560098448,0.02034795620410963,0.0034900469042483933,0.03442966210966193,0.003999074534849625,0.01424996767404636,0.00019111750753679838,0.01714791984661016,0.018334705141458192,0.00012526168653710266,1.667319610454312e-05,0.006524902486994046,0.0002563791568581989,0.0012258215177745353,0.001185702779412251,0.08160716095936185,0.005168796506951456,0.0024899137687244134,0.02336170207005421,0.009222338730699454
0.001256569878681018,0.008218510891558315,0.002841855638872645,0.01604906524837323,0.00042030178066726313,0.003520856646699301,0.003442102512163626,0.006247505993081898,0.009763258440826006,0.0011654331327743605,0.013217879720914033,0.0040070832733370655,0.0009708482266506227,0.00797653597209317,0.008201607602240438,0.012861565301171005,0.004335091691186398,0.03320904403017207,0.005556476718843842,0.006656661081897362,0.017988622818602786,0.004665415842807093,0.042798510075659366,0.0023349115645188313,0.008979398161052067,0.007269874118480758,0.0025216381157012963,0.006082057345274497,0.0018795816654078798,0.018691863171573193,0.005432658844869579,0.032756931926556626,0.009516374646050159,0.014486416630232937,0.0003448775445129477,0.025684296960846422,0.0189701912967329,1.9857335662415834e-06,0.001221954489625349,0.0068732051477962235,0.005324074070448287,0.0010172061110478908,0.003360999103064229,0.00039321567090771516,0.005162733600008322,0.0008523502164327287,0.0068277296284155395,0.010340399927277403
0.0013850729359816993,0.008218510891558315,0.002841855638872645,0.016045106327792,0.00042030178066726313,0.015065799451584209,0.0026170447323513937,0.00904235331372443,0.009763258440826006,0.001152027903557457,0.007416667847644576,0.0003098647789124241,0.0009772831266619364,0.007973850537367197,0.009786928090749165,0.012553568278310128,0.004002561754706717,0.0332103097225247,0.005556476718843842,0.007293180473995214,0.00044961939481965967,0.004665415842807093,0.06483631936310222,0.002225346981652542,0.0018460076131011911,0.004088526087196136,0.0026349535880484326,0.005908309916512247,0.0023719087783232572,0.018956550758515413,0.0027401242043054645,0.020773264822150722,0.002153571198723995,0.014944791758918581,0.003196408723179063,0.00016919684197799767,0.0189701912967329,0.0005778325558589183,0.0012283497789593286,0.006730533439620201,0.005386131535622253,0.0003213950336080032,0.003361163808970024,0.007317411625301249,0.005090891696673936,0.0021622931698465978,0.006437988872230064,0.010273132202144047
5.943463400005026e-05,0.008218510891558315,0.002841855638872645,0.01604906524837323,0.00042030178066726313,0.011519096453028267,0.0026170447323513937,0.009046676943738112,0.009763258440826006,0.0009494980219769374,0.013217879720914033,0.0003098647789124241,0.0009695068281723554,0.007973850537367197,0.009957192666108186,0.012553568278310128,0.004002561754706717,0.03320904403017207,0.005556476718843842,0.007293180473995214,0.002082708864839012,0.004665415842807093,0.06483631936310222,0.0022804139843026574,0.009182761557235844,0.007093853466767516,0.0026349535880484326,0.005908309916512247,0.0016186203488147794,0.018691863171573193,0.007600240247533501,0.020773264822150722,0.002153571198723995,0.014487067275278211,0.0032654790791550627,0.00016919684197799767,0.0189701912967329,1.6745051291458795e-06,0.001227849909774919,0.006730533439620201,0.005324074070448287,0.0009940005891967193,0.003360999103064229,0.0003036383216414068,0.0016676240271382007,0.0021622931698465978,0.0064382449222676425,0.010273132202144047
0.001278220619430772,0.008218510891558315,0.002841855638872645,0.01604906524837323,0.00042030178066726313,0.011519096453028267,0.003442102512163626,0.009006938464827042,0.009763258440826006,0.0009843856215596236,0.013217879720914033,0.004005857515622855,0.0009708482266506227,0.00797653597209317,0.009988461984864774,0.012861565301171005,0.004335091691186398,0.03320904403017207,0.005556476718843842,0.006656661081897362,0.002082708864839012,0.004665415842807093,0.042798510075659366,0.0023349115645188313,0.009182761557235844,0.007269874118480758,0.002606226438588169,0.010075809598000751,0.0017610458304569841,0.018691863171573193,0.005412672759572245,0.032756931926556626,0.0021525385039925815,0.014487067275278211,0.0003448775445129477,0.03187220790229058,0.0189701912967329,1.9857335662415834e-06,0.001221954489625349,0.0068732051477962235,0.005324074070448287,0.001001969783416763,0.003360999103064229,0.00039307153980564207,0.0015645263994511784,0.0021622931698465978,0.0068277296284155395,0.010273132202144047
0.0013536606442587035,0.02388710271542064,0.002735831266219075,0.008068100469462436,0.00039803075775955005,0.016833555777080633,0.158374510093516,0.0035574383935665903,0.001618698285238392,0.00027196006627229203,0.0007661734389336277,0.0035912446652053725,0.0002995004887034687,0.005080343343884866,0.08301317713017548,0.012810163323866598,0.00048152843530266734,0.03401112426235319,0.007250734242819221,0.008697659432300595,0.016683230765121546,0.004735287441835068,0.07002899651248123,0.005393908129570575,0.0023435417492243945,0.026321593037438605,0.006006595103085861,0.011430466344684486,0.001727479376408863,0.013595408048354504,0.003138483092186468,0.03503564884673226,0.0035960531875756773,0.014020662004989888,0.0019648964586069548,0.022637731753591923,0.018364242812624516,0.0005977505733724504,0.001147911035039771,0.0015214720625226366,0.008309015181172344,0.000387074029872362,0.0011940247568796303,0.025307475301952903,0.0018763798862188768,0.0021177645219920965,0.006662190781239095,0.02316539688900312
4.529931878481335e-05,0.007850742218480998,0.0018409854334887569,0.15230382857492686,0.000490246424855441,0.07439370358469492,0.002578288462967009,0.005420145567457924,0.010145748240040662,0.00022538393623774684,0.013321368460174073,0.004062220255557268,0.0007092788560680514,0.005100768572626778,0.08246629139445139,0.012878466350364796,0.0037128299705811232,0.03303446544626139,0.007161497645854109,0.0016971690188699747,0.017377725558593352,0.004694065932324227,0.05148300752991332,0.0053645799317966125,0.009269475954254477,0.007247242353658057,0.006416649923793254,0.009788903887966443,0.00018174833702650894,0.018781512496121637,0.0031363870234010567,0.031920932889719394,0.006744230526481197,0.014432956535717266,0.001944518019572327,0.03267830062602067,0.018286455984369503,8.512328842865506e-05,7.962987593632234e-05,0.006976367006486592,0.0025711839049405265,0.001228368455781625,0.0010581521382054134,0.0005958986025467808,0.004754021623327802,0.0020975422754234,0.024513048385561752,0.009206162425307206
0.0013938429640265953,0.02419245344383192,0.004276064198272556,0.007284767893818681,0.0004032712915667628,0.042164488375602126,0.14484019305331386,0.009582833808568152,0.00998191753803518,0.0014169867258965174,0.012369167026148584,0.00556003911434906,0.0006859315675386541,0.0027300236568908627,0.15416736804876963,0.012593036496656114,0.0003323170671463427,0.03400550816855189,0.006091156067975962,0.010409446902460455,0.01794268462123866,0.013385681820886737,0.054224552253312866,0.005362195097143275,0.0010358435314676614,0.009874907742296754,0.007799743111054181,0.005973939826591642,0.0019342520881374117,0.012394089212425033,0.0034565155094322076,0.04329223485812472,0.0019306979865758684,0.014101468349834183,1.1985103019133969e-05,0.026695606289024728,0.01810407412653525,0.005401998341316895,0.001110127937193956,0.0092426387466114,0.006894940824471449,0.0019521626687491642,0.001205175710190485,0.006484279154295346,0.005034707746528695,0.008065039133108413,0.09279945950384391,0.033468931713022704
0.0013209245832123372,0.01611654725918981,0.0016268323271635874,0.006833874753473434,0.025224779818145072,0.01160605052111614,0.003468082430537414,0.005580982661517063,0.011050818225610494,0.003460306834200051,0.009543768534247224,0.10764614261834646,0.0023086756834501962,0.055170152011532636,0.1798532356077818,0.012895960978460224,0.004283511320333046,0.025432071450907687,0.0012811580016870282,0.00018038080080081753,0.017412141705763395,0.004632416611090959,0.04241707037769205,0.005215084297070213,0.002224672947263173,0.017174463330440322,0.002764542615667302,0.009968036107280528,0.00019190121649104608,0.020128372029057578,0.003454767495757887,0.031707344321490076,0.0017431622109444977,0.002414580211622331,0.00011238384258548226,0.03267398013196399,0.017989097482915592,5.551623893017972e-05,6.773973359259307e-05,0.006865943113688076,0.005270825686949305,0.00011022555597853083,0.004039449308162214,0.02448504634174642,0.001663171271735916,0.00021056860187930568,0.007171206046137187,0.011635588021556193
0.0013209245832123372,0.013817955391659078,0.0016225611549646772,0.006564549906772382,0.0077847714525511695,0.013452706483808266,0.003468082430537414,0.0048765805094394855,0.011036137044135834,0.0018604899311931908,0.009543768534247224,0.09068893214103482,0.0008107581358991998,0.013013037174952773,0.0083956144840465,0.01258944081408519,0.004151085221968736,0.033016967322283916,0.007200000186055095,0.0022908193330376386,0.01648548518820115,0.004632416611090959,0.0427813756816134,0.005215084297070213,0.0017301800010177445,0.016883112072182502,0.013183157279488997,0.009930298047531549,0.0001468831969093733,0.02030835100105986,0.00346521849953931,0.031707344321490076,0.0017363155991133843,0.014406820349526521,0.00017279041433437316,0.03267398013196399,0.017960857602137423,6.381901203730142e-05,8.077885906135796e-05,0.006865943113688076,0.005270825686949305,0.00042751771283253294,0.004039449308162214,0.02441151024412291,0.005167176065292501,0.00025629811544185125,0.02505265721054186,0.011643318875239098
0.0013205172551667274,0.02559940488658907,0.0015074798428795421,0.015520616373294577,0.0008886722048159927,0.011192697915330972,0.1390550390307524,0.006055473893534643,0.011036137044135834,0.0019022734304926991,0.007479747536995782,0.004161964872044591,0.0008478961562940258,0.00811128405665473,0.009084508582589225,0.012873113852438398,0.0023466191309042704,0.03303466088399926,0.006091877820077278,0.0008298870280087391,0.015187884063401,0.004677611578259933,0.05390513819023441,0.005724052081940477,0.0017301800010177445,0.02008103990088586,0.005410271732192663,0.0060046899181322435,0.0017657173360196426,0.01867071851250758,0.005373988784372922,0.03284098513636738,0.0022054783572160626,0.01533498905543908,0.00014324819860119312,0.032482125914832335,0.017288662977241673,4.9155629238699604e-05,0.0007090014782398405,0.006867358115638208,0.005272816442500903,0.00046604009931964575,0.0040735262508450375,0.010161012303223933,0.0051009851983864095,8.860791912848652e-05,0.024896346722133277,0.0011249063613135903
0.0013205172551667274,0.00785440471302834,0.001623358022172081,0.006564549906772382,0.0016835513337077057,0.01359206159602393,0.003468082430537414,0.005350950451391789,0.011036137044135834,0.0018834627917580643,0.009543768534247224,0.0036222757099664774,0.0008374036252681758,0.013013037174952773,0.0083956144840465,0.012762604646937207,0.004243577522548924,0.03302284396175437,0.007200000186055095,0.002237542346522969,0.01793528000996495,0.004694712273676934,0.0427813756816134,0.0016428870679669287,0.0017301800010177445,0.017717962334586765,0.013488083950669166,0.009930298047531549,0.0001468831969093733,0.020188224817184366,0.0034751776650725564,0.03780051463312689,0.003944771210815045,0.014863460984734402,0.00017279041433437316,0.03267398013196399,0.018456872181033764,6.381901203730142e-05,7.808806820915884e-05,0.006865943113688076,0.005272816442500903,0.00040381199746506444,0.004068474016310223,0.010161012303223933,0.005567034379269736,4.886351358418788e-05,0.024896346722133277,0.011643318875239098
7.51174032087911e-05,0.007649909349184939,0.0015074798428795421,0.006571468782705487,0.0016835513337077057,0.011192697915330972,0.003468082430537414,0.005350950451391789,0.00981124970365381,0.0009558792705200777,0.013392637482303382,0.0039745643123168485,0.0008348160017835416,0.05754940229666679,0.007165818262407114,0.012878558850802215,0.004203882471835228,0.03320884518118278,0.005439702617820478,0.0014763040334425568,0.01502337641348437,0.004664355195522021,0.0427813756816134,0.0015195681459031368,0.00178559076986823,0.019593046623354135,0.005442357214633872,0.00598002647566411,0.00021642675872255747,0.01867001238022216,0.005373988784372922,0.03184145935868444,0.0021523650186697687,0.014853690198888419,0.0032652311124421185,0.03280597343647128,0.018969911426930247,1.6666400681994351e-06,7.808806820915884e-05,0.006871995676494771,0.005272816442500903,0.0013615591083793266,0.004061282390258677,0.010216197250637708,0.005567034379269736,0.0020705119329614483,0.006631697110865743,0.003585450160888409
0.0016544685545147304,0.016019948456906383,0.0011088303209804275,0.007905933338802476,0.0008110963003073765,0.20174915913767338,0.015271354596914977,0.003125396128314188,0.009730931965159038,0.0035306161798731375,0.02598947942941375,0.104779638662444,0.0001385378667804497,0.05694287380999409,0.08193026741076333,0.012562263560083352,0.00931891341035821,0.034121671864427834,0.008089384531690036,0.009470470479765224,0.01592534043453058,0.005113593080678892,0.05380720522925415,0.0054244321132985735,0.011676160605427761,0.026198702223168682,0.0025443888754210324,0.004584957575715157,0.000956191280894167,0.009012654836100526,0.003287559092776075,0.04804497983460455,0.0017333752996671814,0.014189762500541263,5.712826441771519e-07,0.018857249019260655,0.01731450133064409,0.005467330232206094,0.0012161572881724757,0.008913816241265976,0.001953519454559024,0.0018941913783912323,0.0012012768578208081,0.0327166894438189,0.0018163374374292195,0.002837146487470535,0.011277439085926017,0.01155151034986779
0.0015601563040909673,0.0125835728372629,0.005205596860670093,0.0015590155685007018,0.00015291855955235068,0.013144802760727608,0.14659910454225128,0.018666112914401456,0.009610108866342424,0.02187867923514863,0.006435121606607092,0.005500251917120686,0.00037074882341100155,0.010296863767912936,0.09472174248266818,0.012755710918192768,0.0003762716463167387,0.02598826540241992,0.006355498572231718,0.0019622394509313684,0.01404292584912274,0.004671075585519622,0.004436504718603344,0.0017020594546280684,0.011425618596233613,0.009769766462902382,0.005528035532713093,0.005381337511283185,0.0020432767349043536,0.018990068889477286,0.0032923100696354768,0.03657536227008721,0.001621551196382545,0.014068802292055066,0.00029018760752328387,0.02618781546291609,0.01633682872877056,0.00011065380085955407,0.0007448635982378181,0.008145795802873695,0.0054669979834394734,6.297201960126376e-05,3.259651621043396e-05,0.0064866032021772355,0.004644730112063644,0.008657151535577036,0.008624840988837012,0.010625281729549293
0.0001486582410065787,0.023562095512805584,0.0001303938062219317,0.0033185810852881387,5.731708811382264e-05,0.07597076776772457,0.1241375087767777,0.004605445656448964,0.010234836176910206,0.003272239567967137,0.012212281551735127,0.003980342971463969,0.0008265128288347432,0.007481238319260163,0.04616017000221196,0.012843834370602577,0.0036508954558887694,0.03423857031646381,0.005934528523988913,0.010029698332670029,0.010549910811101182,0.004666090430281975,0.05150421167289983,0.005242797208307772,0.0009402693597380767,0.0010746729341140678,0.005551042987969754,0.005525616528166326,0.03013136004120299,0.02034795620410963,0.003491687971609778,0.03602633366476327,0.0016550264143220233,0.014243072301858496,0.00014461779786770348,0.016830581447378087,0.018475862557460296,0.0006284722029597466,5.33985511546315e-05,0.006568756146528582,0.005088544762557111,0.0013167087714806077,0.005470180416035864,0.039450295416926594,0.004987777701156257,0.008350623330669313,0.011290065925494319,0.029229928275888946
4.771823297401567e-05,0.017658247080262854,0.008355350652114927,0.006650014661989639,0.027258951880880615,0.04569045031554336,0.011609563444617346,0.008937574255129851,0.009992561967352796,0.0012870220800490096,0.012062519289004755,0.08536158030496929,0.001542966775897164,0.007983470768828764,0.08315991130722024,0.011882997886550364,0.0040781194007325815,0.033984964288888184,0.007216661678350391,0.07781177605941095,0.015256801665357636,0.004667175009149428,0.040168793845966645,0.0016662207561538075,0.009288171288182434,0.02039564117689456,0.005530144726905063,0.00581256308689405,0.030078543802269594,0.03066938009730718,0.007636793472031129,0.03805104043372873,0.006747724124803317,0.0149109724142738,0.0016987368612513647,0.021911103843304268,0.018501929245232366,6.571665153334426e-05,0.0007377650926516791,0.006501076734132327,0.005859476069208662,0.0013331799573830568,0.0068687498736408475,0.08008776743952055,0.004861283801221448,0.0026948673178241256,0.006794166732332581,0.010159457966239325
6.716100606889218e-05,0.004308212069216025,0.0029290853507386956,0.008524322362262872,0.0015897240065941402,0.013461725496169299,0.0035315954593667072,0.005847714906334751,0.010778195962111152,0.0015016426333759269,0.012798607219816556,0.005101144208985109,0.0007285079857308031,0.016963527121448614,0.08421698210698517,0.0033501625597561896,0.0002655442364484894,0.033198253119162274,0.002060461613531525,0.00954481139090834,0.01663796691652037,0.004577898155539337,0.053927538787444704,0.0022567353838627174,0.0012888167676454586,0.0008495028741395802,0.02764955199030672,0.006126279515965535,0.0016344209869502246,0.020306618181325568,0.007861506771950272,0.036077740578325884,0.003868232910481458,0.015821866809280175,0.004767714021229765,0.027284283350257232,0.018026553905104263,0.0006761079786293048,0.0006442860694265895,0.00020520172090286254,0.005725466335056302,0.0013793567722260396,0.0007049002642303039,0.033905661006014866,0.004876451478704374,0.000726575271084834,0.005757053844239196,0.010333183565384919
0.0013209245832123372,0.013709190386200786,0.0015855915227272865,0.006564549906772382,0.0009968612158355204,0.013452706483808266,0.003468082430537414,0.0048765805094394855,0.011050818225610494,0.0018604899311931908,0.009543768534247224,0.09068893214103482,0.0023086756834501962,0.05515892435315911,0.15760340180992338,0.012895960978460224,0.004151085221968736,0.033016967322283916,0.007161652098760117,0.0027156595161157314,0.01648548518820115,0.004632416611090959,0.04241707037769205,0.005215084297070213,0.002224672947263173,0.016883112072182502,0.002764542615667302,0.010016057776404694,0.0002004658456526315,0.02030835100105986,0.00346521849953931,0.031707344321490076,0.0017347827900919893,0.0023634702071968234,0.00011314717705828185,0.03267398013196399,0.017960857602137423,5.551623893017972e-05,7.95958222124703e-05,0.006865943113688076,0.005270825686949305,0.00042751771283253294,0.004039449308162214,0.02448504634174642,0.005100023632565783,0.00010565602321024794,0.007171206046137187,0.011643318875239098
0.0013819988140401848,0.024543876321878155,0.0027918222976710456,0.008068100469462436,0.00039803075775955005,0.014411590220006343,0.009699661069695588,0.006093369841839029,0.009954908798163676,0.0009079657798019146,0.0008328486018230993,0.004181569870201254,0.0023400591867085096,0.05703381995762234,0.08299604480736751,0.012810163323866598,0.0002501099602322139,0.033269971765796845,0.007248331436184705,0.002267345768298503,0.016561422465926737,0.004732535874932365,0.07002899651248123,0.005704479483852005,0.0023522055250824545,0.028151407749869208,0.006006595103085861,0.006254991090116622,0.0017027260318965762,0.018916078852593513,0.003138483092186468,0.03251077034268231,0.0035960531875756773,0.014108164574675472,0.0019469742903510203,0.022637731753591923,0.018363811252245447,5.5311110927009236e-05,0.0016557626482483273,0.0015214720625226366,0.005257432063692368,0.02588032083132614,0.0011940247568796303,0.025307475301952903,0.0018628000795046344,0.0021186365706082236,0.006662190781239095,0.024375235140395676
6.716100606889218e-05,0.004308212069216025,0.0029290853507386956,0.008524322362262872,0.0015897240065941402,0.013408154630041672,0.002421819692305177,0.005847714906334751,0.010778195962111152,0.0015016426333759269,0.012798607219816556,0.004953689500514169,0.0007285079857308031,0.05661451715134661,0.08421698210698517,0.0029140357377741323,0.000511625165673801,0.03321403099461838,0.002060461613531525,0.00954481139090834,0.01656348554356155,0.004607524637426003,0.0538115962649848,0.0022567353838627174,0.012516490137698563,0.0243129543716908,0.004285137575279659,0.006126279515965535,0.0016077608410797947,0.020876594201072005,0.007861506771950272,0.036077740578325884,0.003868232910481458,0.015821866809280175,0.004872718677251532,0.019194564451637145,0.0179686832202818,0.0006761079786293048,0.0006442860694265895,0.00020520172090286254,0.005725466335056302,0.0013793567722260396,0.0012058537735087354,0.033905661006014866,0.004876451478704374,0.0028072430283646935,0.005757053844239196,0.010333183565384919
5.019793573629094e-05,0.023869217093457643,0.008838912551709207,0.003842747214303551,0.00026441701975727207,0.202102108290729,0.0012511481818940347,0.003575139001319656,0.02141210835392113,0.002048010368816617,0.010730755725760871,0.0028346870204177498,0.0001639904034022165,0.007660141630296697,0.08306328383713393,0.011911720689086493,0.004034796016115737,0.03412079172805264,0.005372631281260216,0.008403744859707955,0.08345645528152802,0.004683867496502892,0.05206445936568355,0.005376137109053798,0.012515711122372998,0.007085733180120508,0.005390826085321041,0.009774304716450896,0.03179241170357482,0.020185649411680148,0.008064186424702259,0.03267848653722356,0.006703021804743687,0.012898110006385093,0.0017658545789430342,0.014345807477425192,0.016402492738350864,2.240037503847586e-05,0.0006893369412227828,0.0067954394950920155,0.0030419050125429364,0.0023452742369746453,0.0007611150166918961,0.07905648280117145,0.0017656444716338262,0.0020839843482879064,0.006841516858963825,0.010684498258463791
0.004905720584399475,0.005901684184093031,0.0010651046123207441,0.014255368173728137,0.0011034781838460649,0.057581818516983116,0.0026170447323513937,0.0061668058750750515,0.009576552623711385,0.001152817822199259,0.01266641172863359,0.0025245810595775596,0.0008265619458840341,0.01611112400589958,0.007981817673125929,0.0033813935980359054,0.011328818842165285,0.033964374083246346,0.007231422791410554,0.0015247867473969492,0.01664667106535419,0.0046968184190598295,0.04281056670091761,0.005365432975297458,0.001639213259235213,0.00436357615335301,0.005464691090261385,0.0101652635433931,0.0016186203488147794,0.01372314264692355,0.007572317182347371,0.03220077341425712,0.0023768155704120748,0.014193051454233135,0.0033782731348169946,0.030111649061939194,0.019041988423706534,4.656997835144995e-05,0.0006557013665443404,0.00695384178798515,0.00033213034914519684,0.0001204841726928467,0.00027971516643133756,0.03538186296485038,0.0009181728073591809,0.0008137657952274431,0.006589719230038547,0.03520814529151897
5.909414780037095e-05,0.008194905579747142,0.014940366548731042,0.01552569696588078,0.00039773886319298456,0.017245615830874333,0.0026274875336512018,0.004465561879567733,0.009774764566881871,0.0008937003495998362,0.013055319445977952,0.0730311466099577,0.0009697262797166181,0.013077254287058554,0.08311000160404079,0.01254792145678782,0.0012704302604196994,0.03321336764884285,0.007193892930513745,0.007498189076996769,0.015096193237058842,0.004664856507227111,0.04256732045880519,0.00528616615985819,0.009395603094108895,0.007079002873463251,0.005698536754159845,0.009931367648324557,0.0017648389507079645,0.01881190822602645,0.0031363870234010567,0.032691089420639106,0.0016429148849717522,0.014487626769122509,0.00014289678273127551,0.032472123576520295,0.01908197794048978,1.9983663383350505e-06,0.0012296261892890026,0.0069496159179439606,0.0052765041548577685,0.0004618997177756858,0.0011107170348870073,0.0010541180190282431,0.0015930401721110077,0.0002996449084138531,0.006659017448803576,0.010267828661762885
0.000273461588560083,0.017847959483645256,0.01192688771461212,0.013578840488092228,0.0018086515643395877,0.011953858898305131,0.0035014911631500462,0.005533898390284594,0.009786142893544368,0.00791530119777262,0.007186948300972324,0.0036024188631891226,0.007576719649153501,0.058308999603166975,0.07887412405814967,0.013009499113402805,0.0037630254212412217,0.0331168651156201,0.0063710268249958565,0.00020028524248281608,0.017405584265836396,0.004762529218876957,0.005457649646730643,0.005252687981145929,0.009076351829851115,0.017174112420114407,0.005891019489253759,0.004854519417440184,0.0016305164383707965,0.019072640215665695,0.010574200437207817,0.08778052268964236,0.0027853094425393282,0.004533759623046686,0.0005233570944275581,0.06395082454305974,0.008054096713398056,0.0001059771588281894,0.00039689503784679967,0.006715413246227929,0.014215946594422317,0.020257158202964753,0.0013260437172125808,0.0018774311351633186,0.0015272185788591233,0.0025901217965690246,0.007706804745358137,0.010681218086914778
0.0012876230505161007,0.02415362838219445,0.004276064198272556,0.007284767893818681,0.0004032712915667628,0.042164488375602126,0.003856806941779631,0.009571539748716003,0.00998191753803518,0.0014169867258965174,0.012361783092816547,0.0057040170462790245,0.0006859315675386541,0.0027300236568908627,0.15416736804876963,0.01285072020069915,0.0003323170671463427,0.03400550816855189,0.005924725373303677,0.008810975806852143,0.01794268462123866,0.013385681820886737,0.054224552253312866,0.005362195097143275,0.0010358435314676614,0.009874907742296754,0.007799743111054181,0.0055042907040036265,0.030500786939542352,0.012394089212425033,0.0034565155094322076,0.04329223485812472,0.0019306979865758684,0.014101468349834183,1.1985103019133969e-05,0.026695606289024728,0.01810407412653525,0.005401998341316895,0.001110127937193956,0.006964530114162439,0.006894940824471449,0.0019521626687491642,0.001205175710190485,0.006484279154295346,0.005034707746528695,0.008329027213108124,0.09279945950384391,0.034960852542073775
0.00011312498613105305,0.00833614452460245,0.0007771868951478432,0.006782929098894441,0.001059826849979934,0.01813781423927454,0.0007308088998972092,0.004852843234246454,0.00792671637292065,0.0010537039899563183,0.027622657162375906,0.0948622761781947,0.0014763832063961805,0.025874701494285876,0.15519909514038036,0.012590060179906182,0.0041750443871574556,0.033074395964126056,0.005201872030464976,0.009921809664417665,0.015096193237058842,0.006241526368884251,0.04045393357554894,0.005364592573138632,0.012645660113598998,0.016753421842873456,0.0038669627848388786,0.0055469182128526405,0.018157285497501563,0.017935330659590985,0.003533022447723405,0.032586081105401704,0.005527771301555246,0.014435045486064165,0.0015508889126181788,0.06305316828308374,0.008639554725605573,6.701061628715884e-05,0.0007834524416357905,0.006605811541233677,0.007012091419316111,0.0014828682912974693,0.005380828104053026,0.03769827737749287,0.00515615780813191,0.008112687343715296,0.0037578511599842203,0.029391374880551678
4.563980498449266e-05,0.007701014506890658,0.0016813881474115663,0.01604906524837323,0.00042003956249742807,0.011519096453028267,0.13004707336300933,0.009240251792900153,0.010104597108815847,0.0011280630593731944,0.007608032071680005,0.00045093949163121623,0.0014942701980887225,0.007973850537367197,0.009957192666108186,0.012883914910381267,0.004002561754706717,0.03301159509183331,0.005540045987833467,0.0021149810924566406,0.015096193237058842,0.004757830788999373,0.06483631936310222,0.0016906919012159621,0.009182761557235844,0.007262092946962321,0.002813340211810958,0.011934063061195495,0.01748065608362645,0.018691863171573193,0.007643596811004001,0.021002634068922558,0.0021568398387958104,0.014432775789838898,0.0014796934800682016,0.0007397572253806193,0.019059136959935812,9.448190125195945e-05,0.001319064261355476,0.006730533439620201,0.00207058928719468,0.026141050833662784,0.003321214553317688,0.0021158566416880353,0.004828606812949858,0.002070622211140586,0.008745471438201475,0.013111592911392717
4.030824330698359e-05,0.008597320555717512,0.002148615388271999,0.005843173329314198,0.0037881794680637345,0.04572484048228148,0.004089466254726851,0.005327017842037717,0.009985253533668961,0.0012062636881851672,0.00811870150693256,0.1026532807138643,0.0006020028180534119,0.010476516774768503,0.004565519966565144,0.024186835123066595,0.0026611850264518268,0.03399944927723054,0.006463263850605314,0.1272777707429118,0.01658184257115016,0.005165246111127135,0.03984339504741834,0.001516587724238099,0.011581336154577898,0.014740985292177027,0.0036504902476977227,0.010197279718106767,0.0029109425827283575,0.01837743986584734,0.0053709941992369,0.042812948906576165,0.007172732544425969,0.014391249792137966,0.0033764151160379273,0.0649642504740971,0.018371628406860185,0.0011809450940239836,0.026798931904524093,0.007648276884605969,0.0002428613304045668,0.002150724333036802,0.0011843412950098458,0.058435544677516695,0.004753357430949351,0.002642111441690787,0.006661421771852426,0.010870705023780937
0.001613479389824698,0.018222809330334797,0.0051889104502802754,0.003241923033155787,0.002277072533881838,0.08032026870501549,0.0012116327378147648,0.003095751471189571,0.02089200289310962,0.002007356735812506,0.010730755725760871,0.0027731515029131354,0.00012950255474887225,0.0051096684481439095,0.08298581213176488,0.01308904684647302,0.004050500653962471,0.03412189919501359,0.005286506550280968,0.12748111325275455,0.08345645528152802,0.00473665516608107,0.05250705429739557,0.0014789680943177027,0.012515711122372998,0.006649736144409772,0.001305280928662502,0.005126158887366963,0.0003985217608187836,0.003617149593605322,0.01027774945934324,0.032679736999895785,0.003927472706787274,0.012903380281426041,0.002964451752332572,0.09462556564225869,0.008820871360284505,0.0011605374899658228,0.001281120146402494,0.0015568068253384902,0.0019234196417641303,0.0023377973198294823,0.0007595492211950222,0.033679674802450904,0.004751102355477252,0.008090145655088348,0.00867916623285251,0.010263527599743956
0.004891700216018401,0.00762651935095731,0.0016916598649628061,0.006485937104383996,0.001682588519114986,0.011262395522277098,0.0030704051962353596,0.006167206803517492,0.011069957608279139,0.00012571334756436266,0.01266753345312612,0.0036534971466487634,0.0007062138732166737,0.017739904894780407,0.0817678285916773,0.012791929780465887,0.004247157266454651,0.033048480769278375,0.002080855304098307,0.00954481139090834,0.0166011824591862,0.004670443409697247,0.05409201835602082,0.002315171631911883,0.0016511546806584495,0.0035157087054365783,0.005572160220207125,0.006126279515965535,0.01802512225479411,0.02045514019621823,0.0034281255892187044,0.0377968591385696,0.0021638248829804734,0.014901334443228132,0.004891306209805662,0.025389613228180022,0.018030115792948095,4.1818271468757845e-05,2.7612669147894855e-05,0.007134125546556956,0.0004643997807791955,0.0013779383871297098,0.005070915975553764,0.0004482813902376842,0.005257309232428057,0.0007161590515077218,0.006801669445124092,0.011845736150054943
0.004932973973483332,0.006090248293093747,0.001379076437922726,0.014255368173728137,0.0039493860291164706,0.013509099598252005,0.004599972622326738,0.0061668058750750515,0.009538225587264857,0.001152817822199259,0.01266641172863359,0.0026052854181982804,0.0005968037412560001,0.017216131688797754,0.006755506977003613,0.00316310208915975,0.0021863786696445066,0.03410386709280944,0.007249094073425551,0.0014056765345620934,0.017994921333800235,0.004694143367659026,0.04281100188261858,0.005365432975297458,0.0016548986707359001,0.017705032864772513,0.001474705221368321,0.009931530610022757,0.0023875751901211387,0.018367205414614455,0.005396664122976165,0.03613308000014206,0.0023924983562222425,0.014505366251043357,0.0033603580886620624,0.027306041850721587,0.018268360523275826,4.656997835144995e-05,0.0012367963847228077,0.00695384178798515,0.0003082660938518375,0.001305883908750566,0.00411931378994449,0.0007327821886599032,0.005169654392878563,0.000761195636885529,0.006266364041358158,0.010318783752802443
0.0013899050806349539,0.01826214798462292,0.00014140841926132898,0.006930890792216306,0.001214703257886376,0.04434618656223968,0.14634611838862577,0.00929396872950145,0.009728987349616056,0.001415306093754647,0.012268484678141975,0.003937836974457369,0.0006785365421205547,0.050814895891060724,0.08415276085659132,0.012593145044756211,0.012111169424244162,0.033982777106679456,0.00568354829754349,0.009487380764330037,0.01506802831301466,0.00469319691116362,0.05403715138540809,0.005359410082189724,0.0012405909910966706,0.004812207624268476,0.00793171105808518,0.0088915955572995,0.0023368065023850818,0.004273927353487868,0.003456506393078067,0.031581785760825806,0.0018009153477692853,0.014084020664784369,0.004217836434862118,0.02674633419094912,0.018068941873769173,0.0006722023511866711,0.001216170039897093,0.00027039721266196434,0.006808399097447307,0.001960363868718263,0.0002746976087111899,0.024525059270554463,0.0017858649290152314,0.007942628186559914,0.011164212652318109,0.0332268221483276
1.5615680728754255e-05,0.016055712718682166,0.0019062466358457583,0.013578840488092228,0.0018086515643395877,0.011579295054160922,0.0035014911631500462,0.005533898390284594,0.009786142893544368,0.0033460664934397894,0.0068928201129269916,0.10650262126017107,0.007576719649153501,0.058308999603166975,0.17936334498229717,0.01299328318665924,0.009297708043670272,0.0331168651156201,0.0063687565634079155,0.00020028524248281608,0.017405584265836396,0.004762529218876957,0.005457649646730643,0.005416690558807003,0.009076351829851115,0.017174112420114407,0.005891019489253759,0.004854519417440184,0.0016305164383707965,0.018600588075206256,0.0031110738871681833,0.09050403672707069,0.001795728155660215,0.004533759623046686,6.4801871318980364e-06,0.06395082454305974,0.008054096713398056,0.0001059771588281894,0.00039689503784679967,0.008764063631443659,0.014215946594422317,0.020257158202964753,0.0011979404876620438,0.0018774311351633186,0.0012781025747802001,0.0025901217965690246,0.007328984095537117,0.010681218086914778
5.019793573629094e-05,0.02480271140740039,0.008838912551709207,0.01632156612086906,0.00026441701975727207,0.202102108290729,0.0012511481818940347,0.008688802012402786,0.02141210835392113,0.0010158073857585957,0.010730755725760871,0.004003388440962115,0.000980633186945783,0.007987288733284142,0.08306328383713393,0.011911720689086493,0.004034796016115737,0.03412079172805264,0.005554810453620914,0.006721851055970996,0.08253066066919615,0.004683867496502892,0.05206445936568355,0.005376137109053798,0.012515711122372998,0.005356153956442051,0.0026675092469821728,0.009774304716450896,0.03179241170357482,0.020185649411680148,0.005438402870046672,0.0326763443010045,0.0021794687021556972,0.01304157299601655,0.0017658545789430342,0.014897711418608916,0.016402492738350864,2.240037503847586e-05,0.0006893369412227828,0.0067954394950920155,0.0030419050125429364,0.0023452742369746453,0.0007993562659775006,0.07905648280117145,0.0017791475178101977,0.0020864699119699285,0.0068280192040866584,0.01627618225329658
4.529931878481335e-05,0.007850742218480998,0.0016567601811561512,0.006644658299558181,0.000490246424855441,0.017245615830874333,0.002578288462967009,0.005320847930911951,0.010146535879313546,0.00022538393623774684,0.01335289856259505,0.004062220255557268,0.0007050086155592432,0.0001931511520591768,0.08246629139445139,0.012878466350364796,0.0008906317168175303,0.03303446544626139,0.007161497645854109,0.0016971690188699747,0.015096193237058842,0.004694065932324227,0.05148300752991332,0.0053645799317966125,0.009395603094108895,0.007247242353658057,0.005441392524346964,0.009788903887966443,0.00018174833702650894,0.018781512496121637,0.0031363870234010567,0.031920932889719394,0.006744230526481197,0.014432560403026989,0.001944518019572327,0.03267830062602067,0.01908197794048978,8.512328842865506e-05,7.962987593632234e-05,0.00695037018768992,0.0025711839049405265,0.001318656357724472,0.0010581521382054134,0.0010541180190282431,0.004754021623327802,0.0020975422754234,0.006659017448803576,0.010648684665988737
0.004891700216018401,0.007632558581112288,0.0028804439025096546,0.006929313236685997,0.0006066175153229408,0.011262395522277098,0.0030704051962353596,0.006167206803517492,0.009613871650880127,0.006285449036999168,0.01266753345312612,0.003939783425935495,0.000709129280372771,0.017739904894780407,0.08423565622878489,0.012791929780465887,0.0002655442364484894,0.03396907351195539,0.002080855304098307,0.00954481139090834,0.0166011824591862,0.004670443409697247,0.05409201835602082,0.002315171631911883,0.0016511546806584495,0.0039085186485244075,0.005572160220207125,0.006126279515965535,0.01802512225479411,0.020270999815703288,0.0034281255892187044,0.03608400882448282,0.002141664561532529,0.014450490886701799,0.0045849388577987,0.02537809212309149,0.018030115792948095,4.1818271468757845e-05,0.0012163613144238713,0.00020667785593411238,0.0004643997807791955,0.0013779383871297098,0.005070915975553764,0.0004482813902376842,0.005257982942408866,0.0007161590515077218,0.006505519733654495,0.010334534123849019
0.0014226829316803342,0.013782916583248046,0.0078782692933076,0.15754894688138066,0.0017164194756705236,0.07343649738661917,0.002584721423979164,0.009243747856239376,0.010234836176910206,0.025857749875347887,0.012055055507377467,0.005104176018988531,0.0008263805779604377,0.007783436384482854,0.04015894548701415,0.012667714030243117,0.0037339651857947733,0.034342374822770666,0.0018740757476016904,0.005489750426403907,0.016586522742962843,0.00504958188298404,0.04224453385182744,0.005320309180749102,0.00138142311650853,0.0001053084942994032,0.006383796298701923,0.005853137582318743,0.03012398560098448,0.02034795620410963,0.0034900469042483933,0.03596783011183834,0.0018293872675614615,0.014259801449811836,0.00019111750753679838,0.019299400993790784,0.018334705141458192,0.00012526168653710266,1.667319610454312e-05,0.006524902486994046,0.005946202845338241,0.0012300550323893584,0.0011812052074975693,0.08115202558504449,0.005168796506951456,0.009710706622176966,0.011216821271389628,0.009222338730699454
1.5615680728754255e-05,0.013648355845693141,0.0018650058314094576,0.013309515646119659,0.0018086515643395877,0.013425951016853049,0.0035014911631500462,0.0048294962382070174,0.009786142893544368,0.0017462495914009426,0.0068928201129269916,0.08954541078285944,0.007576719649153501,0.05829777194479345,0.15711351118443875,0.01299328318665924,0.009165281961442924,0.0331168651156201,0.012090181227149567,0.0027420213610002825,0.016478927748274152,0.004762529218876957,0.005457649646730643,0.005416690558807003,0.009076351829851115,0.016882761161856587,0.0027696472260405744,0.00490254109007723,0.001639707101717312,0.018780567047208537,0.0031215248909496063,0.09050403672707069,0.0017873487348077069,0.004482649618919629,7.516163972141665e-06,0.06395082454305974,0.008025856868866633,0.0001059771588281894,0.00040879375479472397,0.008764063631443659,0.014215946594422317,0.021618369306705108,0.0011979404876620438,0.0018774311351633186,0.004714968112815274,0.0024956015238775378,0.007328984095537117,0.010688948940597683
6.777228819298815e-06,0.00768108921835399,0.0018333918802773887,0.006929313236685997,0.0006066175153229408,0.017250657741624452,0.012180879692249638,0.006152580966486663,0.00960743914442079,0.005737052023414012,0.0127957758803028,0.003939783425935495,0.0001027928868240844,0.05495671000758274,0.08423565622878489,0.012791929780465887,0.0002655442364484894,0.033043299355123554,0.002060461613531525,0.00954481139090834,0.01793490973610912,0.0045950320913580684,0.05409201835602082,0.002315171631911883,0.001794164045744881,0.0005214816842910523,0.005570825637987586,0.006126279515965535,0.01802512225479411,0.020306618181325568,0.0034281255892187044,0.036077740578325884,0.002138417374441505,0.014450490886701799,0.0045849388577987,0.02537809212309149,0.018030115792948095,0.0004107343610002172,0.0012163613144238713,0.00020667785593411238,0.005344145262751528,0.0014124613363670712,0.005293676356212345,0.0004482813902376842,0.0051596576463530915,0.0007749666539757006,0.006681760873640493,0.010334534123849019
0.00016202636545924342,0.018281439379680305,0.00016262405131968949,0.006869651982227768,0.0004360842252797093,0.01703595123865936,0.1393963202148695,0.009294450835305713,0.0020102752725764802,0.0014414458735875256,0.0033712579084828986,0.0036963346105314894,0.0007208029573561802,0.05034350827518773,0.08423458519933634,0.012719432622598966,0.0036042833743700903,0.03414523586070078,0.0058051789184368555,0.0022192639405277056,0.016750535149473448,0.004742056417053161,0.05256622903514113,0.0057120153394390515,0.009452370878455425,0.007362689357329586,0.03411790668639286,0.011615551302785493,0.0018409834551331536,0.013726917144446633,0.010280711322268718,0.03585413388288864,0.017278962539296477,0.014464479224536966,0.0009867581159076972,0.02651893696639851,0.019286713922909912,0.0005974454823151166,0.00123302908958864,0.006679807863204311,0.09607099826408053,0.000389233228529102,0.0001985828935022766,0.037237258246615744,0.0019126433893047682,5.931668891224345e-07,0.003443559510825517,0.00883258777045301
8.262828426451618e-05,0.00785440471302834,0.0015074798428795421,0.008710727634958892,0.0014555225083392664,0.011192697915330972,0.00699733010144693,0.0087469273755484,0.011018187686537825,0.0018834627917580643,0.013387174302788057,0.05000546431189698,0.0023307677327727176,0.058908085494706997,0.0858360435656822,0.012873312113944239,0.004196335489181445,0.03303331483434018,0.006534505199968586,0.005460836190058215,0.01502337641348437,0.004675754036149813,0.0427813756816134,0.0015195681459031368,0.011331182197183987,0.017717962334586765,0.005442357214633872,0.009930112832477255,0.000549066990439875,0.01867001238022216,0.00738022935628728,0.03184145935868444,0.002223190084090435,0.014873496129444483,0.00017279041433437316,0.03267398013196399,0.018991844585177272,0.001351350588337181,7.808806820915884e-05,0.006864408225485801,0.005272816442500903,0.0013346932313612469,0.004061282390258677,0.009033208496086263,0.005552971330548637,7.189207181343063e-05,0.024896346722133277,0.011694126968710422
0.0015463314886285608,0.008218510891558315,0.005366268129029884,0.0029324712423881147,0.00042030178066726313,0.011519096453028267,0.0026130960450000845,0.009046676943738112,0.009913123972232804,0.0008723352432828002,0.01312141421880036,0.0002995660773985234,0.0010179081703697932,0.007973850537367197,0.010585608929351627,0.012515381138137101,0.004002561754706717,0.034137182175736136,0.005301106969090594,0.007293180473995214,0.002082708864839012,0.004669631575290024,0.06483631936310222,0.0022802070788294072,0.009058439025065887,0.007093853466767516,0.0026349535880484326,0.005908309916512247,0.0016186203488147794,0.01917240168971908,0.007600240247533501,0.020773264822150722,0.002153571198723995,0.014487067275278211,0.0032654790791550627,0.00016919684197799767,0.0189701912967329,5.374839205140279e-05,0.0012285525571183295,0.0066708869694361165,0.005222491905791011,0.0009940005891967193,0.003360999103064229,0.032337640006856,0.0016676240271382007,0.002472088717295908,0.006461322018901165,0.010273132202144047
4.70528052252456e-05,0.008448309805026246,0.0027541654028353842,0.008658704976661252,0.0014623672795558394,0.011398091306170591,0.0111017979076488,0.009047916391280986,0.009995373623583574,0.0008979134364027729,0.012418883836699361,0.04929469573895168,0.0023627582890850193,0.05741811068879041,0.0867167125998098,0.012938686905873784,0.003959425004785127,0.03327263165665496,0.06420883814762574,0.005424411012952268,0.017193362647534537,0.004665758329950589,0.06442020194362208,0.002296425212154375,0.011419033142616313,0.0039527922069643616,0.0026597852090295055,0.005669650148635408,0.03271224066139525,0.02025224752485385,0.007638798648930218,0.02716796576443588,0.002403463638027674,0.014505262243508524,0.0032998053672594263,0.09827611708359307,0.019336959737599732,0.0005802145446759248,0.0011907910985132642,0.006739742394780448,0.0052722534083344255,0.0004228538864546385,0.003413926341711921,0.008998600058345834,0.004870803559941643,0.0009991273532786804,0.006438168002922556,0.01027335579182403
0.00010146466759892385,0.00652833754527154,0.00014140841926132898,0.008046626547482023,0.004114032403514361,0.011567337059927827,0.13634109586280752,0.009297401067089182,0.009610943992681174,0.0009498158227334479,0.007157520336676499,0.003982395938125919,0.0002621077108718879,0.05256552032239187,0.0844415735912141,0.012898662853687798,0.01270434382262642,0.03306918872489841,0.005698077529237603,0.017221961468629844,0.018595345542710612,0.0046724238886354,0.05556872607134413,0.0017282214423198264,0.0014148380076225275,0.1413565015411393,0.0003321903760706666,0.011516657862540945,0.0016173093719809258,0.013446697492953331,0.007905774519461712,0.03436004848496871,0.0020772045562358022,0.014496335291036373,0.005523828292577187,0.03296340619785854,0.006360146923861034,2.8468952179792938e-05,0.0010549271527013464,0.0080793540423075,0.0003067978594360778,0.000964028227834974,0.0034761114918812706,0.00035479238047816334,0.0016589812972488483,0.008533127574776263,0.006396330031837841,0.008057151579718095
2.0481178335422746e-05,0.013491516873905846,0.005197483601037106,0.007278582709718965,0.0004032712915667628,0.011383596117181656,0.14647676117408412,0.018637668060901426,0.009984810465894257,0.001588733576024281,0.006463077903892788,0.005495373848919889,0.000343581363417478,0.004055399149199122,0.15416736804876963,0.012579872502760908,0.0003323170671463427,0.03400494745433002,0.006082473686695595,0.010375802625982493,0.015016928188287326,0.00469308616242549,0.006355232041318406,0.005362195097143275,0.0088649904311323,0.009874907742296754,0.007913466235933907,0.005973939826591642,0.0019247279525976217,0.01244425471511993,0.003456515079714722,0.04329223485812472,0.0019334636586239929,0.014101468349834183,0.0002929274323249832,0.025921653961993495,0.01810407412653525,0.005401998341316895,0.001110127937193956,0.0092426387466114,0.005253179410769495,0.0013086228244341429,0.0012196528608788026,0.006484279154295346,0.005034707746528695,0.008065039133108413,0.007264468645302472,0.033468931713022704
0.0013205172551667274,0.007860443943183318,0.00281265386562084,0.006859189824167676,0.0006075804259389484,0.04608332844252534,0.003468082430537414,0.005244510085255607,0.009576873187394164,0.006741198758089673,0.009543768534247224,0.003908561989253209,0.0008403190324242731,0.013013037174952773,0.011624523317276252,0.012763768821620862,0.0002707257879557253,0.0037484184300249704,0.007217011686446733,0.002237542346522969,0.01793528000996495,0.004694712273676934,0.04294313542500659,0.0016428870679669287,0.00192065757597093,0.018111443306887236,0.013256664363465613,0.009935211401505082,0.0001468831969093733,0.002695818586565042,0.008098845556831368,0.036087664319040105,0.0039226108894638324,0.014442880334542376,4.4722300801894755e-05,0.030744859494515983,0.018456872181033764,6.37019765202357e-05,0.001267445888501834,0.0001233728106299803,0.005272816442500903,0.0004625764821244295,0.004024667798433541,0.010161012303223933,0.005567708089250545,4.886351358418788e-05,0.024600250290017084,0.010339054787489817
