ADANIENT.NS,ADANIPORTS.NS,APOLLOHOSP.NS,ASIANPAINT.NS,AXISBANK.NS,BAJAJ-AUTO.NS,BAJAJFINSV.NS,BAJFINANCE.NS,BHARTIARTL.NS,BPCL.NS,BRITANNIA.NS,CIPLA.NS,COALINDIA.NS,DIVISLAB.NS,DRREDDY.NS,EICHERMOT.NS,GRASIM.NS,HCLTECH.NS,HDFCBANK.NS,HDFCLIFE.NS,HEROMOTOCO.NS,HINDALCO.NS,HINDUNILVR.NS,ICICIBANK.NS,INDUSINDBK.NS,INFY.NS,ITC.NS,JSWSTEEL.NS,KOTAKBANK.NS,LT.NS,M&M.NS,MARUTI.NS,NESTLEIND.NS,NTPC.NS,ONGC.NS,POWERGRID.NS,RELIANCE.NS,SBILIFE.NS,SBIN.NS,SHRIRAMFIN.NS,SUNPHARMA.NS,TATACONSUM.NS,TATASTEEL.NS,TCS.NS,TECHM.NS,TITAN.NS,ULTRACEMCO.NS,WIPRO.NS
0.0013368083166075608,0.061106105115492394,0.004154124956312528,0.01339385131077881,0.0030627863687500458,0.0855310027713914,0.0037116042822902214,0.008717669278788486,0.004181498696131878,0.002055406830636911,0.007030254394166368,0.0026112881727765316,0.00047828479849524957,0.05625358868650417,0.029476712149860584,0.021642058892471533,0.014699940439006362,0.03309724489814012,0.006271732916211777,0.0020086551856769164,0.05939077871669391,0.005088744079016118,0.15859581288013863,0.005270870281729102,0.005173946030288473,0.008180200393845427,0.01427262276188275,0.012942606655064654,0.01217263915727994,0.005307213394435718,0.008045828489544422,0.04182104748565069,0.0014940510324953221,0.0007972497780840981,0.001776263109707597,0.05828731053027419,0.01584922240496484,0.002103292777644364,0.0011242054208587817,0.00010045449071884026,0.006475302185933141,0.0011873961731810841,0.00027489811991467404,0.18318363739746063,0.004884100607912827,0.0025669721595265346,0.005147324835173375,0.011463768319243861
0.0004533673157185864,0.01656956909648454,0.004135265450350094,0.015040110971810513,0.0032560297939587916,0.085531036057696,0.0012319876730627843,0.005856924163153481,0.00422637218751841,0.0015397601593763529,0.002170616309781723,0.0041590971693919575,0.0004693484965495246,0.03275056620641301,0.024169453055628187,0.022490941370087315,0.014702138633764752,0.03371989096533899,0.001998547581350245,0.13909798497378248,0.05855683894043191,0.004803048655830839,0.15359148255131613,0.005383000429319812,0.008442524396414096,0.00935496567951172,0.014393607669443757,0.012937210520459324,0.03041636335143337,0.0031806317785602126,0.004937716758918749,0.011607223765591854,0.012625837845831543,0.0018802838232352729,0.0007038309030998773,0.055939182831717255,0.017777723396916578,0.006829597235444166,0.00027644685286154144,0.0005133284199284457,0.005698943781950895,0.0011800811166698074,0.0002850713372225352,0.14072984626225654,0.0005671201482972728,0.002633479943063572,0.005102532145946151,0.01124608482048657
0.0015816965080275168,0.0324837295502417,0.0026070113535541133,0.015110446811735834,0.003494300768341778,0.08306684122560745,0.003651977081016388,0.00588100623843007,0.008790936693033343,0.0014160391608743748,0.002234348200022005,0.004008380804715736,0.000333289355662304,0.22037506991058675,0.040810736996618184,0.03083064559533059,0.013737618518917244,0.03318194941289694,0.005786019359544727,0.00888135519404359,0.053812232410722874,0.004775780250776286,0.02882701448586552,0.005277162734877214,0.008137624927926313,0.017752896930406402,0.0001340512090914868,0.012973981562788022,0.030407962223267554,0.037759038649412255,0.005149691047487607,0.03907202144135248,0.013732687373237159,0.0008087374877504775,0.0007447638229065525,0.05806759689175024,0.018442318596567527,0.0017825062046417945,0.009961860475974194,0.008736590104742922,0.006288689659020099,0.0013582404079042433,0.0004292129308026436,0.059201114368218614,0.004741402869375902,0.015548542301489766,0.026254693841742848,0.010047711329628208
0.0015301423179803664,0.017520085497602665,0.0028098410046345753,0.007153383505085714,0.006633955952419014,0.08726912874492965,0.0036568110872456172,0.009793735571567026,0.00903075286541408,0.0013186978560333603,0.003143804431344317,0.004098429025187938,0.0002753065673462499,0.2796572179115279,0.029716052556117777,0.014309492651370272,0.014628835021669466,0.033041403649931245,0.0066263102482742135,0.0060117136609277545,0.00732343942723029,0.0026872370060361667,0.02791939940459786,0.0052734616985469305,0.008458498034299053,0.0006504903209587727,0.0005876840301408204,0.004310650926668503,0.027780154163670252,0.02098551252343226,0.007935337925253097,0.012583763317230724,0.00835133985036154,0.0021196895721375003,0.004918167845352308,0.009184644110760101,0.015758627102240148,0.0017457400520589188,0.0009718050130427654,0.007006395889480451,0.005396085719666842,0.001403646006822231,0.000691818926917412,0.001486686292771789,0.0042915805918135475,0.08395337827129162,0.004737392241600861,0.0022281156735447956
0.0015056442593373038,0.016885687672187146,0.0005398096260946228,0.015683423462467747,0.003721520511618813,0.036132891301306216,0.003391381375226044,0.00933784878018459,0.004393900123929064,0.002636959298721977,0.006884086166351922,0.0037293343112077635,0.00029495230345643226,0.055708701809624436,0.024100195071597042,0.014316213522952408,0.013138183667092957,0.03309264621395554,0.004902102200041232,0.004907351193560091,0.005339615237311068,0.0025849329697984484,0.027451275036837395,0.0010694739080232855,0.009183693259687604,0.001172522237092128,0.00023399108402610749,0.014280000041773513,0.03130573268764216,0.013738121964529622,0.004674392848198309,0.025201726149342636,0.0019184843840265625,0.0010850837309648,0.0025237264053765097,0.002771504706953894,0.017533036330203033,0.0015814595295439852,0.001324230262915965,0.00016063276663505217,0.0027391711956389064,0.0014427340151497976,0.00018660453011838137,0.0049501483923911965,0.0011200207409517385,0.0025456816527641662,0.004968676933625817,0.011456242439378645
0.0005614249013489341,0.0250353449505777,0.0026779879102529136,0.015217850566190745,0.003129783360020888,0.08678987577397233,0.005459694879028622,0.008560427779928595,0.00976082588472918,0.0013992967896773985,0.00264013034651023,0.0035092883685623947,0.0002684160760479107,0.00841032829184788,0.028770467888210007,0.021817896838615177,0.00488545166500059,0.03544027937558104,0.00625130575470586,0.07687552520041369,0.01790759238916009,0.004680780001425648,0.034044831975499776,0.005219269144159351,0.0066385049257349955,0.0074838749652256205,0.03145698512718883,0.01293782445765436,0.017870561617713325,0.012960316878226168,0.007866953097838476,0.03978411155598491,0.003000402765865986,0.0011505368586747224,0.002520892919320692,0.013553667547471351,0.019023367201293186,0.006881975678719742,0.0011642855719203708,0.0005106251061549268,0.004939461092002853,0.0013724787832435897,0.0004643682742248421,0.13551112947427407,0.0006272537841643757,0.007810957814220792,0.00789205519672586,0.011243241931023773
0.0014154054264428613,0.01579701821908177,0.002710976964051085,0.015128236183226977,0.027121618008595853,0.08723664888753192,0.006050852269530506,0.008841573797469299,0.009959051139007634,0.0016032846832900172,0.003254823892299341,0.02260409233509483,0.0005407865567859276,0.23421372031731527,0.021209155587850644,0.014964868847992625,0.01382974809358388,0.033940465999060754,0.005546358888228485,0.007707404760933711,0.0559735347752319,0.00272366799258408,0.027873177271773308,0.005256149332400409,0.008113177543330121,0.01727878606221442,0.0002061538245934232,0.01330812617881988,0.008729696439879893,0.018621053508431816,0.0008352633221309215,0.02662662528113231,0.0006821415297948146,0.0002669029445319859,0.002472525550497061,0.05732283076843086,0.018477514137296824,0.02182705880700482,0.0004398113514691645,0.013187942923995104,0.0030695480558651693,0.0015243880572305937,0.008172428104936232,0.004891972744114551,0.004527852014191256,0.08708681274137314,0.0009174509208673296,0.023750402966526633
0.00046537129343024626,0.034246041248607736,0.00045346135697954537,0.014931287457626301,0.0031531546753710733,0.085531036057696,0.0011794315650298078,0.005872041082392664,0.011572875404609159,0.0032087907803019086,0.0021702445551581347,0.004114447683832522,0.00048662753901886134,0.033419044473873796,0.029175815611062868,0.03167262268498113,0.014702138633764752,0.033179894017273816,0.002108818516811952,0.03832495676484249,0.05782459001440296,0.005088744079016118,0.15859581288013863,0.005275182753149264,0.008442524396414096,0.00935496567951172,0.014393607669443757,0.012974066240524698,0.03041970125610786,0.0031806317785602126,0.005125575585692953,0.027346417644502886,0.0018853006367329462,0.000734391495640688,0.0024722610587691435,0.05573628387690281,0.017777723396916578,0.006829597235444166,0.00027644685286154144,0.0005133284199284457,0.005988491104268612,0.0011662059637242864,0.00029434740764107306,0.1412257574268344,0.0005671201482972728,0.002633479943063572,0.005102532145946151,0.01124331984986059
0.0014944485493934925,0.016969395450443014,0.0038229471762977634,0.007792648988189638,0.0011456975156017932,0.05244554113758554,0.00129875582842059,0.008573144715913528,0.004336839959375118,0.003099245884292707,0.004761995891346285,0.003625162151025378,0.0002986555124082303,0.16205407089212587,0.06868531537787487,0.006526868113387857,0.014423538069902144,0.033247684112332386,0.0016153485157105714,0.007798077006789437,0.0039397103129488326,0.003678493754430406,0.046900344266747614,0.005259809467175361,0.008111919926928378,0.009675886222423862,0.02757910057338172,0.012942427941738322,0.007489847718416903,0.003727514496408981,0.005120543404726787,0.009486800865450595,0.002204413541593869,0.04057721351326103,0.0013890367978002032,0.007900360265951081,0.02092825907021642,0.006615335528677226,0.009871413187975811,0.000986479922003106,0.019625379441269283,0.0015290703668327168,0.0007430920976200009,0.032848773373788574,0.004225751226904042,0.014782620556392762,0.007692301068579606,0.011479459215272221
0.00046537129343024626,0.01657131661560228,0.004146632926393641,0.015040105115699495,0.0031531546753710733,0.085531036057696,0.005037745911281498,0.00593174468692619,0.00422637218751841,0.0032087907803019086,0.002170616309781723,0.004114447683832522,0.004624005284217019,0.03275056620641301,0.029175815611062868,0.03167262268498113,0.014702138633764752,0.033179894017273816,0.0019910434362155507,0.07542992010245975,0.05855683894043191,0.005088744079016118,0.15859581288013863,0.005276799867834124,0.009208529044955657,0.00935496567951172,0.01394625113870441,0.012974066240524698,0.029919974837133167,0.0029140181037862105,0.005120608975943095,0.02111801049382119,0.013762655158829113,0.000743007115521381,0.0006639100646567195,0.055580188128542984,0.017777723396916578,0.006829597235444166,0.0014318363745582398,0.00043765373781450955,0.005742066887198636,0.0014378680664560869,0.00031500319885772836,0.14072984626225654,0.0005671201482972728,0.0026514613745994503,0.005102532145946151,0.03481347549198309
0.0003937137174634162,0.0159698148094748,0.004137471500442237,0.007705418212270488,0.003415915749501425,0.05259915214194698,0.0012443661377310085,0.008619752319842773,0.00441486965359428,0.003076625052858057,0.003031779602957298,0.003694202610137518,0.0002516355882939181,0.16639716570946195,0.06676554337992831,0.021874457493467732,0.014120886726063452,0.03864263515680075,0.001999432499369463,0.007375147676322584,0.16962494554846935,0.003677724574685952,0.04236000033871177,0.005262039867886306,0.00844136387946772,0.009006778918398076,0.0005208672907469794,0.012833084038872884,0.02990153370677325,0.0037225532662731008,0.008012476050875367,0.00977580253482695,0.001493474841422365,0.04046513707403766,0.00486790355477238,0.00797094883108301,0.018855286711583367,0.00661905415945893,0.001166911350700847,0.0005224968394350544,0.005699022750653426,0.001431368033956605,0.00027001770797258756,0.0006822581929825854,0.0041989738555816844,0.002714803296273255,0.004234124960097382,0.011121731388742681
0.0014944485493934925,0.016969395450443014,0.0038229471762977634,0.007792648988189638,0.0011456975156017932,0.05244554113758554,0.00129875582842059,0.008538563452441193,0.004336839959375118,0.0018657857002890616,0.004761995891346285,0.01666885226708526,0.0002986555124082303,0.1667850246739491,0.07003827186735118,0.017147547166715967,0.014423538069902144,0.009879871513072487,0.0016153485157105714,0.007798077006789437,0.003774252457809912,0.005115890177561158,0.052567812103242434,0.005259809467175361,0.008132327121774916,0.009648684548227583,0.02860775332000632,0.011151243570922722,0.007489847718416903,0.003727514496408981,0.005101174267566174,0.009869532694862763,0.01980026917241512,0.04261823907845014,0.0013890367978002032,0.004413104713770894,0.021118544022579153,0.0065740304815111155,0.009871413187975811,0.000986479922003106,0.005001907268316436,0.0015290703668327168,0.0007430920976200009,0.032848773373788574,0.004403247722138142,0.014782620556392762,0.007692301068579606,0.01145313825074572
0.0009191611589085131,0.024023485136951885,0.0026801780359794964,0.015208510923202027,0.003384832074537881,0.08435618359568893,0.003648968032757996,0.008101091046266775,0.00875939383997328,0.0014160903463856583,0.0030321103566363925,0.0032091478678595454,0.0010702497342215938,0.2342161248321484,0.04153921771002325,0.03394096317235078,0.013748287046061613,0.03318194941289694,0.005786019359544727,0.010098581775990932,0.05301792418045902,0.004774785854816507,0.0488591746867617,0.00525729251283882,0.008108730780273233,0.009492783589853497,0.013617028186455705,0.012816307269781736,0.0100561354163434,0.010761073520517304,0.008529621293374198,0.03808896255840118,0.013719805095884857,0.0011141142000050985,0.00255074137164322,0.035183936664858306,0.017624629898621957,0.0017257845639035466,0.009664970289968208,0.008281186185124613,0.006067981221095951,0.001524433366108827,0.008071459622910483,0.0015530444638458618,0.0012483850243025113,0.015626473083109733,0.005739367663982526,0.009138647797982695
0.00046537129343024626,0.01657131661560228,0.004146632926393641,0.015040105115699495,0.0031531546753710733,0.085531036057696,0.0011810475865171649,0.005872041082392664,0.00422637218751841,0.0032087907803019086,0.002170616309781723,0.004114447683832522,0.0004581369323217675,0.03275056620641301,0.029175815611062868,0.03167262268498113,0.014702138633764752,0.033179894017273816,0.001998547581350245,0.07542992010245975,0.05855683894043191,0.005088744079016118,0.15859581288013863,0.005276799867834124,0.008442524396414096,0.00935496567951172,0.014393607669443757,0.012974066240524698,0.03041970125610786,0.0031806317785602126,0.005120608975943095,0.02111801049382119,0.013762655158829113,0.000743007115521381,0.0007038309030998773,0.055939182831717255,0.017777723396916578,0.006829597235444166,0.00027644685286154144,0.0005133284199284457,0.005698943781950895,0.0011800811166698074,0.00027489811991467404,0.14072984626225654,0.0005671201482972728,0.002633479943063572,0.005102532145946151,0.011246024300766534
0.0013674314901389601,0.01664598793423019,0.002913327491077528,0.014685116860458895,0.003286287565309436,0.08347069953962291,0.0036434165692745173,0.008623063478796461,0.00026508588262070306,0.0016070275920638311,0.0027445740418594214,0.015578918023477169,0.00029526195354991487,0.1711776614982464,0.02955910456701727,0.013501118045136179,0.013088585873759034,0.0336333438360402,0.004889284074051231,0.0049726094352353645,0.016249953580565798,0.0051388647706189835,0.02788160838653133,0.005272545561058563,0.0024512873467269166,0.01772471875770842,2.0097072247732273e-05,0.012882386716164351,0.03130573268764216,0.003623370533557187,0.007798757269796714,0.01570899307201074,0.006804250914456602,0.0021022923724712483,0.0034114793462368754,0.03992918348682982,0.017537083303859367,0.0015276318787246805,0.001166911350700847,0.018244217614617156,0.002562313144662101,0.0002553166347475319,0.00022946043266510244,0.001372040587471433,0.0010837794703736075,0.009347316937938121,0.007143231234059232,0.01066121156043493
0.0007098943255583797,0.01656668771571632,0.002710928680670594,0.01608654160426556,0.0031401494507667708,0.05271211303783388,0.0011437842392423075,0.008443784334178368,0.0026928364444654507,0.0020239428963956993,0.0024494819541456105,0.004111525847880156,0.0005015779187190815,0.039113500548553906,0.02950177677615498,0.021642058892471533,0.014269560563315846,0.033100617353358106,0.0019257169927703066,0.010671365970646184,0.16136896458057165,0.004769323755011783,0.15859581288013863,0.005270870281729102,0.008448141313354054,0.008149323046069412,0.014254945841237451,0.012848105107354466,0.03046585036319585,0.006829889599482492,0.008011376269336342,0.010788026480538924,0.012494767044850662,0.0007428005585221912,0.0007213492092000256,0.05622090251597714,0.01581821154353663,0.006875871762074533,0.0013711160744827168,0.0005133284199284457,0.005872996065209071,0.0011823849740842385,0.0002784708298315626,0.15585458824337178,0.0005685591934842982,0.002576300413929119,0.005102532145946151,0.011244372962644678
0.0005105647332579513,0.03526289312575231,0.023694108028477108,0.008095860943496236,0.007163630528552855,0.08645278454939095,0.003628028547773377,0.01748833060300336,0.007269214051993553,0.0020980442352665886,0.002309455222734942,0.005048490625179792,0.00028585264045879083,0.1198084750628146,0.029760936139859737,0.024002213611590863,0.014190741202092037,0.035236352283499826,0.006094270205677316,0.0032774970667803945,0.047214332794791015,0.004774870750139048,0.04081668237806754,0.005255235037135717,0.011664793009557669,0.00683431749037857,0.000501614093939401,0.012867785062051947,0.03395731140155494,0.005275894830647583,0.007910476785800633,0.03804505799879955,0.006166303497025279,0.0011189463731964796,0.002573703953293462,0.03525310074115162,0.01872208397958752,0.018535942206388586,0.0009722009511868345,0.007053490820270069,0.00588777834590901,0.0015415025596115532,0.00040269218743141594,0.0014808141427663504,0.0012630420688028014,0.0855175414640422,0.004884176991892145,0.0014086574927995254
0.00010133338942706655,0.016670367454649494,0.004420953886761774,0.012398278823900937,0.003171586400507766,0.08716322142344549,0.0036162978102721277,0.00942629709886761,0.011517895063580395,0.001620079685704693,0.0031051779115597025,0.005095876997767791,0.0005549661140530609,0.23324945730920146,0.02999803826690202,0.016302157008273633,0.0132010566624842,0.0341090545085655,0.0059792349495464015,0.00955090748775907,0.06574549954526082,0.004668760115287465,0.040574700677894336,0.005274718114618606,0.008479316909638353,0.016734002024687056,0.0003738978829096718,0.011254151445247764,0.02991737653109738,0.0019357879067418565,0.007866007108059313,0.01591207061433115,0.0968282184540951,0.0009884257369244965,0.004879350791133543,0.08849174955195098,0.01847164676625873,0.0241197787365768,0.0007851723123787023,0.014492947538440864,0.002195129753211779,0.0013764071336378916,0.0007391782860371942,0.0015242488837751429,0.004129739793656046,0.014240865785074865,0.004883765128207915,0.0017435720072517223
0.00023416504729685214,0.016881446942321934,0.003868424011295898,0.007360239739025926,0.0010149736305244631,0.04021953092549353,0.0009177864789963221,0.008900130061613575,0.002001464126475025,0.0032488216411864076,0.0023508878092082523,0.005306783721740002,0.00026057145122467034,0.05439363043527702,0.03386883269106719,0.0163426980652778,0.014019619815991482,0.034011211036678694,0.00508634218206174,0.005114870869198899,0.006359015374427512,0.003301683804845834,0.027877219229770937,0.005398968371746744,0.0081994931229737,0.016576903722801697,0.010101832270462763,0.01329745542585202,0.009051031171085036,0.01807662933311801,0.005121131978351619,0.009007675158669322,0.0030863205046362417,0.01183146374152281,0.004712253422064584,0.00824495915063568,0.017668376531692016,0.00195990354239406,0.04618348247110621,0.012840377838632552,0.006906521269269667,0.0011824623416443818,0.0007436596179964132,0.00010928432561208186,0.001272384583741143,0.015299485364537659,0.0108452696056437,0.00692190124517934
8.966083218407e-05,0.016720780012579064,0.05368542226696151,0.015043496068159941,0.0034120707760978107,0.08726160434418906,0.003627594260244075,0.00932800645731536,0.008592789633572137,0.001624258812289179,0.0030294540284638493,0.003695415300741737,0.0005559979467028539,0.23673440455329636,0.024503654370261346,0.02173484916394217,0.0132010566624842,0.038942182926194356,0.003246038263811329,0.052776200808209675,0.014418730649806599,0.004578725704954055,0.04065859582850204,0.005221496470050631,0.00844643939997197,0.00887386904014338,0.0002678888019410899,0.011220056644921005,0.029910964664508058,0.034496241424892174,0.007909032606673699,0.012534055868120602,0.006842221148060263,0.0020916600303105284,0.004871166373716495,0.03533971417621111,0.018472045104613234,0.021969453213904748,0.0010807376281954547,0.006776921756934097,0.00570523007291621,0.0014035379707363583,0.0007642327602457119,0.0015212322073381297,0.004390066417441266,0.09318110014431752,0.001088705970045806,0.0015969245334169551
0.0005640898451186236,0.017626741596949897,0.002679508887045949,0.01581785086758439,0.0031289530192844424,0.08684628759020876,0.005459694879028622,0.008560427779928595,0.003869029914363398,0.0013040214294217532,0.006494877235391424,0.0035079449036758367,0.000268659497856538,0.011805837813747232,0.028739803293146415,0.021818102022698467,0.014716618000676782,0.005313168466611758,0.006230305012948742,0.0048788452755157774,0.01799006599328284,0.004272626213734971,0.0533431290894012,0.0052162346083497,0.009183639439501474,0.0016594750895784242,8.471244904358638e-05,0.012938204388260035,0.02995597135035144,0.013536386096003414,0.008069683394594625,0.009890515739834547,0.0030597730595836796,0.0011305063235381805,0.002598187413893224,0.013553667547471351,0.018846673613272337,0.0016057875066717783,0.0014423130212778649,0.00044123547608293425,0.004924419419223259,0.0014351051074393138,0.004705090471620995,0.005763867349292084,0.001257931155514368,0.002567348249061956,0.0005657301875725924,0.011455299975610983
0.001372245983659959,0.01582701567758601,0.0029299467298060534,0.006921842252760546,0.0032875201615721623,0.08347069953962291,0.0036434165692745173,0.008623063478796461,0.00026508588262070306,0.0016076201593643107,0.0027445740418594214,0.015578918023477169,0.00029526195354991487,0.1711776614982464,0.02955910456701727,0.013466316062901803,0.01402750877240532,0.033126550807721714,0.004889284074051231,0.007333002911755115,0.016249953580565798,0.0037452088786866554,0.02788160838653133,0.005262213007025612,0.002444273124650739,0.01772471875770842,0.0005702816756875686,0.012882386716164351,0.03130573268764216,0.003623370533557187,0.007798757269796714,0.014166136124264293,0.006804250914456602,0.0021022923724712483,0.0034114793462368754,0.03992918348682982,0.01618797028635127,0.0010611310701310107,5.867436904068981e-05,0.007773122288529611,0.013219823837426625,0.0002553166347475319,0.00014424523558103242,0.00121011937850414,0.0041389106518991935,0.009347316937938121,0.007152109531577884,0.01066121156043493
0.0014704754206997018,0.017518749293345744,0.002667669418880119,0.009856309748793472,0.0066259610564138646,0.08726912874492965,0.0036244264200803707,0.008650260502098137,0.009396341909695793,0.0012417384905216244,0.0030327729431430983,0.004103033408468007,0.00027055800855535435,0.2796572179115279,0.024076258864153204,0.014220764583115757,0.013139900745863685,0.038061457798018165,0.0048153119710455375,0.006183107887864782,0.00732343942723029,0.0046596746438846365,0.043192646530434614,0.005273538680831877,0.006937974510339853,0.00895026444417257,0.00010077573334494602,0.004248679578534416,0.028410986705752,0.021478339524911155,0.00793541453556097,0.012609180362945446,0.00835133985036154,0.0020066825367364323,0.004918167845352308,0.05536316141359084,0.015758627102240148,0.07571796267414084,0.001208082022552092,0.007006395889480451,0.00570516534456488,0.001444537945618419,0.00021909587553748923,0.0011310948685123812,0.0008600929939438027,0.08230916514040983,0.004877465282504642,0.010504018005237217
0.00021718342140586796,0.017540179116778715,0.0038214370605840564,0.015670182634617027,0.0011456975156017932,0.05244554113758554,0.001372443366517328,0.00800790907423534,0.0019631563005018176,0.0018213846127731117,0.002348827901387838,0.005305041540631936,0.00026862340237953806,0.12205945909997595,0.06372498683309237,0.01360023383604826,0.0004186850505486638,0.033247684112332386,0.001757280744443659,0.00773639428840163,0.01545116671774576,0.002611018061557208,0.039909180817734584,0.005260780650953627,0.008130543488697203,0.014011751290727691,0.010706491905715815,0.012875036793655974,0.009550202086220637,0.0023564150631142774,0.005120543404726787,0.039002526999790066,0.0029416883745741543,0.0011970507488681253,0.0025183711194727964,0.009411769897497474,0.02092825907021642,0.0023320251701369034,0.01038233612209545,0.002072487953041176,0.005870263933724235,0.001479147858695266,0.0005291861394569144,0.0006042131365036202,0.0012610225988314882,0.015283291346678902,0.007767396606002071,0.011752397373296078
0.0004028954373317575,0.016591658332071147,0.0023949996675150065,0.006509561806479741,0.0031234044710266133,0.08527047885173156,0.035329487096432036,0.004019584948729416,0.009306408210161009,0.00322209118837129,0.0016618939056830294,0.004098555424578165,0.0003171160562614301,0.014709744586628047,0.06235949676929887,0.016852072318071804,0.0147075420156592,0.033097057595035,0.006269604769320694,0.009443289368226315,0.017657375294715623,0.005062071190233546,0.1623625509563005,0.005217171530813743,0.002965992975757435,0.008889244080085705,0.014451352550499393,0.0128440902748013,0.02988053960899998,0.00318872858784814,0.007792514029773279,0.04027418348096792,0.0019270464530178608,0.0023033396199630884,0.002507439008636882,0.056506675164907455,0.01616932139894417,0.005971344512395022,0.00029169800188939073,0.007881291634487026,0.013739927069650645,0.07548353404137137,0.0002725435834036897,0.0012140324031353136,0.004270674915212644,0.002634045709882947,0.007214644402531957,0.011468220988038241
0.001412370230150859,0.01579701821908177,0.005091118055052261,0.015131452977834038,0.003953831741248522,0.08834700479819571,0.006050852269530506,0.008847303472849219,0.00459877331710179,0.001736019934992581,0.004556244820405885,0.016973117926092025,0.0002856218436286153,0.09533658996842931,0.021209155587850644,0.014964868847992625,0.014483427509064076,0.033940465999060754,0.00508634218206174,0.003395139186706144,0.051584589252647084,0.002724746250831039,0.027877219229770937,0.005255765293225097,0.008113177543330121,0.009015871284958683,0.0005731352526262105,0.013300926191891495,0.007498884868936793,0.003736154287712461,0.007938146038450779,0.02662662528113231,0.0006821415297948146,0.013795593927031412,0.002472525550497061,0.06100559337784438,0.01598505909231392,0.0017047522217472886,0.0003857061631199572,0.0003447554643563411,0.006507313727063737,0.0015458412123250528,0.0007338222995069048,0.00394568322060224,0.004527852014191256,0.003064777917056295,0.0010233490891617485,0.023750402966526633
0.000917969934141979,0.03240157881965258,0.0026070113535541133,0.015272976571926887,0.003384832074537881,0.08306684122560745,0.003651977081016388,0.00588100623843007,0.00867715919952204,0.0014172348768267415,0.00223282939706043,0.003751946423559552,0.0010702497342215938,0.2342161248321484,0.0405890365435489,0.031377305320262665,0.013743906546697602,0.03318194941289694,0.005786019359544727,0.007712771465858109,0.05382326288786109,0.004774891497177006,0.04270789865059088,0.005277162734877214,0.008137624927926313,0.009492783589853497,0.012544236555767387,0.012973981562788022,0.030418023316564975,0.0028893810405797487,0.005149691047487607,0.03907202144135248,0.013827642942052626,0.0007438053840477321,0.0007447638229065525,0.006173744462519608,0.017624629898621957,0.001727162393554559,0.009961860475974194,0.008186061259210214,0.006288689659020099,0.0014071040771134627,0.00043053968825697893,0.0015530444638458618,0.004741402869375902,0.015626473083109733,0.026254693841742848,0.011479008474880698
0.00044289188571422326,0.016885687672187146,0.0026812607258203044,0.005692957241305568,0.003721520511618813,0.036131036070209975,0.0036369790430437294,0.009360009794661775,0.004182270399471704,0.001540441518658992,0.006823106198351426,0.003720390057711123,0.00026326286953230125,0.05350417873699944,0.027636009773678187,0.013688668526957099,0.013092104780156611,0.033384484663272394,0.005474152132851706,0.004913157360195743,0.019783355367906152,0.005100851216333922,0.047949404090599765,0.005273541027224024,0.009183693259687604,0.0010845962679221837,0.004828723929380075,0.012880217738890887,0.030207744864309553,0.003870747145607062,0.008137633690597527,0.0208465672867409,0.0014658926072016075,0.0010746635280655366,0.0017534445094525598,0.00018910272304691403,0.017537083303859367,0.0018333740700799232,0.009481747496523772,0.009121107329524578,0.002739052174177727,0.0014385401506002784,0.00020544757750877148,0.13917987069824708,0.001123250303612623,0.0026858751408110385,0.004736816283583639,0.011462577375110606
0.0014154054264428613,0.01579701821908177,0.0027114310490601733,0.015131452977834038,0.003953831741248522,0.08723664888753192,0.006050852269530506,0.008847303472849219,0.009959051139007634,0.0017431510102251177,0.008660315430543861,0.005244609637115535,0.0010947114786095196,0.23500018161636954,0.021209155587850644,0.014964868847992625,0.01382974809358388,0.033940465999060754,0.00508634218206174,0.007632983144479985,0.0559735347752319,0.00272366799258408,0.027873177271773308,0.005256149332400409,0.008113177543330121,0.01727878606221442,0.0002061538245934232,0.01330812617881988,0.008729696439879893,0.018621053508431816,0.0008497266359833765,0.02662662528113231,0.0006821415297948146,0.013946405196952031,0.002472525550497061,0.05746434247327713,0.018398710825165258,0.0017024752067599938,0.00044965909858716863,0.013187942923995104,0.0030695480558651693,0.0015458412123250528,0.0007338222995069048,0.00455418693939739,0.004527852014191256,0.002639686115378871,0.0009174509208673296,0.023750402966526633
0.00021685908308912837,0.016885687672187146,0.002750337784686382,0.00759312045401438,0.005203338084200058,0.0362471199013902,0.005656512903151624,0.007929235700504798,0.011407605670473811,0.003101969402749301,0.0070020612993552936,0.0037293343112077635,0.00026164602995920854,0.053091626786422874,0.031023499326545693,0.013987828215251411,0.013089294623329549,0.03309264621395554,0.0019454355996451312,0.004949169182738822,0.016721981925167488,0.002592275763854545,0.04622689435993825,0.0052572309790495575,0.00901528774013397,0.0668782654630693,0.0013773308661026008,0.012875267936049442,0.018600661304882422,0.0022761732100091588,0.0046777372402578045,0.007426765865966075,0.0019802078599244605,0.0020075055971361423,0.002521950355653741,0.00702154761208152,0.017584000831667418,0.005973308479711859,0.0011625294086128133,0.00853024306317763,0.005842092494008363,0.0014427318311224318,0.00042548702284781186,0.1382631592041746,0.0015713772823950402,0.007782497247942487,0.005943896551622935,0.010951766753704269
0.0004272431420779607,0.0159698148094748,0.004137471500442237,0.007675095464767669,0.0035021531554837787,0.052402642981840074,0.0012565042029909147,0.008638979243033276,0.0027757285271930226,0.002010861541254628,0.0024131782100449113,0.0040512865221980976,0.0003190842634944175,0.1872920710266816,0.06676554337992831,0.005907207949028946,0.00289290378749877,0.0033531003654087618,0.001999432499369463,0.007375147676322584,0.16962494554846935,0.0036015338204271148,0.04181860362848165,0.005262039867886306,0.008195072113661881,0.009006778918398076,0.0005197167045161858,0.012843437230114134,0.029184576092714496,0.006660913466915521,0.008012476050875367,0.01074287632773391,0.001493474841422365,0.04046513707403766,0.0025227123041180197,0.007914691137692827,0.017791584650274257,0.00661905415945893,0.0005098410348285719,0.0005411394713661616,0.005799126882779557,0.0014309855649711583,0.00021012941648958791,0.0006822581929825854,0.0041989738555816844,0.002714803296273255,0.005205633070582068,0.01115713761132755
0.0015269947613889218,0.017648178718029487,0.004154124956312528,0.0007263640597397654,0.003713318611094779,0.03581258279797346,0.006428890842100087,0.009356091178606436,0.00422637218751841,0.0020515645987572136,0.007030254394166368,0.0026112881727765316,0.00047828479849524957,0.056567307897065794,0.024210185262199358,0.02178281054398188,0.014699476706298292,0.03309817482817933,0.006053624363930075,0.0019961117110976713,0.058955198737781676,0.005088744079016118,0.15859581288013863,0.005270870281729102,0.008457356711427685,0.0008741379391708926,0.0007128054667991683,0.01280145621137444,0.03086028874513151,0.004618637973703152,0.008045828489544422,0.025831816441575173,0.012447836241932806,2.8572722547305553e-05,0.001776263109707597,0.004314851890031595,0.01584320889220878,0.0018952846111437494,0.001296243402278372,9.983543496641569e-05,0.006640211849146833,0.0011800811166698074,0.00027489811991467404,0.14681349096317953,0.00066200289186122,0.002576300413929119,0.003900857562046103,0.011208830924119284
0.0005426636703026107,0.017626741596949897,0.002679508887045949,0.00771214623258466,0.0031289530192844424,0.03761358266996224,0.003375166055711278,0.009319092475315961,0.000299745940020542,0.0032015213331024438,0.0072249570785807215,0.0035079449036758367,0.0003065410271158838,0.011485554277131077,0.02874014049812432,0.021818102022698467,0.013850850741409305,0.017748233922684903,0.006258407751469535,0.009391651492537782,0.01787375194278645,0.004272626213734971,0.054411922621435696,0.005217037711077028,0.009207409308946379,0.008889990734265238,2.4329657841104703e-05,0.012938204388260035,0.010140247633716489,0.01069944752621391,0.008069683394594625,0.03812946655454514,0.0019596682513443493,0.0010837308836058126,0.0025091315273413333,0.009115463534940613,0.01846366395511925,0.0016057875066717783,0.0011269074355759658,0.00044123547608293425,0.0049457011518209085,0.0014351051074393138,0.0006413457251398958,0.005763867349292084,0.001257931155514368,0.02709178522193916,0.007237777933543717,0.011472056299303071
0.0008354176347286002,0.01651128529006948,0.0022406907592799723,0.015107938343025765,0.0032442699348114532,0.08527310030234085,0.003644829333232129,0.009347333193691201,0.009249881854695703,0.0015704460989999528,0.0070364557234945295,0.004110953600627962,6.573798924890833e-05,0.005077985548985572,0.062351910341441656,0.01603835588583768,0.01418997337055469,0.0330978744356832,0.0049035804967142195,0.007799460355024278,0.01218694695154976,0.003674083905195436,0.16159895916170053,0.0052161164146665336,0.008472622708463603,0.009407620751568225,0.0005824601665523794,0.012914021280455565,0.030647613103393513,0.013513516229314525,0.007793422317355686,0.01946501568131924,0.01220287664116437,0.0009833506102248516,0.002507967482778945,0.05600190587334104,0.016182495194759176,0.006133795376609612,0.0002922650218682644,0.008582013706466034,0.012980105393082907,0.0014501446403706714,0.0001471918283534188,0.13733211288509423,0.0044515795810884905,0.0025770463474810903,0.004938372754162718,0.011468220988038241
0.0005415753244127844,0.016591658332071147,0.0023949996675150065,0.0077289251129075386,0.0031234044710266133,0.08527047885173156,0.035329487096432036,0.009284429394449036,0.008499930387925302,0.0031954397184925797,0.0072012546905398725,0.00407352960583344,0.0003171160562614301,0.014709744586628047,0.02736621179639933,0.016852072318071804,0.0147075420156592,0.03239082886175191,0.006222416659163155,0.009444617703158749,0.017657375294715623,0.005062071190233546,0.1623625509563005,0.005217171530813743,0.002965992975757435,0.008887079829011865,0.014451352550499393,0.0128440902748013,0.030699745971187187,0.003222154393152986,0.008066282808201033,0.040247738626221885,0.0019270464530178608,0.0023033396199630884,0.002507439008636882,0.05629325278725596,0.018418378555546323,0.0058860970276163604,0.0011518239004036038,0.007551984290786611,0.013587826667689751,0.0014350451036543477,0.0002725435834036897,0.0012140324031353136,0.004270674915212644,0.002634045709882947,0.007214644402531957,0.011468220988038241
0.0012228453981168817,0.017037561166417376,0.002658763766632109,0.015807917217591103,0.012717021032108904,0.05591474429648387,0.0062415369975608636,0.008619745699145042,0.010049980670744807,0.001630926205101583,0.006816561637227287,0.004081169644506637,0.0011134300442235566,0.23630615277043698,0.02986086000646366,0.014235052354077854,0.014644978055336858,0.016299223314576387,0.003549772472826301,0.0048374762204894855,0.05021310075987482,0.0026380193755653177,0.0276647098610515,0.0052734616985469305,0.008457930967645012,0.0088899689001588,0.000579663484315067,0.013238720938991833,0.034092687782419806,0.013695905399717191,0.00790321875139451,0.012046995921028113,0.04535041795333525,0.002147351736944237,0.00016067120836777294,0.05536316141359084,0.018449992485017195,0.018515750863955096,0.009302337370837077,0.017667599854333194,0.0029894124820389997,0.001401913459224956,0.0007411055977825853,0.004552895262113689,0.001535563212155402,0.0004208790202901527,0.007757330151981441,0.01145595159438096
8.545884671252828e-05,0.016862515546351025,0.00290729574666475,0.015273509624640127,0.02619224208256494,0.08447108967361758,0.003589770017483428,0.005958132581003906,0.009717710350706683,0.0016067654260358403,0.0018998363251060643,0.0036951667214460172,0.0005549085400889767,0.23421594489731362,0.0386073043825768,0.032480913613439855,0.013768242373342891,0.0176971732651404,0.016953133405467138,0.007723867988197309,0.017901302421463275,0.004661970960063279,0.04193002433740912,0.0052771457502618436,0.011818830120967617,0.008890905618804713,3.2734200466456344e-05,0.011411158276675866,0.031449689261407336,0.03960964098428684,0.008559961787390123,0.017230066020310332,0.019280150795951495,0.00037324792045782373,0.004946307136208333,0.00831414599984704,0.01753198520305793,0.008395194491184891,0.00969706701163972,0.002743172093860242,0.0013737213178199098,0.0014075565721635957,0.0002895764149564435,0.001544545091320384,0.0015201246877542458,0.015177448894840642,0.026165100611279996,0.00263112709954023
0.0005426636703026107,0.017626741596949897,0.002679508887045949,0.00771214623258466,0.0031289530192844424,0.03761358266996224,0.003375166055711278,0.009319092475315961,0.000299745940020542,0.0032015213331024438,0.004830111584995792,0.0035079449036758367,0.0003065410271158838,0.011485554277131077,0.02874014049812432,0.021818102022698467,0.013850850741409305,0.017748233922684903,0.006258407751469535,0.009391651492537782,0.01787375194278645,0.004272626213734971,0.054411922621435696,0.005217037711077028,0.009207409308946379,0.008889990734265238,2.4329657841104703e-05,0.012938204388260035,0.010140247633716489,0.01069944752621391,0.008069683394594625,0.03812946655454514,0.0019596682513443493,0.0010837308836058126,0.0025091315273413333,0.009115463534940613,0.01846366395511925,0.0016057875066717783,0.0011269074355759658,0.00044123547608293425,0.0049457011518209085,0.0014351051074393138,0.0006413457251398958,0.005763867349292084,0.001257931155514368,0.02709178522193916,0.007237777933543717,0.011472056299303071
0.0005105647332579513,0.03526289312575231,0.023694108028477108,0.008095860943496236,0.007163630528552855,0.10460087317224762,0.003628028547773377,0.01748833060300336,0.007269214051993553,0.0020980442352665886,0.002309455222734942,0.005048490625179792,0.00028585264045879083,0.1198084750628146,0.029760936139859737,0.024002213611590863,0.014190741202092037,0.035236352283499826,0.006094270205677316,0.0032774970667803945,0.047214332794791015,0.004774870750139048,0.04081668237806754,0.005255235037135717,0.011664793009557669,0.00683431749037857,0.000501614093939401,0.012867785062051947,0.10702199979544919,0.005275894830647583,0.007910476785800633,0.02913347371996801,0.006166303497025279,0.0011189463731964796,0.002573703953293462,0.03525310074115162,0.01872208397958752,0.018535942206388586,0.0009722009511868345,0.007053490820270069,0.00588777834590901,0.0015415025596115532,0.00040269218743141594,0.0014808141427663504,0.0012630420688028014,0.0855175414640422,0.004884176991892145,0.0014086574927995254
0.001445319199261724,0.017623423676821494,0.0025561514574198737,0.015084474655512934,0.0031289530192844424,0.08259831736837855,0.0067555492662028024,0.008560474312936234,0.00386880112098082,0.001458562971003521,0.0026543214226755823,0.0035079449036758367,0.0003019045922734202,0.013925513045166527,0.028739803293146415,0.021818102022698467,0.014625460667577386,0.005313168466611758,0.006236611148689813,0.004904722075407426,0.01799006599328284,0.004272626213734971,0.026624851909538158,0.0052162346083497,0.009161102187569272,0.0017095980626475153,8.471244904358638e-05,0.012938204388260035,0.029956526459103922,0.013536386096003414,0.008069683394594625,0.010028440897916026,0.0068086837182626,0.0011305063235381805,0.002598187413893224,0.008317966725736554,0.018718494148830096,0.0015945783305529298,0.0014423130212778649,0.00044123547608293425,0.005510028273628207,0.0014351051074393138,0.004705090471620995,0.005502971037832557,0.001257931155514368,0.01570442701289545,0.0005657301875725924,0.011455299975610983
0.00048141211900068514,0.01677950702668674,0.003559839281582069,0.015038329570794371,0.0032559595614306868,0.08690616744566229,0.003630708042422725,0.008627953902058826,0.004004383515188853,0.0015957420420035515,0.007038371659080736,0.004157598782437565,0.0010367705045998662,0.011011348370831859,0.024267681165180122,0.016390884785345134,0.014972755476727006,0.03371924878025318,0.006679680889135822,0.1477690244027384,0.01611618061779197,0.0031991444826536086,0.05325615962024546,0.005381574706932669,0.008205535860417777,0.009503168994423617,0.01108577510735502,0.012935322670532587,0.029924641294868756,0.0033577654579260386,0.0077406296557240035,0.011260674098207754,0.01273662387625877,0.0018835377100840296,0.002626432940182877,0.061867433657095,0.018626967471041207,0.00018604706936056065,0.00019308447734280281,0.017114619534231348,0.005697154856794352,0.0011800811166698074,0.00028541777127437677,0.14576777780383632,0.004414733157541206,0.012799143915741391,0.005109789669449263,0.01124764267794599
0.0014569443225382268,0.01656991751941245,0.0004551166820574927,0.012900855145904522,0.003655559440056322,0.08687801168252332,0.0036496728900684153,0.005860317284933542,0.008734703830821929,0.0026174005704595374,0.0019075932723080177,0.0226854169328794,0.0010665154033551725,0.22590763693363142,0.008045251813391408,0.013919766144904791,0.013799039630903696,0.03318194941289694,0.004768314818124965,0.007478668694008811,0.05397642077064459,0.004771888628873647,0.04153909693622756,0.005275874162351985,0.008107450266840954,0.009492783589853497,0.012544236555767387,0.014296712035903795,0.0100561354163434,0.010580798280619415,0.007897774846051052,0.03808896255840118,0.08142415774220672,0.0011894073293289478,0.00255074137164322,0.006173744462519608,0.015969312920623847,0.0016061105976853656,0.0017339134842414648,0.0005827911755342681,0.005652893031206242,0.0014071040771134627,0.00043053968825697893,0.0016677435399902593,0.001262506296988766,0.08285406463523175,0.026254693841742848,0.009266269211382669
0.001372245983659959,0.01582701567758601,0.0029299467298060534,0.015393390177710797,0.003424858878104445,0.08347957250570646,0.0036434165692745173,0.008623063478796461,0.00026508588262070306,0.0016076201593643107,0.003040776510470372,0.015578918023477169,0.00029526195354991487,0.23221596624269622,0.02952796671404935,0.022565681143033027,0.01402750877240532,0.033126550807721714,0.004889284074051231,0.05126701549650267,0.016401886714199062,0.0037452088786866554,0.039856029061464265,0.005262213007025612,0.002444273124650739,0.01772471875770842,0.00027696421471009474,0.012882386716164351,0.03130573268764216,0.003623370533557187,0.007798757269796714,0.014166136124264293,0.0068433032753115,0.0021018759846763596,0.004839624706736625,0.035094754353858455,0.01618797028635127,0.0010611310701310107,0.0009713282242578328,0.0067046796305108595,0.013139371954956439,0.0002553166347475319,0.00014424523558103242,0.00121011937850414,0.004146834536437096,0.009347316937938121,0.0010700478244730248,0.01066121156043493
0.007902101518282006,0.015905094565227346,0.0021814647913597075,0.007675801433384286,0.003056384309156378,0.08323443949443875,0.0035004929104419558,0.0018512826409296523,0.002453973616613527,0.0018205139528749794,0.007922937805343106,0.005232113447674774,0.0002999627266399077,0.005951954233795846,0.062276266512868925,0.01225478401382386,0.0007922606374956133,0.03309871157982527,0.005086129272878982,0.00955029377801725,0.01567262358690698,0.0037229909454144787,0.0278487785619072,0.005216560091971784,0.008915649465848614,0.009569435625222188,0.0033956222531355256,0.012796697188818635,0.029925868237757683,0.014220162389671127,0.00779138130770093,0.038300047617702226,0.0010702487240892408,0.001900960596598669,0.002507356942995076,0.014264578738838369,0.018889212490315256,0.00668184888933604,0.0012100751277020053,0.008581448255412204,0.005233870834049387,0.000415365827967303,0.00028548365470899536,0.11097206929110034,0.004746852595435425,0.0026774684794320866,0.00032328127531111974,0.01145785348493694
0.0008828754905879976,0.016980332469976718,0.052054080463247825,0.001529093524885024,0.005787003304588418,0.08671762398758219,0.0037722789948715163,0.00932800645731536,0.008792459535155539,0.0014207111793438526,0.0031515864458760466,0.003695415300741737,0.0005630321527850254,0.2342734596223267,0.02941692619997488,0.011613021724993428,0.0034717058392640717,0.01797529841614398,0.003214999763914362,0.011000518683175193,0.007412140534194339,0.004677747703259446,0.04046691091714567,0.005255359015854585,0.008316402417541955,0.017123337821570078,0.0048300040127676105,0.011264572184233745,0.029872117607294697,0.03623290058340176,0.007910210654432918,0.013052838161176078,0.006903583808369619,0.0021107705588145494,0.003641105247956379,0.014214512616642245,0.005684803231546718,0.022420835405171834,0.0009161156927457994,0.016411519745996882,0.005446147684020712,0.0014035379707363583,0.00023838848520737864,0.0015447123118613921,0.0011213651719808088,0.014875473716271551,0.001160833974736588,0.002004764455425253
0.00010569049628778818,0.017518749293345744,0.0028881935079583913,0.007153383505085714,0.003221836640116405,0.08726912874492965,0.0036244264200803707,0.008650260502098137,0.004363503456336435,0.0028188021060083735,0.0026099683252917426,0.004094630362229848,0.0010081689977574021,0.04276808786249792,0.02447069645092232,0.014309492651370272,0.01459237788701201,0.038236133915713635,0.006188679438567136,0.0061645769896048475,0.05923313332677476,0.0026207693299378386,0.043192646530434614,0.0053169930601590825,0.008457930967645012,0.008673933655132578,0.0005876840301408204,0.010943052580194925,0.009940269308072916,0.021467133294718218,0.009794829214262587,0.012583763317230724,0.0018464857191050738,0.0008007968738814871,0.0025488078051674997,0.05691214096511027,0.01581979590168628,0.0017457400520589188,0.0009707497578145636,0.007006395889480451,0.0053979797133071996,0.0011998406235072287,0.0007454043481304802,0.00152124677571177,0.0009110306215787001,0.08510432974802408,0.0049397443228032445,0.0002912522446635096
0.0014751318108565253,0.01688221136465609,0.0005398096260946228,0.015669988236728785,0.003721520511618813,0.036132891301306216,0.003391381375226044,0.00933784878018459,0.004393900123929064,0.002636959298721977,0.006876380145766798,0.0037293343112077635,0.00029523647011629614,0.055708701809624436,0.022543951029667154,0.014316213522952408,0.0004548354568310259,0.03309264621395554,0.00042350197429968386,0.004907351193560091,0.015672761176121403,0.0025849329697984484,0.02702591363000487,0.005146975115026867,0.009183693259687604,0.0011305341564109865,0.00023399108402610749,0.014280000041773513,0.031669347056077185,0.013738121964529622,0.00513215917427627,0.025903297919050536,0.002936159889993518,0.0010850837309648,0.0025237041064048605,0.009599623299849242,0.017373962732815072,0.001575627857952777,0.0012485619874290773,0.00020136645854962364,0.0029043796985647958,0.0014787131648600395,0.00018660453011838137,0.0049501483923911965,0.0011200207409517385,0.0025456816527641662,0.005017976349713625,0.011456242439378645
0.0008828754905879976,0.016974864106152045,0.052054080463247825,0.001991838734281595,0.005787003304588418,0.08666532545778918,0.0037573515937836884,0.00932800645731536,0.008792459535155539,0.0014207111793438526,0.0031515864458760466,0.0036949934703792067,0.000547951084743497,0.2342734596223267,0.02941692619997488,0.011613021724993428,0.003198388350460159,0.01797529841614398,0.0015049563851380382,0.011000518683175193,0.007565950481274401,0.002647593958817103,0.04030704500966201,0.005255359015854585,0.008249864625606177,0.017123337821570078,0.0048300040127676105,0.010879021338657317,0.00999212202388266,0.013120913669993241,0.007910210654432918,0.03668429772669901,0.006925700898876407,0.00044338447448012555,0.003641105247956379,0.014214512616642245,0.005684803231546718,0.022420835405171834,0.0011092903497928145,0.0003898829455108912,0.004996190647281569,0.0014035379707363583,0.0006928964411320568,0.003432729601857378,0.0011213651719808088,0.014947917140658464,0.004374696797655023,0.010832676495532177
0.0005426636703026107,0.017657623129724097,0.002679508887045949,0.007729321454758826,0.003249674220441838,0.03761358266996224,0.0036870539569869736,0.009319092475315961,0.000299745940020542,0.0015480699532867445,0.007274348869604397,0.0035079449036758367,6.042856436898138e-05,0.07712910637970558,0.02874014049812432,0.021818102022698467,0.013850850741409305,0.017748233922684903,0.005965777711410235,0.007311123381450975,0.017880188672027418,0.004272626213734971,0.054411922621435696,0.005263389946390473,0.009011321386745413,0.009002186512685447,2.4329657841104703e-05,0.012938204388260035,0.010140247633716489,0.01069944752621391,0.008069683394594625,0.01822561340730329,0.0019596682513443493,0.001075366976851075,0.0025091315273413333,0.009560846307827053,0.01846366395511925,0.0017682507429868806,0.001122376465451976,0.00044123547608293425,0.004670250132473599,0.0014349797084313883,0.0006413457251398958,0.005763867349292084,0.001256746675434752,0.02709178522193916,0.004961506285174571,0.011472056299303071
0.0014628007574124411,0.016915251294780123,0.0026695621514215583,0.014825700770053666,0.0037324442939415227,0.036064264746180484,0.006171003671619649,0.008627896878580659,0.0041747438812726936,0.0016839154612910054,0.006823106198351426,0.0037321878819252642,0.00026326286953230125,0.055519538583878564,0.08701781415416454,0.014631874828665507,0.013081552271010606,0.033159044247626765,0.005067827140172189,0.0049726094352353645,0.017003361873808704,0.004786337216313325,0.04157336647636999,0.005256567379029766,0.007000577043949003,0.01708693923180453,0.00011879474952515914,0.013306263661343513,0.03134868114715024,0.0036768079616631456,0.00806373715914393,0.026725044877475113,0.0019184843840265625,0.0016093015438114998,0.0025271229363274966,0.0630834234820126,0.017537083303859367,0.0015802595173469896,0.0012357205329330213,0.014226934917169273,0.003178237447328056,0.0014426849967217107,0.0002148575601176781,0.004637378736108596,0.004294206792824174,0.0003278924548087473,0.005049376334702797,0.011121353641340646
0.0016786122717888697,0.034200790476009615,0.0005398096260946228,0.007762266083319792,0.0037499022239295557,0.036137103471488116,0.006329061631193596,0.008609345638632537,0.011590501521275042,0.0019994871053320117,0.00208113859411553,0.0037138111724366483,0.00026516480005195136,0.015883003997659986,0.06369531465916237,0.013852269169509941,0.014522177134242286,0.03314053686556286,0.004591534440458967,0.021616056290160432,0.01766261767085612,0.002592275763854545,0.22956946128313277,0.005256159154484369,0.009012698782984128,0.0006979644560186488,0.0007453383652166565,0.012875195223345409,0.030914846336406652,0.004527766963307319,0.004390632505030549,0.027423215512612523,0.0016788846076842966,0.0020075055971361423,0.0024650136623846253,0.08610709126263158,0.017584000831667418,0.006003259898639937,0.0011625294086128133,0.0012890602599623722,0.006620569658544155,0.0011818036684351392,0.000711952505918864,0.1485733986859275,0.0014587898074447261,0.007782497247942487,0.00036702062313965274,0.011821357584427162
0.00023101314363593438,0.01754723070386655,0.004137471500442237,0.007338492893521754,0.0010557008743646997,0.03996500545792695,0.001382090595385761,0.008638979243033276,0.0028747222420125763,0.001975789691445127,0.0024087482607407667,0.0040512865221980976,0.00026453064828084623,0.011342625107112411,0.033734158704909645,0.005975319969116401,0.00289290378749877,0.03467421014805952,0.004963301030758311,0.007375147676322584,0.16962494554846935,0.0034108829585238138,0.04181860362848165,0.005266413974139537,0.008131813345541977,0.009008773808157615,0.001659846148602333,0.01294395560594112,0.029088757964795306,0.006705670447807007,0.007854498618133246,0.011006997243712034,0.002244535157545517,0.0016933540846354187,0.0025227123041180197,0.008216696259502453,0.01766824997635818,0.006744194983612748,0.009983928260784997,0.0005631348999082389,0.00687033330358555,0.0011843186527069334,0.00021109912622017913,0.00069611194659457,0.0041989738555816844,0.0029942680207233575,0.01099099274966503,0.01130593966186109
0.00021718342140586796,0.017540179116778715,0.0038214370605840564,0.015670182634617027,0.0011456975156017932,0.05244554113758554,0.001372443366517328,0.00800790907423534,0.01184095461048796,0.0018213846127731117,0.002348827901387838,0.005305041540631936,0.00026862340237953806,0.12205945909997595,0.06372498683309237,0.01360023383604826,0.0004186850505486638,0.033247684112332386,0.001757280744443659,0.00773639428840163,0.01545116671774576,0.002611018061557208,0.0288721848536621,0.005260780650953627,0.008130543488697203,0.014011751290727691,0.0004264130882392029,0.012875036793655974,0.009550202086220637,0.0023564150631142774,0.005120543404726787,0.039002526999790066,0.0029416883745741543,0.0011970507488681253,0.0025183711194727964,0.009411769897497474,0.02092825907021642,0.0023320251701369034,0.01038233612209545,0.002072487953041176,0.005870263933724235,0.001479147858695266,0.0005291861394569144,0.0006042131365036202,0.0012610225988314882,0.015283291346678902,0.007767396606002071,0.011752397373296078
0.0012228453981168817,0.017037561166417376,0.002658763766632109,0.015807917217591103,0.012717021032108904,0.08701512726043388,0.0062415369975608636,0.008619745699145042,0.010049980670744807,0.001630926205101583,0.006816561637227287,0.004081169644506637,0.0011134300442235566,0.23630615277043698,0.02986086000646366,0.014235052354077854,0.014644978055336858,0.016299223314576387,0.003549772472826301,0.0048374762204894855,0.05021310075987482,0.0026380193755653177,0.0276647098610515,0.0052734616985469305,0.008457930967645012,0.0088899689001588,0.000579663484315067,0.013238720938991833,0.034092687782419806,0.013695905399717191,0.00790321875139451,0.012603709288134389,0.04535041795333525,0.002147351736944237,0.00016067120836777294,0.05536316141359084,0.018449992485017195,0.018515750863955096,0.009302337370837077,0.017667599854333194,0.0029894124820389997,0.001401913459224956,0.0007411055977825853,0.004552895262113689,0.001535563212155402,0.0023343085928210863,0.007757330151981441,0.01145595159438096
0.01823091435314845,0.016587942218410142,0.002710928680670594,0.01549900328169473,0.003158231843212598,0.08305674472270624,0.0011437842392423075,0.008445739697510043,0.00875929297791135,0.0014333822136336897,0.0024494819541456105,0.004111525847880156,0.0005015779187190815,0.04126661059672186,0.02950177677615498,0.021642058892471533,0.013769647391755813,0.033100617353358106,0.0019257169927703066,0.010671365970646184,0.05855683894043191,0.004769323755011783,0.15859581288013863,0.005270870281729102,0.008448141313354054,0.008221509508845431,0.014254945841237451,0.012800859964657622,0.03046585036319585,0.005447982749729098,0.008045828489544422,0.021686676510793677,0.012630972242919031,0.0007428005585221912,0.0007400832442547261,0.055939182831717255,0.01581821154353663,0.006875871762074533,0.0013711160744827168,0.0005133284199284457,0.005872996065209071,0.0011800811166698074,0.0002784708298315626,0.15585458824337178,0.0006705692529436042,0.002576300413929119,0.005102532145946151,0.011242852053847
0.0004028954373317575,0.016591658332071147,0.0023949996675150065,0.006509561806479741,0.0031234044710266133,0.08527047885173156,0.035329487096432036,0.005882086310116963,0.009306408210161009,0.00322209118837129,0.0016618939056830294,0.004098555424578165,0.0003171160562614301,0.014709744586628047,0.06235949676929887,0.016852072318071804,0.0147075420156592,0.033097057595035,0.006269604769320694,0.009443289368226315,0.017657375294715623,0.005062071190233546,0.1623625509563005,0.005217171530813743,0.002965992975757435,0.008889244080085705,0.014451352550499393,0.0128440902748013,0.02988053960899998,0.00318872858784814,0.007792514029773279,0.04027418348096792,0.0019270464530178608,0.0023033396199630884,0.002507439008636882,0.056506675164907455,0.01616932139894417,0.005971344512395022,0.00029169800188939073,0.007881291634487026,0.013739927069650645,0.0014232580204148193,0.0002725435834036897,0.0012140324031353136,0.004270674915212644,0.002634045709882947,0.007214644402531957,0.011468220988038241
0.0014154054264428613,0.01579701821908177,0.0027114310490601733,0.010077933573655488,0.003942907958925813,0.08723664888753192,0.003516827641028999,0.008847303472849219,0.009966577716255857,0.003118466171763752,0.008660315430543861,0.05872142571862743,0.0010947114786095196,0.23500018161636954,0.021209155587850644,0.017851732789341025,0.01382974809358388,0.033940465999060754,0.004920617241930782,0.007632983144479985,0.05523058499517497,0.00272366799258408,0.027873177271773308,0.005273122980594666,0.008085602937295404,0.000783652820459042,0.0002061538245934232,0.012979479190642539,0.008729696439879893,0.018621053508431816,0.0008497266359833765,0.020796921736817405,0.0006821415297948146,0.014353653674495157,0.002469129019546074,0.05741333078142661,0.018398710825165258,0.0017024752067599938,0.00044965909858716863,0.0004381946307754729,0.005601283597170459,0.0015458412123250528,0.0007338222995069048,0.004556412827145682,0.0011843457874670135,0.002639686115378871,0.0009174509208673296,0.023750402966526633
0.0009168574732819127,0.035846324908421434,0.0009697597193696515,0.007710803080205014,0.006983209532599757,0.07899712271345334,0.0036418126517684217,0.01810172746825405,0.00990894493174822,0.003196957815454513,0.002593630288634689,0.0037754610712123883,0.0005668926421067782,0.12966521897881433,0.02397911399486929,0.012944733723976695,0.014179274898129578,0.033113551923792596,0.0058911498548140755,0.009806791814057005,0.01571126847989556,0.004781170395029336,0.04107427689854742,0.005254833405100967,0.007136954261651373,0.008800285012873523,0.00033659727308740913,0.012852784904329242,0.033870414578840595,0.006170933604519663,0.007303139874309791,0.037746553313551374,0.0205378919768453,0.03993515791480446,0.0037350957016000826,0.008242572829917161,0.01756234863876471,0.01930358992525289,0.0011877490070325005,0.006303576291996847,0.046544909660889464,0.0015175661699174297,0.000150248808807359,0.005463671197183433,0.0006915243893538473,0.0025479870368207416,0.0010554186645957454,0.010921650493735639
0.0004541508097125133,0.062094607140939465,0.004154124956312528,0.0007263640597397654,0.0036978669026627078,0.0855310027713914,0.003809296137817262,0.008643219558536162,0.004184297786806265,0.0020633795684778422,0.007030254394166368,0.0025900927376312395,0.00047828479849524957,0.056561590190826384,0.029476712149860584,0.021642058892471533,0.014699476706298292,0.03309891698370074,0.006053624363930075,0.0020086551856769164,0.058955198737781676,0.005058270055939469,0.15859581288013863,0.00527077730363239,0.009163739659710202,0.008366871272548853,0.014273426011288197,0.012801384995050891,0.03086028874513151,0.0036639478596467664,0.008045821182100834,0.04182104748565069,0.012773511630982937,3.630741586372298e-05,0.001776263109707597,0.055939182831717255,0.015849141852788108,0.006875871762074533,0.000773212647516351,9.983543496641569e-05,0.006637381948051966,0.0014638028416409019,0.00027476487478828086,0.14681349096317953,0.0006151644658081047,0.002443747245505719,0.0006475360834689594,0.011698348834333546
0.0013315214223508175,0.01782926813582451,0.021892783913971255,0.014923930860079117,0.0031345963319797023,0.08666564540896698,0.0033257775892779028,0.002921931132893816,0.0003767862449402602,0.002487413368458891,0.0018815454066427539,0.0035079449036758367,0.00027023692928268046,0.00859328050275083,0.027086793631804745,0.022930827249040255,0.014716618000676782,0.03326034693430056,0.0014581512663541978,0.009405055876464159,0.01833139287579183,0.002676750637920037,0.027451329588046705,0.005257816922504556,0.0052939817040660135,0.0010782559986920676,0.0041155642793626775,0.010897971853571478,0.010140247633716489,0.013536386096003414,0.00482133654804044,0.036124805813214686,0.001916159575119824,0.00032895849768679734,0.0024902600442882473,0.010208798119172028,0.015731313072769364,0.0016524339483089071,0.0011269074355759658,0.00018496123465543027,0.004955324995277283,0.0015384692070187455,0.0006905531205721704,0.0033189494980406242,0.004904543327345264,0.014948262051837448,0.004635976421389954,0.011472056299303071
0.0005105647332579513,0.03526289312575231,0.023694108028477108,0.01542629142984689,0.007163630528552855,0.08306315657664848,0.003628028547773377,0.01748833060300336,0.007269214051993553,0.0020980442352665886,0.002309455222734942,0.005048490625179792,0.00029497880573091655,0.1198084750628146,0.028289380451037002,0.015687088127620173,0.014190741202092037,0.035236352283499826,0.006086627340951796,0.0032774970667803945,0.048635208565336034,0.004774870750139048,0.04059403037949201,0.005255235037135717,0.011664793009557669,0.008139322524545757,0.00015762759942342802,0.01287429524967847,0.03365340442072408,0.005275894830647583,0.008042815144556697,0.03804505799879955,0.012596817318992405,0.0011189463731964796,0.002573703953293462,0.0339491817186876,0.018533877627236385,0.018535942206388586,0.0013819247840929935,0.006650369583719708,0.005887761014583155,0.0015415025596115532,0.00040269697494082785,0.15504429868860597,0.0006363880963433858,0.0855175414640422,0.004880079919013006,0.0014086574927995254
0.0015213155790154862,0.02437573151228906,0.0034405719738756693,0.015273233614183682,0.0011456975156017932,0.08458480889109672,0.0010561662052769477,0.009115749663467478,0.009032348294121337,0.0014384407949227982,0.0014523208410043473,0.004225714050502499,0.0003245075648703925,0.010531935649647148,0.028644503833568414,0.0008315990821268215,0.0010259665114778068,0.033006332402979136,0.006428600978693499,0.007784041941147421,0.06159933953517961,0.0032521175970638854,0.04309549585794037,0.005219769248338314,0.008258803616327358,0.00982582066922789,0.01135039361428149,0.012938338061495913,0.02991989354809299,0.003378199900326983,0.005116208749966509,0.010438355642650584,0.0019450022388206997,0.0008028733711529305,6.877760339907122e-05,0.05620919665596777,0.017938307947790715,0.0017239088761300588,0.0003710019186676048,0.0009623655587697425,0.018700208032372653,0.0014029690908269673,0.00019065159645503073,0.03374158061214297,0.0007753124712389396,0.0029030541159744206,0.007346269401524566,0.001342908152557297
9.217936858515021e-05,0.017024337181814612,0.003108388185926982,0.006958443761179648,0.0035096258350325185,0.08726160434418906,0.0036329088390709965,0.009320350029225218,0.008587342157668458,0.001624258812289179,0.0030294540284638493,0.003695415300741737,0.0005679794278222177,0.024836471744804453,0.0885155903610094,0.01657614588275756,0.0132010566624842,0.038721422520177996,0.0032461262107211252,0.05317610472300441,0.05920467775981686,0.004712404093875558,0.04236085888559808,0.005215646106521621,0.00844643939997197,0.009056690255725192,0.00037561910671590195,0.011153047874493165,0.029910964664508058,0.0031296947772192704,0.007878773342825005,0.012534055868120602,0.0023667979202783517,0.0009255483731475852,0.005007710903699235,0.03533971417621111,0.018504608589318315,0.021969453213904748,0.0010807376281954547,0.006776921756934097,0.00570523007291621,0.0014035379707363583,0.0007601962202085395,0.0015212322073381297,0.004448034704466499,0.08218688961218101,0.0010678946159131245,0.011512869704840733
0.0013811134461770378,0.01652683978660935,0.0029299467298060534,0.0076681788108802764,0.0032875201615721623,0.08347069953962291,0.0036448531030690927,0.008622759957949516,0.00023239148663969336,0.0016568991440837314,0.0023603195485978256,0.0037127012543674183,0.00018487583757100749,0.021140078643757956,0.06524429910383396,0.013466316062901803,0.014108698835464511,0.033126550807721714,0.004889284074051231,0.007333002911755115,0.018394583135515785,0.0037738731045911583,0.02788160838653133,0.005262128663654006,0.002444273124650739,0.01772471875770842,0.0005146863593890907,0.012882386716164351,0.03092013929937234,0.0041777645112454935,0.007798757269796714,0.014166136124264293,0.013421432750418173,0.0021022923724712483,0.0008073440189202343,0.03992918348682982,0.016192303393207073,0.0010611310701310107,5.867436904068981e-05,0.0014561433916641811,0.005777546277817087,0.0014518738372440022,0.00014424523558103242,0.00121011937850414,0.004001103915472906,0.0015381477552099346,0.007152109531577884,0.0106559345750015
0.0005394109615797149,0.016641400409875932,0.002679508887045949,0.007349201631278927,0.003287850641217467,0.03761358266996224,0.0036438674492677756,0.009319092475315961,0.00029965403247013677,0.0016083231782419189,0.007274348869604397,0.0035079449036758367,6.042856436898138e-05,0.16904423706901428,0.028731243626421564,0.013361345837163772,0.013835265524062204,0.033942077595942914,0.005965777711410235,0.004941457234946261,0.01620469282011342,0.004272626213734971,0.027716787978419297,0.005263389946390473,0.009071695829729172,0.009002186512685447,2.4329657841104703e-05,0.012938204388260035,0.010140247633716489,0.00411187180494875,0.007802861582551539,0.037837600002452745,0.0019596682513443493,0.0021130612102491747,0.0025091315273413333,0.009560846307827053,0.01846366395511925,0.0017682507429868806,0.0011680094429018574,0.00044123547608293425,0.004670250132473599,0.0014344480793452535,0.0006413457251398958,0.005763867349292084,0.0012624285763243141,0.02709178522193916,0.004837344738654844,0.011472056299303071
0.00047208869482672,0.017876266533285876,0.0021729996228176734,0.005686169737089925,0.0031772580194249986,0.05471326626774209,0.0009846242060756235,0.008663868107891786,0.004635048075371113,0.001551518557558672,0.004723769722711891,0.004214145714980688,0.00030358111790956566,0.05351991113646176,0.13614375552721233,0.012328177011506786,0.013802404781418903,0.018087082058865552,0.005454224446973757,0.0794507060950069,0.054555903925935706,0.0050987711042840955,0.04694083650281522,0.005260576342208035,0.010956188130300021,0.008160807618543485,0.004883664594557493,0.010878099966370758,0.030217972511303665,0.0038923661147251864,0.009521409337203097,0.032787986487389946,0.012557703353261063,0.0010631236398912075,0.001743091097694449,0.05595210714616031,0.017623146977128464,0.009415079127395542,0.001369813467348902,0.009058994810969466,0.004920620886884253,0.0013325050983981172,0.00020554759592852228,0.13615376876201596,0.0013842857276773037,0.0023855555422717385,0.005094803209954087,0.011854665010632127
0.0014385086977310338,0.017370152603343545,0.0025742702827209704,0.015049439875289297,0.0015858091639531678,0.03912978094204242,0.006860353394676392,0.008644604673484308,0.003847227502414932,0.0029879436247816364,0.002404123861622011,0.0037258233357881816,0.0003039499148116352,0.052562333567286415,0.06462847846161882,0.016537121115558183,0.014630349929668484,0.005135027339594202,0.002338897538934401,0.006381984503825126,0.015061040726735132,0.004759697426473161,0.02667744179786772,0.005217532322869166,0.008648704118646412,0.009591258055929896,0.0001477413809796926,0.010090805583622983,0.029964185150190958,0.005329513513419934,0.007879403213507887,0.020337246405414913,0.006889574361718021,0.002006452289963964,0.003435258446125454,0.008208923450342395,0.018723433611994154,0.002488685309435766,0.0013239477267833553,0.0017544430515451237,0.005496362152746413,0.001180953607208793,0.004678222758212622,0.00013488534153448858,0.0010733987137136532,0.016171919328328482,0.007211383606148131,0.011156678656236017
0.0015269947613889218,0.03360321230862523,0.004154124956312528,0.0007263640597397654,0.0072963690457137215,0.03581258279797346,0.0022096257454408234,0.009206110685342226,0.00422637218751841,0.0032142672331434735,0.007030254394166368,0.003784976308186843,0.00047828479849524957,0.056567307897065794,0.023972717759715823,0.022124559694513837,0.014724348638051995,0.033113037659842026,0.006053624363930075,0.0019961117110976713,0.057756253412343035,0.005102577222660714,0.054541304472561176,0.005270870281729102,0.008739694762834692,0.0008741379391708926,0.0007068488246655438,0.012853816827400628,0.03086028874513151,0.004679177064517367,0.008045828489544422,0.025831816441575173,0.012543549703046794,0.043013926057201404,0.001776263109707597,0.004355323884479312,0.01584320889220878,0.001940058354653414,0.001296243402278372,9.983543496641569e-05,0.006640211849146833,0.0011800811166698074,0.0002769527623691165,0.14681349096317953,0.00066200289186122,0.002576300413929119,0.0037523610252468784,0.011208830924119284
0.0015056442593373038,0.016885687672187146,0.0005398096260946228,0.014860334017034633,0.003721520511618813,0.03501678841781203,0.003391381375226044,0.008618969183121883,0.011221500424247622,0.002636959298721977,0.006884086166351922,0.0037293343112077635,0.0002956455786058992,0.055708701809624436,0.02425202930397368,0.014306873445909443,0.013137506689860669,0.030733362312199655,0.004902102200041232,0.006825121876489773,0.005339615237311068,0.0025849329697984484,0.04157336647636999,0.0010694739080232855,0.009183693259687604,0.00044206050585581663,0.00023399108402610749,0.014280000041773513,0.03130573268764216,0.013738121964529622,0.004674392848198309,0.025245498504434156,0.0019184843840265625,0.0010850837309648,0.0025237264053765097,0.0028591810466498634,0.017533051437655753,0.0016168790328457956,0.001166911350700847,0.0001675059507463975,0.002741362563161504,0.0014426849967217107,0.0007387900637557693,0.0049501483923911965,0.0011200207409517385,0.002553015578262187,0.00047223465525485925,0.011456895364101442
0.0004308912388327477,0.02446844468389,0.023535879714732335,0.008095860943496236,0.007163630528552855,0.08034195746065155,0.0036312116173708043,0.01748833060300336,0.009814687830148333,0.0014394426794953755,0.002300408217909264,0.004983397997032621,0.00028585264045879083,0.10633492968711628,0.027482182934844612,0.022799126537759208,0.0017364458712479701,0.03465183353960743,0.008976647404555931,0.0032774970667803945,0.007053029277183879,0.004967229585623302,0.04113207078521346,0.005255076364733531,0.011526032860784708,0.018474652550810593,0.004867606899233456,0.012946665186392887,0.029920504373667098,0.006613347140610037,0.007910476785800633,0.03804505799879955,0.006176261173989724,0.0011196651718992482,0.002521621315786661,0.0748203839413164,0.01872208397958752,0.007323367773803362,0.0011525242668831972,0.008894254671544873,0.00588777834590901,0.0014254603971825082,0.004471397573954859,0.006734299850999312,0.0012789887234537765,0.08311982696489492,0.0010149102084237938,0.01108169289491972
8.595379819445673e-05,0.02462525252813677,0.00290729574666475,0.015209055464870634,0.026457205676896366,0.08704668427619094,0.003590474874793847,0.007996026959338175,0.009731920118615005,0.0016076645766820634,0.003024353409433176,0.02257339176485285,0.0005549085400889767,0.23421594489731362,0.00700181233217162,0.016192930799409245,0.013768317931336121,0.0176971732651404,0.016777703527675412,0.009883177724711893,0.016942789056579345,0.004658862449399421,0.04190952752819016,0.005255986955698221,0.011818830120967617,0.008890905618804713,0.0001876965755688415,0.01125348398366958,0.031449689261407336,0.005476445651308651,0.007910210654432918,0.017230066020310332,0.08698847681919779,0.0004485709106402154,0.004946307136208333,0.03732232718234811,0.015964376075911,0.022592712441261074,0.0013283394435073636,0.002743172093860242,0.005643349670893631,0.0015248858611589602,0.0078608709957379,0.001544545091320384,0.0015174113763118178,0.082401678662633,0.005649481903729769,0.002503491332209365
0.00010569049628778818,0.017518749293345744,0.0028098410046345753,0.007153383505085714,0.003221836640116405,0.08726912874492965,0.0036244264200803707,0.008650260502098137,0.009388180899774947,0.0013031351882544832,0.0025105087849092884,0.004098429025187938,0.0010081689977574021,0.2796572179115279,0.02447069645092232,0.014309492651370272,0.01459237788701201,0.038236133915713635,0.006231530985542324,0.0061645769896048475,0.05923313332677476,0.00478668228544206,0.043192646530434614,0.0052734616985469305,0.008457930967645012,0.008948856486732123,0.0005876840301408204,0.010943052580194925,0.009940269308072916,0.021478339524911155,0.00793541453556097,0.012583763317230724,0.00835133985036154,0.0008007968738814871,0.002549199722098992,0.05536316141359084,0.015758627102240148,0.0017457400520589188,0.0009707497578145636,0.007006395889480451,0.0053979797133071996,0.001403646006822231,0.0007435562991277977,0.00152124677571177,0.0042915805918135475,0.08458485919226066,0.0049397443228032445,0.0012889332483991605
0.0005640898451186236,0.017626741596949897,0.002679508887045949,0.01575218281033551,0.003034332244897896,0.08848711347461848,0.005459694879028622,0.008827325765709607,0.003869029914363398,0.0013040214294217532,0.006494877235391424,0.0035079449036758367,0.0002678128691329047,0.010883020233214961,0.0845058125386719,0.02181812402875099,0.014716618000676782,0.03389942612471047,0.006204952087566222,0.0048788452755157774,0.01790303444431956,0.004272626213734971,0.0533431290894012,0.0052162346083497,0.009183639439501474,0.0016594750895784242,0.0001751651647533786,0.012938857015162356,0.02995597135035144,0.006944493678752502,0.008069683394594625,0.008928603964033844,0.0015421264211553502,0.0021093238604743478,0.0006664023004225744,0.062091129752488566,0.019018460662892846,0.0016057875066717783,0.0014423130212778649,0.0011465799309631176,0.004924419419223259,0.0014351051074393138,0.004150725420125064,0.005769505754452237,0.001257931155514368,0.0026084748121347964,0.0004805163608330057,0.01145510346559886
0.0013315214223508175,0.0178443784102936,0.021892783913971255,0.0070059483168770946,0.0032166765418109714,0.08666564540896698,0.0033257775892779028,0.002921931132893816,0.0003767862449402602,0.002465800414380176,0.001880968574721024,0.0035079449036758367,0.00027023692928268046,0.00859328050275083,0.027049802402795357,0.02282378433186858,0.014716618000676782,0.03326034693430056,0.0014581512663541978,0.009405055876464159,0.01833139287579183,0.004865045242149998,0.027451329588046705,0.005257786255303592,0.0052663074471590195,0.0010782559986920676,0.0041155642793626775,0.010944471547613716,0.010140247633716489,0.013536386096003414,0.00482133654804044,0.03524213550261167,0.008340557331184356,0.00032895849768679734,0.002554245734059424,0.01277499531797606,0.015758567518659252,0.0016524339483089071,0.001125422087017782,0.00018496123465543027,0.004955324995277283,0.001538451950322836,0.0006905531205721704,0.003221806329123082,0.004277520604250926,0.014948262051837448,0.004621604986919232,0.011472056299303071
0.0014944485493934925,0.016969395450443014,0.0038229471762977634,0.014698540918247275,0.0011456975156017932,0.05244554113758554,0.00129875582842059,0.002190513083156209,0.0046812034415555995,0.0017935535278375298,0.004668572290494614,0.004386541396875417,0.000298504957985597,0.16205407089212587,0.06868531537787487,0.006526868113387857,0.014467241838779255,0.018260205759385077,0.0016153485157105714,0.007798077006789437,0.0039397103129488326,0.003678493754430406,0.04245163514331538,0.00525099818655074,0.008111919926928378,0.009675886222423862,0.0006247054729626098,0.012884429617620532,0.007489847718416903,0.003727514496408981,0.005420910311848116,0.009491204727001278,0.0020944138807167333,0.04057721351326103,0.0013890367978002032,0.007900360265951081,0.02092825907021642,0.006615335528677226,0.009871413187975811,0.016782039162921442,0.018315660641747774,0.0015217019107769156,0.0007430920976200009,0.0005841902627223769,0.0011328084495897941,0.014782620556392762,0.0076865803557414104,0.010647612051804421
0.001490227190638067,0.017669096970392123,0.003826336458193828,0.007792648988189638,0.0011456975156017932,0.037376557842681214,0.0012010709162577325,0.009343441714708675,0.004303794981311704,0.003099245884292707,0.004761995891346285,0.003625162151025378,0.00028870185000667316,0.1694634049623176,0.06868531537787487,0.021441275002920236,0.014423538069902144,0.018498293611397616,0.0016153485157105714,0.007798077006789437,0.017765251971197243,0.004291466885508979,0.046900344266747614,0.005260790547434477,0.008167369242885915,0.009675886222423862,0.027211231059029447,0.012942427941738322,0.007524031495518972,0.010586296882507555,0.007914048885730551,0.009486800865450595,0.002204413541593869,0.04057721351326103,0.0014528514028783,0.009079981422555571,0.02092825907021642,0.006325230822905693,0.010371062010992393,0.0010106363319410162,0.019625379441269283,0.0015290703668327168,0.0006430144233270572,0.032848773373788574,0.004225751226904042,0.026931127571665464,0.007224864110885727,0.011472040884832595
0.00010386960696246643,0.024409607405748775,0.004067721825756367,0.014764379418812843,0.005133025167126434,0.036247134185799695,0.0012207213775570643,0.008536095181346046,0.004646264901102001,0.0031021543304600766,0.0007812182969806833,0.004129304705172229,0.00026116885394031987,0.006743167336974415,0.02395675525191563,0.013991005232872916,0.016079325221857656,0.033901504202734176,0.002030145862203873,0.005369611698298081,0.01292779749993989,0.004769545123090313,0.019650528468361378,0.005225727081573822,0.00843974842942165,0.01755945264558889,0.0013804993547029219,0.012651396991291728,0.031364254093885255,0.0053497188100440855,0.004612870654040332,0.015376740016677867,0.04228733182409343,0.0022299989722171275,0.0025930748772178998,0.03900274894660241,0.016240720446387035,0.001917371642878478,0.0002540644366962513,0.00731933633537178,0.005644669961323878,0.0013182551746038303,9.271917222922286e-05,0.1311281568537023,0.0015710446773591646,0.0027283176058103664,0.005744797535616914,0.010991691779909905
0.00035581032126557157,0.03418238694096164,0.00613489639484707,0.014931287457626301,0.0031531546753710733,0.085531036057696,0.0011794315650298078,0.005872041082392664,0.011572875404609159,0.002543112342104193,0.002509673006590228,0.004114598940601048,0.00048662753901886134,0.033419044473873796,0.028703225014989647,0.030893241679653512,0.014702138633764752,0.03321199806484759,0.002108818516811952,0.03701519856219871,0.05782459001440296,0.004794592113900692,0.15859581288013863,0.005275324144164086,0.008442524396414096,0.00935496567951172,0.013897869102485784,0.013008476873780902,0.03041970125610786,0.01958147200999144,0.0049785267816890855,0.027346417644502886,0.0018465610961801069,0.0007330032263133982,0.0024722610587691435,0.05573628387690281,0.017777723396916578,0.006829597235444166,0.00027644685286154144,0.0004983710244649709,0.005988491104268612,0.0013963350715408736,0.00029434740764107306,0.1412257574268344,0.0004412104849545514,0.002633479943063572,0.005103499219926303,0.011463673942898886
0.0015230491035562379,0.024545539932365905,0.02265225376817328,0.015345938267972238,0.0011456975156017932,0.05244554113758554,0.0013170216162652763,0.0025866638764481488,0.0020978819699446136,0.0014384407949227982,0.007234185711342789,0.004225714050502499,0.00030875786277716167,0.00852840850516921,0.027028323497094178,0.016258652843609018,0.0003530710584984881,0.033247684112332386,0.0016153485157105714,0.007797854682041978,0.01570849782842561,0.003261366892156221,0.053245696235239684,0.005257483513284959,0.008112474878088546,0.009675886222423862,0.0046385962813545786,0.012938338061495913,0.02991989354809299,0.003357752815752787,0.005115944596526316,0.010438355642650584,0.0019450022388206997,0.0003346417475535994,5.190148255894585e-05,0.008351861577016659,0.020914577771434663,0.001668174110937998,0.000808166260196665,0.000986479922003106,0.01920779212241753,0.0015457296220428634,0.0006895935688869953,0.03374158061214297,0.0011415401306042192,0.015283139585786606,0.007346269401524566,0.001342908152557297
0.0015259600908336187,0.01782926813582451,0.08846540796741546,0.014923930860079117,0.0036946824290761313,0.0865797902258901,0.0033257775892779028,0.009824126092354491,0.0003767862449402602,0.002487413368458891,0.006440885144946466,0.003528820100654138,0.00026333657213857044,0.00859328050275083,0.029410519713929672,0.022930827249040255,0.01316419579858072,0.033130918223500797,0.0014581512663541978,0.009381302408602958,0.01833139287579183,0.002677181595881162,0.027451329588046705,0.005258624617748576,0.005266901996604539,0.0010782559986920676,0.0009692541798849382,0.01092518047971851,0.009994042420661303,0.013536386096003414,0.00826139088227381,0.020650962191135346,0.0019184211115244462,0.00032895849768679734,0.0048333810565861085,0.010208798119172028,0.015758178566660782,0.00164987567356788,0.00972805246609956,0.00018496123465543027,0.004955324995277283,0.0015366280321678246,0.0006905531205721704,0.0033189494980406242,0.004867119211094287,0.014948262051837448,0.0047365237892283375,0.011472056299303071
0.0015816965080275168,0.0324837295502417,0.0026070113535541133,0.015110446811735834,0.003494300768341778,0.08306684122560745,0.003651977081016388,0.00588100623843007,0.008790936693033343,0.0014160391608743748,0.002234348200022005,0.004008380804715736,0.000333289355662304,0.22037506991058675,0.040810736996618184,0.03083064559533059,0.013737618518917244,0.03318194941289694,0.005786019359544727,0.00888135519404359,0.053812232410722874,0.004775780250776286,0.02882701448586552,0.005277162734877214,0.008137624927926313,0.017752896930406402,0.0001340512090914868,0.012973981562788022,0.030407962223267554,0.037759038649412255,0.005149691047487607,0.03907202144135248,0.013732687373237159,0.0008087374877504775,0.0007447638229065525,0.05806759689175024,0.018442318596567527,0.0017825062046417945,0.009961860475974194,0.008736590104742922,0.006288689659020099,0.0013582404079042433,0.0004292129308026436,0.06677007251240297,0.004741402869375902,0.015548542301489766,0.008358976103509119,0.010047711329628208
0.001329787897810066,0.017659459715747637,0.002679508887045949,0.014923930860079117,0.0031345963319797023,0.08666564540896698,0.0033257775892779028,0.009335754590485768,0.0003767862449402602,0.002487413368458891,0.0018815454066427539,0.0035079449036758367,0.00027023692928268046,0.012572068877728576,0.028731079679431774,0.022930827249040255,0.014716618000676782,0.03300670920566186,0.006271324410559307,0.009391651492537782,0.01833139287579183,0.002667501342827701,0.027451329588046705,0.005220102657557911,0.005440310442302518,0.0012223996945322666,0.010827360472359273,0.010897971853571478,0.010140247633716489,0.013536386096003414,0.00482133654804044,0.036124805813214686,0.001916159575119824,0.0007980315468820357,0.0024902600442882473,0.058374248474595845,0.015731313072769364,0.0016524339483089071,0.0011269074355759658,0.0001607838422845431,0.004955324995277283,0.0014351051074393138,0.0001916101957573168,0.0033189494980406242,0.004904543327345264,0.002567348249061956,0.004635976421389954,0.011472056299303071
8.659121855502272e-05,0.016720780012579064,0.0038460458468015483,0.01522761639276588,0.0028428190195595197,0.08727234492305927,0.003624860290265977,0.0014083242561632745,0.008792459535155539,0.001624258812289179,0.007372517084889768,0.003695415300741737,0.0005549085400889767,0.013590296469984872,0.02941692619997488,0.016515452752563588,0.013106896660139285,0.01797529841614398,0.003214999763914362,0.00955090748775907,0.007412140534194339,0.004664150833611604,0.0404094668731966,0.005255986955698221,0.009166211183501999,0.008890905618804713,0.004809518537834542,0.011387009732209871,0.029916263833831506,0.035369288937344916,0.007910210654432918,0.017230066020310332,0.006889574361718021,0.0011248302664075517,0.005061279317406821,0.03732232718234811,0.01847183726796617,0.021973801634496873,0.001462400393285557,0.017658386521709056,0.002195129753211779,0.0020774481910429896,0.0007405294837343004,0.001544545091320384,0.0011213651719808088,0.08410424204965308,0.0010245234960075526,0.002004764455425253
0.0009168574732819127,0.01610813629533086,0.0009697597193696515,0.007712967111745423,0.006983209532599757,0.07899712271345334,0.003638266298250032,0.0014125135206178203,0.01030432907527367,0.003196957815454513,0.0025999380827521766,0.0037754610712123883,0.0005668926421067782,0.0058182760423589885,0.05964768462319507,0.012991630956491338,0.0006111056289848475,0.033098382600472584,0.005054783436729064,0.009799594772867298,0.015713639453253873,0.004741982407531703,0.11285605757347016,0.005254833405100967,0.008900363262831987,0.008808589147266673,0.00033659727308740913,0.012795743076726433,0.033870414578840595,0.006186599028533813,0.007303139874309791,0.037746553313551374,0.020146763066295315,0.0020705274266946093,0.002569782088071039,0.008242572829917161,0.01756234863876471,0.11399331435088506,0.001209936312007794,0.006303576291996847,0.0050336675482269486,0.0015175661699174297,0.000150248808807359,0.005463671197183433,0.0006915243893538473,0.002552234669148755,0.0010554186645957454,0.011461735844792686
0.0014154054264428613,0.01579701821908177,0.0026082866685512357,0.01512826723070634,0.027121618008595853,0.0829508372187039,0.006050852269530506,0.008841573797469299,0.009965853029772058,0.0016017468063815705,0.003254823892299341,0.021593210315845598,0.0003375449699676831,0.23421372031731527,0.021209155587850644,0.030524737849606316,0.013829570973375678,0.03389851641759913,0.005542670325115109,0.007707404760933711,0.0559735347752319,0.004941794831695561,0.027944134009000705,0.005256149332400409,0.008114855272862688,0.01773426037587054,0.00020979265009169054,0.013315499931087991,0.03056940297053087,0.020176455948498012,0.0008352633221309215,0.026511870617710938,0.013547781760525072,0.0002669029445319859,0.002472525550497061,0.05732283076843086,0.018476078974684493,0.0220145801694882,0.0004398113514691645,0.008836086654852117,0.0030695480558651693,0.0015294687904744103,0.00816032891338499,0.004891972744114551,0.004737148962541122,0.08708681274137314,0.0009174509208673296,0.0010908641039010583
0.0005285288247874289,0.017626741596949897,0.002665770990566147,0.015761883926891863,0.003099976771438132,0.08759610296039631,0.0016047912202149324,0.008450724465215902,0.0041378629376841655,0.0013040214294217532,0.006494877235391424,0.003495317372499254,0.0003469656421022801,0.01169723637316774,0.0933067738961363,0.021791744157541395,0.013129159730034548,0.005313168466611758,0.006231831855736656,0.0048788452755157774,0.005094239033055187,0.004272626213734971,0.019446208851407243,0.005160529303092097,0.00841768500579599,0.017013254535299407,0.0007525168935190348,0.012938204388260035,0.030440731248410336,0.01379868233084399,0.004717077463418498,0.009360015568052755,0.0030597730595836796,0.0011327798427645532,0.002565339072402662,0.002557204802490526,0.017582974467488997,0.001605928176569636,0.0002838686294333166,0.0005146137879344453,0.0023029000714897213,0.0011770809636733456,0.005032196812452353,0.004924504191931985,0.0012565190182884803,0.01566103219571878,0.005150183089081063,0.01083907956736276
0.00014189836780641825,0.016720780012579064,0.005190949810190616,0.015229999629714556,0.006471388299740021,0.08834142847766854,0.0031701611664975856,0.008846030177229037,0.008628360190961148,0.001631370562898088,0.003075763124605091,0.016958417932969354,0.00027262665011053993,0.2202118341165053,0.021583417159732252,0.01663092382914614,0.013246295747271574,0.027837651805724062,0.003214999763914362,0.009497548089638274,0.007412140534194339,0.004664150833611604,0.027795833786773094,0.005255986955698221,0.009145563553709844,0.008891917404728854,0.0005779881051179211,0.013300182182018602,0.029916263833831506,0.03442014802354759,0.007910210654432918,0.026763078180310127,0.0069256250031292255,0.01407127407484576,0.00242627533646971,0.03732232718234811,0.01847183726796617,0.022826374254407755,0.001185120260131339,0.01822954320523237,0.002195129753211779,0.0014035379707363583,0.0007337752811078507,0.001544545091320384,0.001014247111877046,0.08234876566937478,0.0010678946159131245,0.002004764455425253
0.00010569049628778818,0.01750363901887665,0.0028098410046345753,0.015071366066669551,0.0031397564302851357,0.08726912874492965,0.0036244264200803707,0.008650260502098137,0.009388180899774947,0.001324748142480142,0.002511085616831019,0.004098429025187938,0.0010081689977574021,0.2796572179115279,0.02450768767993171,0.014416535568550886,0.01459237788701201,0.038236133915713635,0.006231530985542324,0.0061645769896048475,0.05923313332677476,0.002598387681524166,0.043192646530434614,0.005273492365747894,0.008485605224557088,0.008948856486732123,0.0005876840301408204,0.01089655288615269,0.009940269308072916,0.021478339524911155,0.00793541453556097,0.013466436643048165,0.0019269989163774814,0.0008007968738814871,0.0024852140323278157,0.05279856420955378,0.015731372656350263,0.0017457400520589188,0.0009722351063727475,0.007006395889480451,0.0053979797133071996,0.0014036632635181406,0.0007435562991277977,0.0016183899479143833,0.004918603314907886,0.08458485919226066,0.004954115757273968,0.0012889332483991605
0.0004401605770706251,0.015555887948631483,0.0016940404051597815,0.008964415996704323,0.0030753245553340196,0.035955564647240416,0.0011931065808091312,0.00933105976254606,0.0026744688458805775,0.0020002721065311498,0.0071717808546240104,0.004043921415435408,0.0011563937381189465,0.012200636674309814,0.08168597147134607,0.016343749056901485,0.0034778871832031565,0.002779953032025717,0.0016274225325422428,0.00815315683247253,0.059945286771729764,0.004754139223408072,0.02785329405128807,0.0052176048607792975,0.009211061939494116,0.01803333300035369,0.006350980750250477,0.012990153975797187,0.06246173955117894,0.006851060244405884,0.007220391845672484,0.03189866687410754,0.04339166220884503,0.011206619900240685,0.002593619238404763,0.012147956769493162,0.017730512045156143,0.001005698346890802,0.0005439189416887296,0.0007824002471881687,0.018940680858358056,0.001575035034379941,0.0007149252263723922,0.0046712242729710545,0.004708391040288597,0.07257010592193328,0.005213257791807907,0.011037883458494817
8.545884671252828e-05,0.01657581256662491,0.00290729574666475,0.015273521113595496,0.026457205676896366,0.08701980101832145,0.003590474874793847,0.00585669288950443,0.00971754889208595,0.0016088091071231466,0.0018998363251060643,0.022873687942441885,0.0005549085400889767,0.23421594489731362,0.006059633834204187,0.01432632376511872,0.013768317931336121,0.0176971732651404,0.016777703527675412,0.007493566315463543,0.017901302421463275,0.004658968091759921,0.04191635564182681,0.0052758571777366155,0.011818830120967617,0.008890905618804713,3.2734200466456344e-05,0.011411158276675866,0.031449689261407336,0.005264191392357195,0.007919162997249946,0.017230066020310332,0.08698847681919779,0.0004485709106402154,0.004946307136208333,0.00831414599984704,0.015964376075911,0.008275210360602556,0.0015476165715987266,0.002743172093860242,0.005643349670893631,0.0014075565721635957,0.0002895764149564435,0.001544545091320384,0.0015174113763118178,0.082401678662633,0.026165100611279996,0.00263112709954023
0.001588696541093915,0.016885687672187146,0.002750337784686382,0.0078800080444978,0.0011849731947228958,0.0361538875484594,0.005636707399845686,0.007929235700504798,0.011407605670473811,0.003168203978816951,0.0046904241862095,0.0037362081652176624,0.00026810011584924075,0.05875268186309765,0.031238092086156875,0.013844534265926408,0.014441603605784028,0.03309264621395554,0.004614685478055211,0.004949169182738822,0.003758680685676169,0.002592275763854545,0.23085796224364102,0.00525739980435836,0.009012698782984128,0.0668782654630693,3.720722752819234e-05,0.012875267936049442,0.0181547149008985,0.0036716663650736498,0.005430702436664909,0.009430555253670703,0.0019802078599244605,0.0020075055971361423,0.0025086701149371828,0.00702154761208152,0.017584000831667418,0.006591070159264601,0.0011625294086128133,0.008545511340203791,0.004545025659458282,0.0014427318311224318,0.0004217858124452742,0.005136450352123194,0.00113374382596733,0.007782497247942487,0.00031567870677054813,0.011807164142752081
0.0013740586837526236,0.03520371421617083,0.005993632063942175,0.006692338418720529,0.003221836640116405,0.08701512726043388,0.0035845511060432645,0.008638583845864608,0.009388180899774947,0.0013031351882544832,0.002512411081914911,0.004098429025187938,0.0009963856663092983,0.2796572179115279,0.028728222368579845,0.014235052354077854,0.01459237788701201,0.038745906751704355,0.00622806343434184,0.0048374762204894855,0.04869173556892982,0.00478668228544206,0.043192646530434614,0.0052734616985469305,0.008457930967645012,0.008948856486732123,0.0005876840301408204,0.010943052580194925,0.008958086364828526,0.01977460272459379,0.00793541453556097,0.012583763317230724,0.008275571962664588,0.0008007968738814871,0.002549199722098992,0.05536316141359084,0.015758627102240148,0.0014772251059102723,0.0009707497578145636,0.007006395889480451,0.0053979797133071996,0.0014036450336425811,0.0007593153906387424,0.00152124677571177,0.0042915805918135475,0.0023344032227648817,0.0049397443228032445,0.011455770141365942
0.0003937137174634162,0.0159698148094748,0.004137471500442237,0.007705418212270488,0.003415915749501425,0.05259915214194698,0.0012443661377310085,0.008619752319842773,0.00441486965359428,0.003076625052858057,0.003031779602957298,0.003694202610137518,0.0002516355882939181,0.16639716570946195,0.06676554337992831,0.021874457493467732,0.014120886726063452,0.03864263515680075,0.001999432499369463,0.0642159239965015,0.16962494554846935,0.003677724574685952,0.04236000033871177,0.005262039867886306,0.00844136387946772,0.009006778918398076,0.0005208672907469794,0.012833084038872884,0.02990153370677325,0.0037225532662731008,0.008012476050875367,0.00977580253482695,0.001493474841422365,0.04046513707403766,0.00486790355477238,0.00797094883108301,0.018855286711583367,0.00661905415945893,0.001166911350700847,0.0005224968394350544,0.005699022750653426,0.001431368033956605,0.00027001770797258756,0.0006822581929825854,0.0041989738555816844,0.002714803296273255,0.004234124960097382,0.011121731388742681
0.0016841223851671143,0.016523419167666323,0.002488475615986185,0.007801388314516919,0.003749038095662862,0.04157566314887657,0.0010529321603280227,0.008609345638632537,0.004098123049476602,0.0029523424471145842,0.0023627156636412488,0.0037138111724366483,0.0010986633311252246,0.015214525802241372,0.06369531465916237,0.017115659872089697,0.01307969989622925,0.009738522041704716,0.0015409315877242715,0.07528407402673544,0.018103162022625154,0.004979262546300696,0.2271998282691826,0.005260791030328934,0.009012698782984128,0.06506441744185712,0.0003835497103026005,0.013217067010476272,0.03091782445893811,0.013885072736567788,0.004611937647079296,0.020662570175359496,0.01355986495493501,0.03988566220552098,0.0006965864506404335,0.09049860685194791,0.021165125476437553,0.017852084328869977,0.0006916302280693181,0.000987387937585679,0.005706504905738104,0.0015296245934603814,0.0007421989737382435,0.002470425068443872,0.004441493722780958,0.001963748853364931,0.008655686911046467,0.011817123245323632
0.007902101518282006,0.01579719583168511,0.002188478431777593,0.007675801433384286,0.003056384309156378,0.08323443949443875,0.0035004929104419558,0.008374117231397827,0.0021468008544214745,0.0018205139528749794,0.0016907275738048408,0.005232113447674774,0.00031302990114055024,0.005951954233795846,0.06235841908491174,0.016334919057976856,0.0005272439964628716,0.03309789726405,0.005088794562383473,0.009453373829109407,0.015850224564003007,0.0037236925284059464,0.028538576890107303,0.005215030941211706,0.008938351874595171,0.009569435625222188,0.0033956222531355256,0.012796697188818635,0.029925796439180113,0.013513988546487523,0.00779138130770093,0.03899794668055364,0.0019351991680733728,0.0023062826477234437,0.002507356942995076,0.014264578738838369,0.018889212490315256,0.00668184888933604,0.0012100751277020053,0.008581448255412204,0.005233870834049387,0.0005520366576500369,0.00028548365470899536,0.11097206929110034,0.004738733157126855,0.0026762613144302757,0.007187191275468387,0.01145785348493694
0.0004253576979004514,0.01754723070386655,0.004137471500442237,0.007675095464767669,0.0035021531554837787,0.052402642981840074,0.001385751162499089,0.008638979243033276,0.002770318034913558,0.002010861541254628,0.0024131782100449113,0.0040512865221980976,0.0003190842634944175,0.011342625107112411,0.06571556119913807,0.005907207949028946,0.00289290378749877,0.03467421014805952,0.001999432499369463,0.007375147676322584,0.16962494554846935,0.004963579308625843,0.04181860362848165,0.005260619854141218,0.008131821809757566,0.009008773808157615,0.001659846148602333,0.01294395560594112,0.029088757964795306,0.006639474650267447,0.007854498618133246,0.011002714574515435,0.002244535157545517,0.0015830813301369664,0.0025227123041180197,0.007165339772405022,0.017791584650274257,0.00661905415945893,0.009983928260784997,0.0005411394713661616,0.005799126882779557,0.0014309855649711583,0.00021109912622017913,0.0006822581929825854,0.0041989738555816844,0.002714803296273255,0.005205633070582068,0.01115713761132755
0.0015056442593373038,0.016885687672187146,0.0005398096260946228,0.014860334017034633,0.003721520511618813,0.03501678841781203,0.003391381375226044,0.008618969183121883,0.011221500424247622,0.002636959298721977,0.006884086166351922,0.0037293343112077635,0.0002956455786058992,0.055708701809624436,0.02425202930397368,0.014306873445909443,0.013137506689860669,0.03309264621395554,0.004902102200041232,0.006825121876489773,0.005339615237311068,0.0025849329697984484,0.04157336647636999,0.0010694739080232855,0.009183693259687604,0.00044206050585581663,0.00023399108402610749,0.014280000041773513,0.03130573268764216,0.013738121964529622,0.004674392848198309,0.025245498504434156,0.0019184843840265625,0.0010850837309648,0.0025237264053765097,0.0028591810466498634,0.017533051437655753,0.0016168790328457956,0.001166911350700847,0.0001675059507463975,0.002741362563161504,0.0014426849967217107,0.0007387900637557693,0.0049501483923911965,0.0011200207409517385,0.002553015578262187,0.00047223465525485925,0.011456895364101442
0.0009168574732819127,0.035846324908421434,0.0009697597193696515,0.007710803080205014,0.006983209532599757,0.07899712271345334,0.0036418126517684217,0.01810172746825405,0.00990894493174822,0.003196957815454513,0.002593630288634689,0.0037754610712123883,0.0005668926421067782,0.12966521897881433,0.02397911399486929,0.012944733723976695,0.014179274898129578,0.033113551923792596,0.0058911498548140755,0.009806791814057005,0.01571126847989556,0.004781170395029336,0.04107427689854742,0.005254833405100967,0.007136954261651373,0.008800285012873523,0.00033659727308740913,0.012852784904329242,0.033870414578840595,0.006170933604519663,0.007303139874309791,0.037746553313551374,0.0205378919768453,0.03993515791480446,0.0037350957016000826,0.008242572829917161,0.03453769558438613,0.01930358992525289,0.0011877490070325005,0.006303576291996847,0.046544909660889464,0.0015175661699174297,0.000150248808807359,0.005463671197183433,0.0006915243893538473,0.0017421485569952258,0.0010554186645957454,0.010921650493735639
0.0016786122717888697,0.016526065857477693,0.0026759932350251584,0.007643402222454912,0.003749038095662862,0.041723650195705286,0.0010529321603280227,0.008609345638632537,0.004082341751092486,0.0029523424471145842,0.0023627156636412488,0.0037138111724366483,0.0010986633311252246,0.015214525802241372,0.06369531465916237,0.013852269169509941,0.013089614506033215,0.016292142659558948,0.00448126351723125,0.07528407402673544,0.018394895649556025,0.002592275763854545,0.22956946128313277,0.00527370474228167,0.009012698782984128,0.06979157212605044,0.0003835497103026005,0.013217067010476272,0.03091782445893811,0.013885072736567788,0.004611937647079296,0.02119480836193082,0.01355986495493501,0.0021593465912120597,0.0006965864506404335,0.08618276257506477,0.017584000831667418,0.017852084328869977,0.0006916302280693181,0.0012890602599623722,0.005700201931585378,0.0014565601496672315,0.0006924570471597997,0.002615216102681797,0.0014125908254481695,0.001963748853364931,0.008655686911046467,0.011824062035333104
0.0014939234404127994,0.024275325595650644,0.0018363203525507922,0.015345938267972238,0.0011456975156017932,0.053025574760175345,0.0013170216162652763,0.009000497895592553,0.0021323540680075552,0.0014283039114189695,0.007234185711342789,0.0042269020272482985,0.00030875786277716167,0.012507196880147158,0.028672609544721207,0.022112341113489357,0.00029923068186605683,0.03299404638369368,0.0017944719025571698,0.002257758899154416,0.058149255187109436,0.004858896350631491,0.05248418042889233,0.005219769248338314,0.008255975729551083,0.00982582066922789,0.0005545851769214998,0.012938338061495913,0.030209783722759453,0.018684017684645095,0.005421143430348053,0.010461014434808206,0.0018593422691497953,0.0008076064598225905,5.190148255894585e-05,0.05652453179560747,0.02085251035155223,0.07568546488280509,0.000808166260196665,0.0009623655587697425,0.01920779212241753,0.0014423655224634318,0.00019065159645503073,0.03374158061214297,0.0011415401306042192,0.0029030541159744206,0.007343158056553521,0.001342908152557297
