ADANIENT.NS,ADANIPORTS.NS,APOLLOHOSP.NS,ASIANPAINT.NS,AXISBANK.NS,BAJAJ-AUTO.NS,BAJAJFINSV.NS,BAJFINANCE.NS,BHARTIARTL.NS,BPCL.NS,BRITANNIA.NS,CIPLA.NS,COALINDIA.NS,DIVISLAB.NS,DRREDDY.NS,EICHERMOT.NS,GRASIM.NS,HCLTECH.NS,HDFCBANK.NS,HDFCLIFE.NS,HEROMOTOCO.NS,HINDALCO.NS,HINDUNILVR.NS,ICICIBANK.NS,INDUSINDBK.NS,INFY.NS,ITC.NS,JSWSTEEL.NS,KOTAKBANK.NS,LT.NS,M&M.NS,MARUTI.NS,NESTLEIND.NS,NTPC.NS,ONGC.NS,POWERGRID.NS,RELIANCE.NS,SBILIFE.NS,SBIN.NS,SHRIRAMFIN.NS,SUNPHARMA.NS,TATACONSUM.NS,TATASTEEL.NS,TCS.NS,TECHM.NS,TITAN.NS,ULTRACEMCO.NS,WIPRO.NS
0.001936571861608817,0.024100905306333888,0.000590238316246645,0.0030894189806391797,0.001145979639983169,0.003352258255901741,0.0011778244039561286,0.009010142968720578,0.0013542950232793155,0.0021066522905745606,0.08985317220512667,0.0040613392847051255,8.488025040335686e-05,0.05693773552723699,0.04056571810825766,0.01238823916855848,0.0006911886212933936,0.03387091365037111,0.006077346112924644,0.043133729122853515,0.011079044968280936,0.0046597271519179945,0.05245190171594907,0.0052964746536457545,0.0023881594452164513,0.024137214998402483,0.00466212902011914,0.0009497369210670183,0.01807004777758235,0.009837134549469098,0.005150403360317647,0.0024349152780260563,0.003433936029546454,0.00087321203207488,0.0010055244227127826,0.16273226234407498,0.016265417848107633,0.001342745493111116,0.0003938146725990193,0.0029119871631488707,0.005136966939888934,0.0013498859691359558,0.015496592897394515,0.0056160444857097855,0.04133341998348895,0.0002758868689066449,0.004986012181451252,0.254993095920113
0.0030399051594734274,0.013516586510068864,0.005470035728322358,0.0039028597035662698,0.00378340564557653,0.0033670856587379,0.008638283969186136,0.009055911601823702,0.01009653674446763,0.0008605331761285893,0.0025545174476432793,0.0059548908008152735,0.00029490546791929005,0.02539846416633029,0.0167038861228367,0.012685182509297807,0.00036531873502640996,0.03221294168444958,0.0024823370386932997,0.018403474516976596,0.007225188159440798,0.004689812585384047,0.0028120634449073497,0.005197727371375435,0.000376898367303217,0.006485375799942806,0.005205176530808761,0.009935454501160935,0.0204260909883924,0.011597028677706412,0.007364799174531396,0.014249307348526752,0.0028646869170554155,0.0009796820004264206,0.0010258132272709716,0.03537475374174029,0.016431556478621386,0.00151351425396367,0.00030176749109304024,0.015498235941956713,0.004967462374303258,0.00024398550178006276,0.0002167940896944374,2.813580719148237e-05,0.004402843931282679,0.016381519204881703,0.005238701505565713,0.011352669410094924
0.22227285477013073,0.01659570250037104,0.06630339849988057,0.008627273437789636,0.027609330400242278,0.09153958262423872,0.003579701604726563,0.009029683171271844,0.009398605961355182,0.0016145234762247399,0.0028501386448148984,0.0040195287001419866,0.0002628226441027345,0.08717906750227805,0.04158261573703162,0.02688279917199613,0.014868171915030199,0.03328836191752021,0.002485948872242588,0.01631759093386626,0.013100509283478634,0.004316471404018963,0.006537135523757544,0.005303496070135503,0.00917221300523941,0.0009034977301203991,0.02751595333230207,0.012842286704357912,0.01881175078332564,0.013712854855653682,0.005984057795203018,0.01827072762402074,0.008142676871351145,0.014318138719604568,0.0010443683241844331,0.032969119495753305,0.01826950513671724,0.0012319297723820469,0.0011977584755295508,0.014484895785344355,0.00198106361093005,0.00034636451522157996,0.00016795240648633317,0.0019432186111764766,0.044817274399748405,0.002077495819918117,0.00745992541325264,0.011264585978474425
0.002194633622099269,0.01756434071211209,0.0005810287565352471,0.008212616382558525,0.0016651279018438502,0.0025310000028143137,0.0008829969808218251,0.009011494080380602,0.010574416802729284,0.0006319736013730773,0.0025744734203334532,0.006009137292182316,0.000355684915408799,0.02301712147579493,0.017563212569580343,0.012676017051373873,0.0013617433936569494,0.034247216752528294,0.005689673332378046,0.0517578966711671,0.007736960347199149,0.004675953882162183,0.06936280538995097,0.0033738740963648517,0.002425107347250861,0.018527475825354182,0.007938587373544264,0.0015218318852915488,0.0183362833021068,0.01383670639058389,0.00735499052187649,0.012651382989862337,0.0037527184065025555,0.0009745968422552072,0.0003733765824376538,0.03440689504157089,0.016291364418265075,0.0013060750740722428,0.0002859521472275149,0.00430564649460866,0.0050598026200262,0.00476802067208474,6.26830444084691e-07,0.02612446325648988,0.005401729054673073,0.002278682006651645,0.006531429320643739,0.013673574470615362
0.16097426747902077,0.016040215358571332,0.0009474844219245562,0.008455846340740803,0.005120023850520959,0.0032497453037991925,0.0011525554790996584,0.009329630336031642,0.010123625727656347,5.663643750396604e-05,0.002346248776606424,0.004297657505818166,0.001042779091172924,0.03170393951487386,0.03449712445709198,0.011468658192779532,0.01511194687644698,0.03119316762898014,0.002495177215302955,0.03447431785307186,0.006737014944815039,0.005025474938114233,0.010519034508062743,0.005213851216062224,0.0006940276873871301,0.0010653558609099683,0.0053199396723102935,0.009917751050652299,0.01939509057936418,0.011822035326064673,0.005861526142457973,0.037893748364503446,0.003916573380465592,0.014149581842215465,0.0008942560094179651,0.0633375106846023,0.017337220705008996,0.08211796964814683,0.00601299600541801,0.01411049644520739,0.03481837888646335,0.001383449136223416,0.00024919436580280634,0.005481798300064316,0.004706307695807883,0.21350935038193747,0.0053761137958874845,0.010719596930936671
0.10304635177933044,0.01659570250037104,0.06630339849988057,0.008627273437789636,0.028110589999042652,0.09153958262423872,0.003579701604726563,0.01017222817592205,0.009398605961355182,0.0016145234762247399,0.0028501386448148984,0.004020741690371241,5.3778376622541204e-05,0.08543507587079503,0.04158261573703162,0.02688279917199613,0.015047903248650235,0.03328836191752021,0.002500467319489545,0.016240175235778295,0.013048114735582764,0.0043211587153014226,0.006473129147145052,0.0053232401674212755,0.00917221300523941,0.0009034977301203991,0.02813354802909073,0.012842286704357912,0.0187939294773109,0.018897228707238346,0.005996049460389123,0.0007848226853737969,0.008142676871351145,0.014146301440151964,0.0010788716892174864,0.03179162294409297,0.01826950513671724,0.0010011858147509017,0.0011946602949089592,0.014484895785344355,0.005851539191091834,0.018611615273593635,0.00016795240648633317,0.005351874994451759,0.044817274399748405,0.002077495819918117,0.00745992541325264,0.011264585978474425
0.003624756708241644,0.013423407078756324,0.005470035728322358,0.008306734306417343,0.004178003041206151,0.0032303358834330992,0.00864283622614364,0.009003680833150698,0.010161920660534635,0.0007991048199680504,0.0025550025367209114,0.005090243425517649,0.00029490546791929005,0.02538196079478113,0.01670330901466149,0.012676618927644167,0.0017007263933255332,0.05701166765099062,0.0024823370386932997,0.018895948452573717,0.0071891088212041755,0.004698183314013773,0.0028120634449073497,0.005197727371375435,0.00039479066243430295,0.006485375799942806,0.005258260441784141,0.009935454501160935,0.01935666893244991,0.011597028677706412,0.007592097971378815,0.014249307348526752,0.0033635066418661107,0.004318414368362005,0.0007182285145455759,0.03708898564986954,0.01740864224982692,0.001004570110785429,0.0004612262807211346,0.015362699803835587,0.004957080713941197,0.00024398550178006276,9.7442769135024e-05,0.0011913659936254356,0.004402843931282679,0.008277822051043987,0.003938294424400085,0.011342424245248691
0.10864124848029824,0.01535626040314819,0.25004972764493894,0.00792605832029651,0.012263820669708997,0.05401382610852058,0.0035445437969189035,0.010169742927368596,0.1173439445211947,0.008575116619248438,0.0025686366092929056,0.005927308581495361,5.3148414890251346e-05,0.025495296001112822,0.015585689679677406,0.012672198976056715,0.001993714094412731,0.04737003397698103,0.0022605190031297203,0.023793722242356354,0.006589090076062061,0.004827236253701471,0.010481718850855299,0.0008497000071103636,0.00038990509160387695,0.006532404537949865,0.005536049961619953,0.01225639113762979,0.01863232028476472,0.018804501134751055,0.007406507014144456,0.01580426467311663,0.008229488765823221,0.01414678524790868,0.001656980690303846,0.0350017699033025,0.018431058789047553,0.0010032745817420193,0.0003040563425528784,0.0033490758403746613,0.005441128885245805,0.004665658715986751,0.0034620667562789767,0.005593269402660577,0.0006517751176446869,0.008427717605104489,0.00523793742783454,0.013527187685993775
0.10807823828810892,0.015468633830458907,0.23830176971011252,0.00792605832029651,0.012386394283573257,0.05360689277052979,0.0035445437969189035,0.010169742927368596,0.010117819807250062,0.008575116619248438,0.0025686366092929056,0.004094868660456573,5.3148414890251346e-05,0.025540416845372484,0.015554891193386065,0.012332449674040779,0.001981659072134224,0.04737003397698103,0.0022605190031297203,0.022240066093791783,0.006583098555950267,0.004827236253701471,0.010481718850855299,0.0008497000071103636,0.0001081860925128649,0.006532404537949865,0.005536049961619953,0.01225639113762979,0.01863232028476472,0.018804501134751055,0.007406507014144456,0.0009041004504442424,0.003454727780922344,0.01414678524790868,0.011069635958519017,0.03190347082246667,0.01655390568989314,0.0010032745817420193,0.0003040563425528784,0.0033490758403746613,0.005441128885245805,0.019960961419517965,0.0034080686635855305,0.005481835858255398,0.0006517751176446869,0.008427717605104489,0.00523793742783454,0.01341622752245079
0.009364213017102344,0.017229477030921238,0.006613502697032021,0.015089999794721982,0.000988098043648151,0.05560039802467908,0.0003932489167055356,0.009056112212520987,0.00938150737448662,0.0008522625902406829,0.002314610524206694,0.00409650488760728,9.085445844641128e-05,0.05658882337005383,0.01855331721661096,0.014038159286267046,0.0148694259940803,0.03397505905133015,0.005996962459844891,0.04598835411283707,0.07830256750522974,0.0034583601773377198,0.006118502221050513,0.10047964820116624,0.009152349438815413,0.0011375372834956088,0.005293310026694975,0.012281787250377485,0.029491407888296798,0.014256067353284625,0.0073967611274058445,0.016122208929613947,0.003977456240011642,0.014155768264338302,0.0011481781599232805,0.09153261018067543,0.016725515569713897,0.00029972630631810125,0.001207369878487829,0.014061977437222057,0.03579465588399244,0.001355978017620919,0.0003356709180529255,0.025405317240771524,0.0045342183949552,0.022907526018390842,0.00451169955348598,0.0128217031091712
0.16051046884305598,0.016040215358571332,0.0009474844219245562,0.008455394243730058,0.009035619335054547,0.0032497453037991925,0.0011525554790996584,0.009328457222061876,0.010136786086507,6.962072889534502e-05,0.0024085932566071076,0.004066507049873111,0.000350962664041507,0.03170393951487386,0.035835506570014775,0.011482583794434599,0.015267988345166402,0.03119316762898014,0.002495177215302955,0.03531766043281473,0.006776290537328216,0.005025474938114233,0.010519034508062743,0.005213851216062224,0.00069950461981749,0.0010104458097103886,0.0053199396723102935,0.013393566208387518,0.01939509057936418,0.011720513767264977,0.005301820102319235,0.04293590101413897,0.007719634498374108,0.014144787850798642,0.0009559139076438264,0.0633375106846023,0.017765854386482146,0.0002970535877647798,0.0003170796588856878,0.00403284768065072,0.03481837888646335,0.0013321732115921597,0.00026371253299028503,0.006723279960658957,0.004706307695807883,0.20558145421955815,0.0053761137958874845,0.01064862502830313
0.00367394040222883,0.016787143455200566,0.0005636500476164372,0.008347258213538536,0.003671388997262966,0.07459066786092847,0.0012445199196331274,0.009043914444290325,0.004018964594807118,0.0006260652319947141,0.00255542057633663,0.005926649396564888,0.0010755507299414272,0.05633285965747022,0.04093045668810709,0.012481090561242381,0.006285416476642862,0.03325087214061145,0.005744331589762858,0.051851330938689925,0.00674683165932385,0.004814291921130563,0.0034611822252896673,0.004997236304149916,0.0024534938657999935,0.018078220345562685,0.005069557974971426,0.012202779598487631,0.018759062759155558,0.01020830802720632,0.005907313189600379,0.01587803365900541,0.003974671069448708,0.013707227628306767,0.001002558277109363,0.09106890826842898,0.01628036346692239,0.0007288485849453168,0.00026323571537622805,0.009166120286495128,0.003363257503190894,0.001420568963265917,0.0046853608361660005,0.0005364788085003036,0.004469300370026272,0.024236674308671984,0.0023550791382690316,0.013672286738967077
0.21541397186405475,0.016483078688611805,0.06799226848657369,0.008281579973628392,0.0009171542915782597,0.07472526801766945,0.0012150827317716517,0.009015005717779986,0.010690208661951696,0.00017118960588125216,0.0025437383663990732,0.005872671140290569,0.001137979017750938,0.05919879727264826,0.016309397076822094,0.01238823916855848,0.006045711388920674,0.03400760189668777,0.0025079570200896564,0.04317005109362242,0.07350525560484947,0.004662765847180061,0.003651250810362448,0.0051816197920309,0.008413452745927568,0.004718134272632348,0.00613583591577087,0.012691737372020565,0.018608356286354655,0.010249808613341054,0.0059219859545261554,0.01278090687595014,0.0038230338454644875,0.014158360491491767,0.000992578670140694,0.03717575383718129,0.01959543627865455,0.000650043916667533,0.00034561365167570053,0.01819494101404185,0.0033883695002746884,0.0013732553099570974,0.004540323333717628,0.00048735466522592877,0.04357206862470789,0.0002040312971407628,0.00659287482931183,0.013667511213208687
0.0048009503515033525,0.003225440419468992,0.000944796849303752,0.008473886568087499,0.027757663397400427,0.0010651631906709105,0.0034071962293895034,0.009102223647863037,0.010104359463742493,0.0006449185871282861,0.0030415936334921272,0.005178502561249801,0.0003304554707790107,0.05573558088286126,0.04059179421409258,0.012898743916134683,0.001090165435342922,0.032852407875509,0.0024816544780569636,0.0386907327815267,0.006582676777824283,0.004822219605922331,0.007026845184470297,0.005179127719709701,0.0007694108186764655,0.0009076157972950884,0.007822409808755693,0.010675814072187022,0.018601418296312445,0.011822672767433887,0.007404990789472567,0.015052907936824438,0.003412145066061704,0.013829011315881752,0.005252461047023434,0.09316085834949965,0.016644009389244263,0.0052608881205807485,0.00628477491624121,0.009578525789784282,0.034103345803016855,0.00036997124086390106,0.00033909344817103886,0.037786068927617524,0.007905818459661861,0.016499960517309075,0.010293828805488375,0.013061407227891453
0.16097426747902077,0.041052063960700366,0.0009474844219245562,0.008317658325248112,0.0011631127661735003,0.0007199755222236925,0.0010226854982157718,0.009274996448048916,0.0029303510761995158,5.663643750396604e-05,0.002525045261665528,0.00510853653907854,0.00015648005085864213,0.05643469506875059,0.04190239010187867,0.011423992449177186,0.01482530360682064,0.03111042092988186,0.002496312748190524,0.03533922556426861,0.006737014944815039,0.0014391892377265457,0.0027420129114774294,0.005203329051286702,0.01922770024608516,0.016771921237942775,0.0047314128883134176,0.011596480212698653,0.01940837467007305,0.01252910100299474,0.007608061372069994,0.024058052529898073,0.003916573380465592,0.014408027272365783,0.0010557077710094895,0.06693818829888777,0.01656544142277127,0.0032200092911557343,0.0002525023776454738,0.006297090327355394,0.006224835203294142,0.0013748972870769134,0.016679046007903955,0.0010818390625829512,0.004605561444714046,0.002355871357459155,0.0053994332662300176,0.010702268135015573
0.0017455023183689817,0.040327839589371854,0.0022677520201576477,0.0073477530349089475,0.0006218601122183016,0.07132437772477265,0.003324521974262342,0.00907758396611455,0.009362737231314103,0.0011299133124598243,0.0025864998724214826,0.004051832576630438,7.898347407938211e-05,0.05805861102531481,0.016927181070372693,0.014032075139201449,0.00039348377448341146,0.03269570419084404,0.0056530320476583735,0.0459614263195338,0.07687664897681792,0.004673900185280307,0.05354652188176915,0.002822558555176747,0.00013565206259831888,0.0011087232422599177,0.006161258221524714,0.009636422777507626,0.01958722032618021,0.011716137994313675,0.006097970522705595,0.014200780956672505,0.007958146909489957,0.013882034903442853,0.0009616880592833615,0.28977955616523743,0.016704269085235132,0.00023136072426454288,0.00036747246180999767,0.0035419694145231275,0.005284700681838067,0.0027581861639742137,0.0008614393384738682,0.0040925882909854955,0.0007367131076769621,0.0015203092122362692,0.00499273582950477,0.01497408322319108
0.003700436303812216,0.011473760735932825,0.0014398590555475884,0.008433516709114299,0.009014536294292151,0.0033770448885520523,0.003578451378387943,0.009029496416406345,0.010687690063640978,0.0006474802991533532,0.08974141820891768,0.0038662095943222713,0.0011055694326794533,0.0246932386478615,0.01359010898103271,0.012386895339588578,0.001543777204557199,0.0575775415629297,0.005644656279562337,0.01592356841542469,0.007680136044795935,0.0048135288679563406,0.05242371313978023,0.00548499549983381,0.00020596794882281246,0.0024596959770375945,0.006090136138343023,0.013448750697175285,0.03025012955275398,0.013254658427434465,0.0008090336116129034,0.04257153466946711,0.007651038076532287,0.013877878396342136,0.0010477220285729102,0.05257033320286298,0.017738009173292393,0.004641648938047433,0.00026889793559784305,0.0034900794342773746,0.005082298961385033,0.004338421362730386,0.00026383584790873473,0.028833926630319376,0.04104721632634958,0.010438624083543237,0.0066506616100643744,0.01366924598099616
0.11705560376472599,0.011656998743289616,0.0005463538903497511,0.003739222125098047,0.006963833058369409,0.06932114184541219,0.0034969241048630278,0.010366473557989475,0.008546422084774,0.0009246248896929115,0.002855237343813028,0.00594675555417518,0.0001584001865294589,0.0568289655909458,0.041527154247085064,0.02617253077032566,0.014798488117528992,0.03326164464694017,0.002451696818091447,0.041973055661558914,0.006718685866296752,0.0016040852881522905,0.003684968621180294,0.005216205451139401,0.008418451281164826,0.018029103479776383,0.024617669645316385,0.011433628347155117,0.017149541619022136,0.0094942529828147,0.005983469400445666,0.024197533947932996,0.007858271011627933,0.014202018057064619,0.0009632534613128368,0.06464254902624533,0.01826878081676629,0.001337399307467526,0.0011986169141846362,0.01446336069451523,0.005303128601025349,0.001182237813430264,0.0005575289452870806,0.0022266247844678093,0.004533375236464162,0.010517749528325652,0.00755214459806952,0.22079923763480208
0.0035368083237008975,0.003744868322114417,0.0011517790183701534,0.0015018939059229571,0.009014536294292151,0.0008086742949333344,0.002413190848621247,0.009051372960929751,0.010677452793038968,0.0006319736013730773,0.0025533516992686735,0.005976212986290073,0.0003279745611790533,0.025396321371914818,0.01670357343143153,0.012676618927644167,4.254743318689216e-05,0.0575558038952188,0.005689673332378046,0.017246087971710566,0.007737137104803534,0.0048147788961890045,0.05478821697312569,0.005197727371375435,0.0002843659406589285,0.006535319756447046,0.004577901511527455,0.0015218318852915488,0.018298003079075746,0.013585473490781343,0.007280800958112245,0.014213663131915053,0.0035587355492710552,0.0010229000816469698,0.0010705028042142179,0.03505303718647917,0.018416321764247495,0.004770481264465165,0.00014449304334688428,0.004745423809330646,0.005462449233302013,0.0004762131804805004,0.000210274345581635,0.02625012950925379,0.004402843931282679,0.01010732022148911,0.006726830306573696,0.01502175946858731
0.2216421637607517,0.015713407741802823,0.027539181069189192,0.00826900391832813,0.02636248572648686,0.05372937357314707,0.003421035600816517,0.009014547449720734,0.009921263945577179,0.0007780057956171955,0.0025691802977146666,0.004086063410613259,5.051578554735416e-05,0.05693298303390224,0.01767367765211267,0.013442842495646383,0.0021489848737015213,0.034083369005204096,0.0034238734725594937,0.016398969368536062,0.012139857675354665,0.003466825824169059,0.037031134175022684,0.0014501130194025573,0.009376578552131525,0.006696955649548862,0.02617202973562916,0.012247215489646694,0.029238345964126576,0.018861676508492266,0.005137456036695903,0.0012355945500092521,0.00339968240594874,0.0009585104935669496,0.0010454576864255861,0.1500814472269612,0.017227056993768555,0.008089659864517684,0.00047217221955007016,0.0034882632016184625,0.0356677904825325,0.00011837035658744765,0.00016822525202794036,0.003681453400550084,0.00481993119189356,0.008603082687794908,0.0023260969854374753,0.013776231921903232
0.1132077070413245,0.017987238024461984,0.0005682935232191526,0.00313384632378977,0.0011636822628655074,0.07103370774994873,0.0011480635870346001,0.010334126439719505,0.002944749864465856,0.016047061872777352,0.0028359847209950997,0.004061032701781809,0.00015467076456848844,0.056521147174294205,0.041527154247085064,0.014090116942790009,0.015468033568463048,0.03481629209322564,0.002402509725871554,0.04594500243397942,0.006742827593920059,0.0015304598870343681,0.057151146461426064,0.0052305942902291375,0.008418451281164826,0.021515524844964967,0.004774537534943664,0.0006932810276605245,0.018220130594373225,0.009917707567177313,0.007439397286836177,0.024197533947932996,0.0035658671292558676,0.014511484408460687,0.0009632534613128368,0.06462509747879554,0.018384055564307843,0.004870583498778663,0.0012258257462654102,0.0028858943783519595,0.0058767976035380455,0.0011767852249220652,0.016596081792044606,0.004988042445035938,0.0008061161118025403,0.008757939615811394,0.004986484791911898,0.22071796935690735
0.0010628116236255578,0.018291337936063096,0.22972959678214172,0.0031887443837131857,0.01286508042212815,0.0721061702689707,0.0033154127875327432,0.00928718773498613,0.01091833238884199,0.023466656907003974,0.0028057244923830795,0.0040672589369648154,0.00029874616443545133,0.0566717088913009,0.040980701184590636,0.013327159166611252,0.014851802691370673,0.03403847776686073,0.005908503344959529,0.04322610526536401,0.0068871504242946635,0.004782401864149049,0.010650654966610185,0.0038811031106561677,0.0005515842636174655,0.000560994094909336,0.005472920513335892,0.006987873521983115,0.018613806526292246,0.0017451297422916958,0.007444782021874397,0.07651780741048632,0.0033256641145852114,0.0012670025669264586,0.0011444372095103584,0.032711794444134384,0.018754978246170013,0.0015170412013652082,0.0012228349465184416,0.00838803235277091,0.005585928315702149,0.0002884884409912609,0.08836682212332145,0.0018642937673178075,0.005690778886238092,0.005045141330134943,0.007171592744560906,0.012885786840605443
0.012030078383675563,0.003999815162284884,0.001442139246918788,0.007217098527861533,0.009014536294292151,0.07312440689044622,0.001120034874693005,0.009086718446500535,0.010677452793038968,0.004025935861961245,0.0025523366218026017,0.005946961058570903,0.0003308299971898596,0.056598636701403485,0.01649552326618461,0.01282153236785577,0.000603748997617397,0.033181048683358895,0.0056530627457993515,0.051337010359542384,0.006740078649561717,0.005055816983683931,0.005164010899669735,0.005213244309792031,0.000525243085275726,0.0012240810528429784,0.0061016300442811085,0.012219635115457327,0.0005346235456627161,0.013257326615694615,0.0035954693362774508,0.014138478586410118,0.0033763796206836426,0.013877878396342136,0.001065252541298653,0.03597923148371282,0.01653199659550789,0.02665051065973759,0.0012255130930320308,0.008132369238041021,0.005861164535864753,0.0013414908439824567,0.0050255969562116466,0.036333267325030574,0.004489032897672836,0.01750597864848366,0.006725569465474956,0.013533904645783672
0.00011379290226626673,0.04130158795040492,0.001493460648981059,0.003484427614610146,0.009272197946625321,0.006297336533434006,0.0010204769159298608,0.009019435675304504,0.010118900947974475,0.0010972089793669759,0.0010709781132786059,0.006052043706428151,0.0010761716132170669,0.05658663506421246,0.05473538335848435,0.012653652779910233,0.0006256264977331297,0.030213261329970396,0.0025710303450477492,0.051367123273086526,0.010510859693997218,0.004880690656909293,0.003546419588958546,0.0055632229370688405,0.0027531461154333857,0.016792141136070998,0.007488629137453198,0.012066546078661776,0.02773840328905146,0.006192996128421169,0.0036082712291595153,0.038109550035658024,0.05444033176468005,0.004534505190936798,0.010917887375685525,0.2894123688533032,0.0166085279141152,0.0014128268617714795,0.0002722602551025535,0.006534610277724809,0.005422833807175014,0.0014290219152078812,0.0005439130207033922,0.0013025171201659792,0.0007180248697121966,0.008425292937184654,0.00547077432168753,0.01057710095416978
0.00037136674032671154,0.017672282717796115,0.0006084857417045654,0.01486488493814941,0.013022500878878287,0.0009915785870290876,0.0008161420514091438,0.009372245030788146,0.004161683412877856,0.0002104733688360623,0.0025748112143471223,0.0040657637844480465,0.0011026912111155804,0.05654658970332465,0.04101252903251999,0.012673487383505613,0.0004883254566872535,0.03345186045473706,0.00602755264054525,0.05210239812065763,0.007758837276957797,0.004808565973354191,0.010221189439214061,0.005203193251030743,0.0023922575135973266,0.010003404203553617,0.007763671946871701,0.0009948267238498116,0.02820970396940893,0.03406871864947098,0.007261239438139224,0.03865999548850528,0.0037796469909280954,0.000979992218866917,0.0010968527321128154,0.2950635457595234,0.01844897123927666,0.02150742270455457,0.00030067462468341764,0.008975734066482513,0.005075003018163803,0.0013529011587822435,0.0047771777492157715,0.030446368690636334,0.003396082200067277,0.020099296608401495,0.00674125431961363,0.01313575456434421
0.001087064221715936,0.017798482199871596,0.0014913717390812146,0.008298992926580257,0.004284579055493183,0.07149637932966108,0.002487535217134917,0.008621496411825327,0.010061541260956593,0.0008620343932403522,0.0009610811729205307,0.0050818846607121135,0.0003600205479707781,0.05659016470655317,0.01701874107355323,0.012928301327987887,0.008724504807425478,0.03223530750688813,0.006278558958452598,0.0506395896437324,0.07744885319050676,0.00467469537198866,0.004281135669994093,0.005460106580407823,0.00036943333162437527,0.0058889992702449425,0.004888163501594004,0.0010659188554864966,0.020508767579005584,0.012337900376778836,0.003374280675822239,0.014188793828367794,0.003351475299502739,0.01399561440577562,0.00073129782247436,0.06990232832607701,0.016706167709108415,0.001338308755270262,0.00030099506469348817,0.003043494376913947,0.005499434921853842,0.0002343236420797167,6.15957291015619e-05,0.004109498334955544,0.0044373808852630255,0.0001668550363918517,0.004977056063885233,0.010919642702602421
0.01379142991562482,0.016575003533161034,0.0001343049092341203,0.02872226032430211,0.02775094405962563,0.0020505874784259646,0.003577387016482733,0.009081353698296702,0.10693355739057367,0.022241204367675897,0.0025626826537430572,0.005143987560214298,0.0010946666323396477,0.05654913182297995,0.04093523899620756,0.013357014692127241,0.0021263509597321635,0.03327842227725307,0.005612516537397665,0.0433229734798165,0.008967724312823298,0.004832964424249382,0.005141445782450347,0.005229043133432648,0.0023210812473172912,0.0009050641391380493,0.0057031029177641865,0.012703095280431995,0.018608146649135546,0.012130830626374343,0.007294391618363835,0.015050637456422015,0.008147222744297137,0.013828145746774111,0.005279930983447785,0.29414612647585164,0.01961122487489034,0.0006037062579179229,0.0011977584755295508,0.01768735166714911,0.013945411077825867,0.00031962294248234345,0.00480396986976794,0.0019569259672167034,0.044297656309617996,0.010262982811450449,0.011023926338588832,0.013141068689723857
0.003624756708241644,0.0044472146528200356,0.005470035728322358,0.00830654089598031,0.004178003041206151,0.0023051738283262884,0.00864283622614364,0.009003680833150698,0.010161920660534635,0.0007969064390801541,0.0025550025367209114,0.005090243425517649,0.00029490546791929005,0.02538196079478113,0.01670330901466149,0.012676618927644167,0.0017007263933255332,0.057860340445522504,0.005828932691069705,0.017947859483016502,0.007746822480251896,0.004698183314013773,0.0015210897491334703,0.005197727371375435,0.0005060668539579348,0.0065491192900185395,0.005258260441784141,0.012147793379171042,0.01932944064878461,0.01335288789965064,0.007592097971378815,0.014248487586354575,0.007745388704404468,0.004318414368362005,0.000718642656696609,0.037070599980207015,0.01666641305650382,0.001004570110785429,0.0012126414137404275,0.015362699803835587,0.004957080713941197,0.004338826927180395,9.7442769135024e-05,0.027311735082881795,0.004402843931282679,0.008277822051043987,0.07326268861666761,0.011342424245248691
0.0030399051594734274,0.0136755171012709,0.005470035728322358,0.0039028597035662698,0.0035442923563986815,0.003352683745833401,0.0014086922611555044,0.009055911601823702,0.0011784276280343816,0.0021136771327322,0.0025545174476432793,0.005932163743662957,0.00030937547609553406,0.025206557055837214,0.0167038861228367,0.012685182509297807,0.00036531873502640996,0.03221294168444958,0.0024823370386932997,0.018403474516976596,0.011278362301001422,0.004689812585384047,0.05229452352877874,0.005197989920747144,0.000376898367303217,0.006485375799942806,0.004662245063328871,0.009648623755995811,0.02058522793989817,0.011597028677706412,0.005148622402632344,0.014249307348526752,0.0028646869170554155,0.0009796820004264206,0.0010058918502020172,0.03868934871633415,0.016431556478621386,0.00151351425396367,0.00030176749109304024,0.015498235941956713,0.004950899412151983,0.0013628066785151714,0.00012342520876766887,2.813580719148237e-05,0.004402843931282679,0.016381519204881703,0.005238701505565713,0.008560811443119168
0.21944883523048292,0.016220743767800402,0.06547423223758654,0.008314208846397704,0.01238421295190096,0.06026015739366395,0.0035082678099535294,0.009019723809339238,0.00623909324791938,0.0001550459267698223,0.0025698157888474427,0.004046256500191832,0.00031026873174274717,0.02619809688840455,0.016708924875588886,0.011552300113698384,0.013859260939025722,0.034015229696351804,0.006001955289267525,0.03536383297661528,0.009132861123256938,0.0048971929264714446,0.011956555545627572,0.005263129973676985,0.008875512005926196,0.00648237420853725,0.005474086005053369,0.011610874264212583,0.018571345601982293,0.012450138415447624,0.007304516125299433,0.012468404504554753,0.0038893418931571513,0.014186292971091962,0.0010512237306566827,0.03260809074453145,0.017947533585829758,0.0005845171742927292,0.0002512294584157502,0.0068392402644483884,0.0055405554245348924,0.0013740332718940964,0.000473838785352263,0.004745273751555564,0.04748316912463726,0.0015203092122362692,0.003934653557097857,0.01068793075652926
0.2216421637607517,0.015713407741802823,0.027539181069189192,0.00851027558376841,0.02636248572648686,0.05372937357314707,0.0034111581866391972,0.008863743907653883,0.010574726333479216,0.0006217570018090464,0.002569362966539794,0.004055134664951806,5.051578554735416e-05,0.05693298303390224,0.01767367765211267,0.013442842495646383,0.0021489848737015213,0.03402771424497527,0.0034238734725594937,0.01641922858319537,0.012139857675354665,0.003466825824169059,0.037031134175022684,0.0013610832087955528,0.0013662747345532834,0.0024544120761148874,0.005802220829818178,0.010112468298857863,0.02909515272461697,0.012232730247363675,0.00740307985963503,0.0007790943065475288,0.00339968240594874,0.06987411364288593,0.001039315295603769,0.1519771035849651,0.01725045586250295,0.0005928787106412887,0.0004340225265207293,0.0034882632016184625,0.03614275162146629,0.0002901202903282671,0.00016822525202794036,0.003681453400550084,0.0007302890775166587,0.008603082687794908,0.006713362105856192,0.014926276160637903
0.00814815896316228,0.016542947934851344,0.0018481007746070828,0.008120068108698912,0.025051747828936443,0.07648865434212823,0.0035226813493484436,0.009051641321638501,0.005074493962461787,0.0023191839028997054,0.0025558411790576182,0.005090243425517649,0.00031314911807190016,0.05729341331526887,0.0713908159107928,0.04386664039237982,0.0017007263933255332,0.0562565731324557,0.005754486028612304,0.018003855794005742,0.008461215726303015,0.00469692212016832,0.014377647361385085,0.0051972835137279,0.00039805678431769834,0.006681037952797356,0.0015306660666192743,0.009934872405028432,0.03140767537936967,0.01104458856067929,0.0036503849729712773,0.014249307348526752,0.0038022562230913774,0.013927657193614267,0.006210009750031516,0.03499389182043579,0.01847176905007621,0.0006173652851665842,0.0004607555256525004,0.010089751736244875,0.005266552472502488,0.0014458647801179841,0.004746178255973763,0.0012685028680410608,0.004347116874340894,0.00834868181177549,0.13197638284675392,0.011342424245248691
0.09996457842158073,0.015739694180014713,0.004613161125399577,0.008341365610349248,0.002318383448674538,0.002514110945805628,0.003620987176824861,0.008876917734870654,0.006481696738295208,0.0006320784708297492,0.0025515562116304896,0.005270369331458871,0.00026091085350137845,0.057131894265688064,0.017024269605208787,0.011931335997005233,0.013664622159235286,0.03282112886657087,0.004885141381963845,0.015866681660117836,0.0077760617354540795,0.005047312880102133,0.010144781286450459,0.005182784367886288,0.0014414066580709889,0.0025629074472765436,0.006125130802548006,0.013595702178851537,0.019714888670640023,0.012202846725001723,0.007276357975733537,0.014988402108532098,0.0029442853063169528,0.013840865162923028,0.0006428066133460811,0.06786501712235149,0.017289130207646306,0.0025899980740440587,0.0012980602738462835,0.01327782166053424,0.013294951920489632,0.0003596488893399664,6.0106056425839136e-05,0.0026231830202914485,0.009646562112035939,0.2215068756016027,0.006721006347380584,0.01442206097243006
0.003647904684793919,0.0037200569891149065,0.005697789097019776,0.00830952589039148,0.01109029189976041,0.003352258255901741,0.0011778244039561286,0.00901002747458601,0.010686854268644411,0.000796639262089764,0.08803821127200684,0.006027611020872079,0.001100806392928419,0.025265983927960752,0.01801479252584258,0.01238823916855848,0.0013500701097361244,0.03387091365037111,0.006077346112924644,0.019116830531079185,0.011204361983945409,0.004801689481574937,0.052273429963231775,0.005299993163875756,0.0024726821455640213,0.018301676087957422,0.006087601046409952,0.0007812983110687972,0.03007647592897762,0.013267306297695392,0.007582674375603557,0.0019821160468617123,0.003204024901121011,0.00087321203207488,0.0010055244227127826,0.1621569723805909,0.0031966323432095524,0.0010095185213226236,0.0004605098927681964,0.015226779440601607,0.00512859106277344,0.0002350720781048762,0.004280125791587104,0.0004707392255867718,0.04486970754623357,0.010450118350232851,0.003913609128460525,0.013672596973672962
0.09996457842158073,0.015597906314716043,0.0013128341422087774,0.008507297377931482,0.002318383448674538,0.002514110945805628,0.0035902124898720064,0.008876917734870654,0.000877398757546651,0.0006320784708297492,0.0025537926256924853,0.005218890538767562,0.00026271934883646933,0.05712909278323262,0.01671739838083752,0.027051295271581132,0.0013464562673951282,0.03282112886657087,0.0033819101941887563,0.015866681660117836,0.0077760617354540795,0.004674429490882506,0.010144781286450459,0.005192896408166504,0.0014414066580709889,0.00251109443129352,0.006125130802548006,0.00976131869615298,0.03416622087478034,0.012216002879353288,0.007304516125299433,0.012285037359416278,0.0029812937062905854,0.013844854972063165,0.0006428066133460811,0.06817207405113368,0.017249989313973788,0.0007209860943538184,0.0013117604915996717,0.0031976374202103463,0.014146902361384762,0.0028403484516815107,0.00020403991077999107,0.02632468486227392,0.0007529277421297448,0.0030916441819626114,0.00671484614006781,0.014994601686570505
0.0019425181363433575,0.003961912499635805,0.001408525991245105,0.008326034922538448,0.01104385938584191,0.003352258255901741,0.003665934216620037,0.009010024873442407,0.010686854268644411,0.0006268458919699431,0.08985317220512667,0.005092365117522453,0.0011121233042501984,0.025265983927960752,0.042587594915047135,0.01238823916855848,0.001681281067349191,0.03388702027173469,0.00245911543367075,0.05096310275032793,0.011079044968280936,0.00478398808223225,0.052273429963231775,0.005300244893650457,0.0024726821455640213,0.018301676087957422,0.009452797352064413,0.0007805436849695335,0.03007647592897762,0.013267306297695392,0.007332393197953097,0.0025025965475854563,0.003716096901924263,0.00087321203207488,0.0010055244227127826,0.0572416292423882,0.016286865952165,0.0012019393136848725,0.0012752441538147856,0.0029632477227685195,0.005301263536062801,0.0002483340697348776,0.004280125791587104,0.0004075262015902879,0.004795042351722716,0.008264107174531165,0.0021475331068572545,0.013588001692795275
0.003624756708241644,0.01567395743148845,0.0013468602585668186,0.008309246640851028,0.0018073416362556502,0.00500716211165679,0.01752775294856187,0.00863710580489571,0.010173897786839116,0.0007703846600676977,0.0028349463329390367,0.003805847268262031,0.00031314911807190016,0.06015987129459099,0.015380468864972267,0.012690713283690412,0.001431519579737795,0.03421709995673949,0.0025542940274544627,0.03496096924254657,0.008285648193181972,0.0017522284355091068,0.010447469234675905,0.00536105077793399,0.0003969537355238498,0.005488827125130023,0.001865004409540199,0.0023251152633893086,0.013722241296002325,0.012119309249924087,0.007218496126476663,0.014497256526832827,0.0034606929469866835,0.01391052614958116,0.010371750292680986,0.0648001947425244,0.01662744359616164,0.0007343585102008825,0.0012465533317579168,0.009168432083561457,0.004441727489547477,0.00018330147637050736,0.00010724563679907279,0.027026885583860426,0.004434728656461213,0.00807655281072878,0.006476537385938282,0.011337452026436627
0.000202468457734333,0.01838239408554824,0.005661742241991596,0.0042446099270658285,0.009014536294292151,0.002568780002871369,0.0011012200714042772,0.009056433390613714,0.010677452793038968,0.0010902378999581672,0.0025564020804495625,0.0060222762684071325,0.00032927743071371697,0.02788604357976348,0.016708890948632406,0.012680402295440176,4.881146508655583e-05,0.07877033224909996,0.006238879576130724,0.05185678666255805,0.007788049578569423,0.004716924807910384,0.01056093546759972,0.005197727371375435,0.00020596794882281246,0.0024596959770375945,0.006041977443439981,0.009785936104619527,0.019015218084989266,0.013311207140864666,0.0036249835827349038,0.014213663131915053,0.007861861170280388,0.0026289034251404586,0.011240748389795097,0.06650751910504997,0.016613062827143265,0.004773752423754017,0.0012759488032113538,0.015113561584542985,0.005466481309630691,0.004338421362730386,0.00026415358090500584,0.02823183751689462,0.004402843931282679,0.00837067422389287,0.006696856527729338,0.013448930950477472
0.0017872983989341681,0.0037446214067213416,0.000944705262868045,0.0082026114616071,0.025482368868820666,0.06684546499098054,0.0024931326054003053,0.00902908405864412,0.009287820319035306,0.02124190889277493,0.0025533603659336247,0.005987685644597092,8.151473210889162e-05,0.027176152231212742,0.016708924875588886,0.013993716201251248,0.014855689834368753,0.060324408938153655,0.0025147325781375526,0.04591331222225196,0.07428884014112928,0.004822749332306499,0.05199861331795736,0.0029629331884836446,0.0007898157003091441,0.0014124528052836562,0.006101959067954544,0.009927170347241953,0.04209249833037096,0.01314174646930422,0.003650270667969858,0.014214215597162494,0.008146219620293597,0.013875726629187195,0.000903881073915899,0.2898658906157511,0.0164822869080425,0.005179153996387441,0.00035752250154081353,0.0032430244260019444,0.033971870458299545,0.002711686989875562,0.0008706948184377069,0.0254403285695728,0.00227942437766098,0.011178383687893367,0.005604534962924668,0.015065572512766
0.01631452606770696,0.011463190437838807,0.001439866566544122,0.008433516709114299,0.00929268073014771,0.0027371125156288763,0.0023669896761569194,0.009031090774814505,0.010681043417210061,0.0015896325595649002,0.0014164731835729864,0.0040666479904324145,0.0003297229183532421,0.056756459297119026,0.01359010898103271,0.013781823602987998,0.00021749399033932566,0.05705553070216147,0.005662406210701453,0.014755955706123047,0.0019302641028464988,0.004681380418162722,0.04797927698712787,0.00548499549983381,0.0002673883351213364,0.016853690791838166,0.00545880486104336,0.013607505187509871,0.03292864667545584,0.013254658427434465,0.005939022778315284,0.042673808348833636,0.0032220189205148984,0.013903517646241977,0.0003637516372379374,0.0625627544874174,0.016031365657692948,0.06017533137299198,0.00026728203164331187,0.0034888301165714036,0.038828135478871456,0.004513310317740003,0.00026383584790873473,0.004854912079898315,0.004240935900629567,0.010247051012803666,0.0039096547234598635,0.013536307585359938
0.21321771373104148,0.016917987733118287,0.0014913717390812146,0.008486129181176303,0.0018952626850165352,0.07009823156124621,0.002330487496932907,0.008605386221188664,0.009962159948421735,0.001066108440703377,0.000958370099777765,0.0040710149255809664,0.0003600205479707781,0.05659016470655317,0.05360495211396043,0.012928301327987887,0.008724504807425478,0.03388076161166783,0.025531292974057863,0.050849208970844974,0.011130521614282934,0.004649930047785045,0.004281135669994093,0.005460106580407823,0.0009503181502939183,0.0058889992702449425,0.004906382126606413,0.0010376022974244977,0.011300944546770438,0.012337900376778836,0.003374280675822239,0.010327003379779792,0.0033515397269811035,0.014085829078483627,0.011067487291084976,0.07353313309996348,0.01663475644929674,0.0013236534504454675,0.00027116985356378766,0.006290431753845862,0.005453162711876101,0.0031710211559910985,0.0075966617483079315,0.004109498334955544,0.0045448170483069995,0.0001668550363918517,0.006734648421212586,0.010919642702602421
0.20962328900941885,0.03926118185749125,0.0009474844219245562,0.00831500069775127,0.0029364518922331915,0.057360086898851935,0.0012550680505256104,0.009323755699106206,0.00400971583426522,4.87749394856733e-05,0.002525045261665528,0.00470036525806259,0.00030359435335645225,0.05460552188015001,0.035069583763197854,0.011430510168845623,0.0014251528391239438,0.031126443472189503,0.002496312748190524,0.03533922556426861,0.006203351995030944,0.004786444804844414,0.002745939676114296,0.005203329051286702,0.019752575206418856,0.016771921237942775,0.0050661530525077615,0.011596480212698653,0.01941183056437809,0.012459923254869654,0.007576627351925594,0.015420099730287882,0.003916573380465592,0.004952830026095604,0.0010457547685351694,0.032377530558582196,0.01656544142277127,0.021695821010142807,0.001224258313994303,0.006300501238788767,0.03506154530462811,0.001383449136223416,0.0006374799479041646,0.0010818390625829512,0.0007025230955891061,0.214317150544718,0.0053994332662300176,0.013853515923046436
0.20180175608784778,0.017221542021158644,0.029401892182112845,0.007959108477572327,0.001011870605075978,0.05556901629277989,0.0002837820751556406,0.015841268920838536,0.00995504558473079,0.0008497239749145154,0.002340658113296683,0.004695885881053875,0.000980940064515234,0.05658882337005383,0.05457163109231797,0.013424097722529131,0.013494074030165906,0.03397505905133015,0.0023527808984236264,0.04335939992528208,0.07750380371825522,0.0034645762683292104,0.00617753713227788,0.0014689235489715705,0.009174112716108608,0.0011357797484749712,0.005293310026694975,0.012281787250377485,0.029491407888296798,0.011303805438426505,0.0036630825036042805,0.011269096453567912,0.003419297746392339,0.014166248159303743,0.0011455733807248232,0.09156550256114632,0.018271371563115812,0.02275914703841382,0.0012074056423772106,0.014061977437222057,0.03579004317560746,0.001355978017620919,0.0003356709180529255,0.004856650819894834,0.004532795623481774,0.022907526018390842,0.010923114324833002,0.012872607847756052
0.008799109010335088,0.016917619107420106,0.001439866566544122,0.008314176406856923,0.0012572607839836302,0.002370268805421589,0.001111049526339605,0.009056433390613714,0.010761457579082596,0.0006319736013730773,0.002555745192392986,0.06536544427189941,0.00032000469124798646,0.024814840645650114,0.05236058293863857,0.012323321856900523,0.00022816211362505412,0.05724782473244231,0.002194745149167131,0.015093069568264492,0.007680136044795935,0.0048135288679563406,0.017316871283752946,0.0054656569988854025,0.0008731251991783624,0.0024596959770375945,0.006145340349255644,0.012322358955932181,0.03292691822081918,0.012379234506658551,0.003413726770788151,0.04196169125807941,0.008034285262140084,0.013877878396342136,0.00036006758979016565,0.037942836918199344,0.016636131176238213,0.0006244257290241449,0.0002799985655086988,0.004190934344833342,0.0052835840834502094,0.0027768059113321055,0.00026383584790873473,0.005379979516202749,0.003539424701317851,0.0002611924365959967,0.006651332719356296,0.04540766554736762
0.0022971153102510247,0.013589786296682563,0.007215163084591022,0.01458619581415717,0.026613179279362693,0.07874439766432768,0.00378904392710819,0.01108228088826424,0.011008153297111956,0.022905030473156653,0.0024021323122026604,0.004088437232031494,0.00029701173616416475,0.05691508642616306,0.06797377166049264,0.022637882157415006,0.003645685489349902,0.033267875020647465,0.0023989019175157675,0.03134360107036621,0.07477756670140989,0.005057255553976008,0.05244592311081953,0.005245169979381467,0.010255427755340007,0.009160100488025659,0.004636489926003183,0.012863239948295054,0.002764863543854197,0.003915672663499563,0.007665953016758193,0.01118971635650693,0.008255309056588372,0.0021865730432685934,0.0032162158105920532,0.06540057574206887,0.004334165742820806,0.0008939869724864931,0.001214207499277874,0.00822208648513174,0.005571917321032309,0.0013738352220642358,0.005070746869630267,0.03622575816359311,0.004611113656088942,0.008684801465109793,0.00557937550702014,0.030789339069594832
0.011882045413181455,0.0177106724096068,0.002195501613765763,0.008091209986343231,0.001833856667877892,0.08978449899975971,0.003433827745501964,0.008690046959852737,0.010917798819608549,0.0007768538349585705,0.0025429827031245448,0.029721585433939986,0.000999979155986651,0.057102631261951364,0.017785884867763772,0.013480374904777201,0.014878303850106833,0.03120041596984919,0.0034488888869717003,0.018204265259744327,0.006887280285898617,0.005003274127819773,0.041159934967138864,0.004986891971532319,0.0005270943571757194,0.0012145318866858689,0.005215865867857063,0.009909967107110278,0.019403740104989315,0.011797078655716532,0.0074482603186584,0.01258764103088295,0.09598498793250601,0.0013013826206511297,0.0010454576864255861,0.06534675391463762,0.017247195813597262,0.007724753074253269,0.00047701157404488964,0.0040421126399670425,0.03524207608629217,0.0013733936140680075,0.0004075092946377835,0.003681453400550084,0.005599047873547826,0.004137200067540578,0.006198307960340304,0.011111013858684375
0.21541397186405475,0.016466567063857972,0.06799226848657369,0.008256840171807946,0.0009171542915782597,0.07472526801766945,0.0012150827317716517,0.009015005717779986,0.010692909029438138,0.0001155299625680955,0.0025437383663990732,0.004065090861079996,0.001137979017750938,0.05919879727264826,0.016309397076822094,0.01238823916855848,0.006045711388920674,0.03388099616488751,0.0025079570200896564,0.04317005109362242,0.07350525560484947,0.004662765847180061,0.003651250810362448,0.005184646368184109,0.008413452745927568,0.004718134272632348,0.00613583591577087,0.0009526163294793534,0.01138718301305817,0.012321052150813593,0.003282839438305504,0.01026057649620493,0.0038230338454644875,0.014157492777145208,0.000992578670140694,0.07704134291799522,0.01948424761690169,0.0006186930588400812,0.00034561365167570053,0.01819494101404185,0.0056687952124720034,0.003154703436506524,0.0077065861427480925,0.00043601893322690833,0.04357206862470789,0.00020431276198329488,0.006577126633741378,0.01081662253309944
0.0019425181363433575,0.003961912499635805,0.001408525991245105,0.008499845741831285,0.01109029189976041,0.003352258255901741,0.0011778244039561286,0.009010024873442407,0.010686854268644411,0.0006233452612861603,0.08985317220512667,0.0040794609958606735,0.00109930931731592,0.025265983927960752,0.03878513002451118,0.01238823916855848,0.0013500701097361244,0.03387091365037111,0.005790299523829581,0.05096310275032793,0.011079044968280936,0.004801490940554163,0.052273429963231775,0.005300244893650457,0.0024726821455640213,0.018301676087957422,0.009452797352064413,0.0007805436849695335,0.03007647592897762,0.013267306297695392,0.005150403360317647,0.0019821160468617123,0.003204024901121011,0.00087321203207488,0.0010055244227127826,0.1621569723805909,0.016286865952165,0.004741907061442603,0.0012752441538147856,0.0029632477227685195,0.005127189258893464,0.0013498859691359558,0.004280125791587104,0.0004075262015902879,0.04486970754623357,0.0006444258443571195,0.0021475331068572545,0.01367282281261791
0.0075323433188920624,0.01800106447632148,0.002195501613765763,0.008091209986343231,0.001833856667877892,0.0980986047728062,0.003433827745501964,0.008690046959852737,0.010917798819608549,0.0007881909474141218,0.00254289091750242,0.004195450057596455,0.00028297825888705326,0.05697215824874072,0.017785884867763772,0.013441481316369058,0.013189342642795584,0.03403924596679586,0.003425648774345285,0.018204265259744327,0.006887280285898617,0.004865586910197838,0.041159934967138864,0.0049816656434140075,0.0005270943571757194,0.0012145318866858689,0.006267254514214251,0.012845174361888074,0.0185531012251406,0.011801885845011163,0.0074482603186584,0.03661029257615031,0.09598498793250601,0.0013013826206511297,0.0010454576864255861,0.06534675391463762,0.017247195813597262,0.007724753074253269,0.00047701157404488964,0.0040421126399670425,0.03526002692318378,0.00013680811386717392,0.0004075092946377835,0.003681453400550084,0.005666503974015264,0.0018540045330627708,0.006161827354806149,0.011111013858684375
0.003624756708241644,0.023786490953021964,0.001439866566544122,0.003888067799902456,0.009030408951922895,0.002543343410149935,0.0024764230152403903,0.00909297640932129,0.010677452793038968,0.0011412881760991724,0.0025533085175678937,0.005945607480926678,0.00032860399765049993,0.021913624069150237,0.01601770213165066,0.012676618927644167,4.881146508655583e-05,0.03269734564588775,0.005715661107081134,0.051337010359542384,0.007788049578569423,0.004817345457881363,0.01019018264401986,0.005197727371375435,0.00039733780899380445,0.0024596959770375945,0.007834767024101498,0.0021422270254496207,0.01952162025649895,0.013039838604309989,0.007758724903410109,0.014344351427181885,0.007861861170280388,0.002871822031280876,0.0011054165347807792,0.06441817584657998,0.01841603387618958,0.004781231196018078,0.00126833737223391,0.007819742505665415,0.005303841974580968,0.004680126175002715,0.0159035945794855,0.026687559091784798,0.004402843931282679,0.008547649450188032,0.0066965210343468895,0.2349333692429993
0.22227694143212884,0.0528823817316207,0.06630339849988057,0.0037850648965100002,0.0011387489490575498,0.09153958262423872,0.001229101220665048,0.00898692046275476,0.0027844794490467367,0.0016189181126677241,0.0028501386448148984,0.005210742798656586,0.00025863053405321824,0.08717906750227805,0.04142788590257263,0.02659729800736983,0.0011710820542347117,0.03403488214370485,0.002486024670457903,0.013141280763545884,0.013035583402288012,0.004442162381690614,0.008923110571122942,0.0052661210054404965,0.009182067216787779,0.0007183646879519966,0.0057555236223318425,0.012842286704357912,0.01881175078332564,0.013712854855653682,0.006067406161765777,0.01827072762402074,0.008142676871351145,0.014309806289646919,0.000858460937203914,0.032969119495753305,0.018368643166889725,0.0047623651862565555,0.0012249939373705015,0.0066152083450243685,0.00198106361093005,0.00034091309967171845,0.0003171495289860694,0.0019432186111764766,0.044817274399748405,0.002077495819918117,0.010714655696908413,0.011264585978474425
0.0035368083237008975,0.01798396810119264,0.005373473985482082,0.00389527426657371,0.009014536294292151,0.0008341097689711697,0.002413190848621247,0.009051372960929751,0.010677452793038968,0.0006319736013730773,0.0025564452621503423,0.006020354923784652,0.0003279745611790533,0.025396321371914818,0.01670353950447505,0.012676618927644167,4.254743318689216e-05,0.0575558038952188,0.005689673332378046,0.017246087971710566,0.007737137104803534,0.004717704436550615,0.009908385257114578,0.005197727371375435,0.0002843659406589285,0.006535319756447046,0.004522018059380429,0.0015218318852915488,0.018298003079075746,0.013574916371867574,0.007280800958112245,0.014213663131915053,0.0035587355492710552,0.0010229000816469698,0.011398580936991098,0.03505303718647917,0.018416321764247495,0.004773743042851278,0.00014449304334688428,0.015617188958712686,0.005462449233302013,0.0004762131804805004,0.00021059207857790604,0.02625012950925379,0.004402843931282679,0.008386111998717633,0.0066965210343468895,0.013530856961273067
0.002934260884720058,0.04150664183020916,0.0016350435958008929,0.00020393823495669025,0.009210565842894078,0.0066380706870258575,0.0010206253429009427,0.009019435675304504,0.010118908703752911,0.0010972089793669759,0.0025364731333151164,0.0051182606672103385,7.259876941115145e-05,0.05658663506421246,0.016754279954707234,0.012685418507017881,0.007814295865385661,0.030146563835924976,0.0024846706678045855,0.05109140557012365,0.007991157181421647,0.004881422282462042,0.003546419588958546,0.005551225596942596,0.008510180339216895,0.016792141136070998,0.00512805696579499,0.011541932980080293,0.02063312977207887,0.006192996128421169,0.0036082712291595153,0.014159026135590183,0.055388505543903066,0.004534505190936798,0.01081029558197934,0.2881461776806864,0.016609469241742565,0.07310822228773119,0.0012230873513206478,0.006534610277724809,0.005422833807175014,0.0014290219152078812,0.0005366598670097066,4.6973714145848535e-05,0.004375943133784495,0.008704256772484726,0.005242154841197883,0.010671882523455821
0.001776380258217484,0.041526264390369334,0.001493460648981059,0.0036336856506315055,0.009210565842894078,0.0032674293047403797,0.0010206253429009427,0.009018758531491627,0.010118900947974475,0.002796232958434731,0.0008249154350881996,0.006003543069785912,8.284656271249262e-05,0.05658663506421246,0.05540686464397389,0.012679011389104721,0.008508878633741529,0.09547520421134643,0.00602858976909256,0.0513772084896178,0.011062713210969471,0.004889617213411167,0.003546419588958546,0.002921742484158709,0.0009477431833207858,0.01647423800377187,0.007462727714178866,0.011541932980080293,0.027775763249320372,0.012610507649940872,0.0035368375341706774,0.014267489681149579,0.0033515797903315423,0.004534505190936798,0.01081029558197934,0.29639136439231795,0.016609469241742565,0.02192344257126806,0.00029867905836398405,0.006514411679661847,0.005289755605444198,0.0014290219152078812,0.0073425513120337444,0.02270713354078408,0.004239959968449645,0.008425292937184654,0.006741279597539518,0.010736500879308707
0.10807823828810892,0.013414662506639892,0.0009475361656585861,0.00792605832029651,0.012386394283573257,0.07224172523006658,0.003551636528311161,0.010232350756228824,0.010107495028223785,0.0008327158596767971,0.0025431369654448713,0.005073501147848639,5.139132590952881e-05,0.013699920879993756,0.016685447121987235,0.012649053314579635,0.013477420765956741,0.05713006189605824,0.002267086623889745,0.03841398017413275,0.006605957726006192,0.0046983718294324895,0.010287684819985297,0.005197747440068205,0.0005256669516409241,0.006532404537949865,0.0052607429319169305,0.012858286092861031,0.01863232028476472,0.011815314729392295,0.007447173765670619,0.035815748995891634,0.0033648033570954656,0.004527332003959893,0.010905159139727321,0.06473124248834726,0.016574044509721844,0.001004561818038836,0.0003040563425528784,0.0033486143287061497,0.0049669365181632405,0.001369033423893259,0.0003358777416966609,0.0013119621528196097,0.0006517751176446869,0.0014525103010368653,0.00523793742783454,0.01341622752245079
0.003624756708241644,0.01567395743148845,0.0013468602585668186,0.008309246640851028,0.0018073416362556502,0.004951833109001971,0.020526279013217966,0.008635153438849907,0.006285022602681982,0.0007703846600676977,0.0028505502971093648,0.0037946968894383534,0.00024100979514003114,0.06038451580421471,0.015380468864972267,0.012397171681196254,0.001431519579737795,0.03421709995673949,0.0025542940274544627,0.03496096924254657,0.008285648193181972,0.0017548037008981317,0.010447469234675905,0.005367303554381049,0.0003969537355238498,0.006819510510742229,0.00476513219378038,0.0023251152633893086,0.013722241296002325,0.0038538132846143254,0.006171429243197469,0.0375696646075039,0.003793866585403512,0.013912111202814251,0.005576548801162204,0.0648001947425244,0.01662744359616164,0.0007242418415396163,0.0012465533317579168,0.009168432083561457,0.003726939836364589,0.00018330147637050736,9.631784811526601e-05,0.00029347390500427187,0.004434728656461213,0.00807655281072878,0.006476537385938282,0.010951407064960492
0.0025614014737683818,0.003225440419468992,0.000944796849303752,0.008473886568087499,0.009005034783519885,0.07654948109451737,0.0034071962293895034,0.009102223647863037,0.010104359463742493,0.0006449185871282861,0.0030415936334921272,0.004061236157140491,0.0003304554707790107,0.025374887180269663,0.014897447800738702,0.012898743916134683,0.001090165435342922,0.03286499103422379,0.0024816544780569636,0.0386907327815267,0.006582676777824283,0.0046986573927220825,0.05527175896176409,0.005179127719709701,0.0006814818453238762,0.0013033861838853413,0.007839401550646961,0.010675814072187022,0.019018040923299312,0.011822672767433887,0.007404990789472567,0.01548688465058136,0.003412145066061704,0.013846998684875926,0.011069635958519017,0.09316085834949965,0.016575142772020622,0.0052608881205807485,0.0063552499548700766,0.008589481422529908,0.034103345803016855,0.0013662338755824474,0.0002455824163876499,0.037786068927617524,0.0006933193974793308,0.016499960517309075,0.005258438724677146,0.01352787186850848
0.00044592058904976457,0.01769162530278242,0.0005810287565352471,0.004302337714970784,0.004211024039447104,0.0025310000028143137,0.0008862309166420512,0.009051372960929751,0.010677452793038968,0.0006319736013730773,0.0025744734203334532,0.006012680973361938,0.00032860399765049993,0.02301712147579493,0.017563212569580343,0.012676618927644167,0.00048292693216451675,0.05861408235381628,0.005689673332378046,0.0517578966711671,0.007736960347199149,0.0049650930744270655,0.0692568551681616,0.0033738740963648517,0.002425107347250861,0.0024596959770375945,0.007938587373544264,0.0015218318852915488,0.018298003079075746,0.013504963598362766,0.007376878800539417,0.0381585210776893,0.0037755327004464568,0.0010229000816469698,0.000359692424707305,0.03505303718647917,0.0184160579626607,0.004773743042851278,0.0002883999100833011,0.004240401086834795,0.005057134007306058,0.00476802067208474,0.0002076455983724551,0.02612446325648988,0.0045421249771587105,0.002278682006651645,0.0066965210343468895,0.013535432429249303
0.003624756708241644,0.04805850696275081,0.0021922176851204528,0.007339734507817056,0.009014536294292151,0.06836508761266419,0.003370907568445025,0.009077824950247322,0.010677452793038968,0.0010889166268004756,0.002853446343877013,0.004267437970273422,0.00032927743071371697,0.05698865140401599,0.03452834936975774,0.012680402295440176,8.826538797490884e-05,0.0575558038952188,0.005681356999023512,0.05103705028508753,0.007788049578569423,0.004813999267548774,0.054631965269149006,0.005197727371375435,0.00020596794882281246,0.016953804441565478,0.005665983730483451,0.012171787887204657,0.018598158882757475,0.013281320017002511,0.006105253812662606,0.01415951547172433,0.007861861170280388,0.013877878396342136,0.005815212584338852,0.029656502413262842,0.01657629553895755,0.0005633168238524684,0.00126833737223391,0.014418064947871432,0.0052835840834502094,0.004308134317301098,0.00026383584790873473,0.0045820611117356694,0.0045330143480084425,0.04582493542636158,0.006797452318871875,0.013530856961273067
0.00044592058904976457,0.01769162530278242,0.0005810287565352471,0.004302337714970784,0.004211024039447104,0.00477441413394631,0.0008862309166420512,0.017309270899298637,0.010677452793038968,0.0006319736013730773,0.0025637624232691548,0.006012680973361938,0.00032860399765049993,0.02301712147579493,0.017563212569580343,0.013276310444007733,0.00048292693216451675,0.05971710301379874,0.005769068394311478,0.0517578966711671,0.08000310661448988,0.0049650930744270655,0.0032168310912591147,0.0033738740963648517,0.0023338728160604855,0.0024596959770375945,0.007938587373544264,0.001504895998600492,0.018298003079075746,0.013504963598362766,0.007376878800539417,0.0381585210776893,0.0037755327004464568,0.0010229000816469698,0.0015150504360980934,0.03505303718647917,0.01849961293330199,0.004773743042851278,0.0012234009664029454,0.0036902570477821404,0.012425081332943197,0.0005396702685006188,0.00037699991157526773,0.023840455749926576,0.00454116094760044,0.002278682006651645,0.0025874791333046687,0.012877913807928864
0.1132077070413245,0.017987238024461984,0.0005682935232191526,0.00313384632378977,0.0011636822628655074,0.07103370774994873,0.0011480635870346001,0.010334126439719505,0.002944749864465856,0.016047061872777352,0.0028359847209950997,0.004061032701781809,0.00015467076456848844,0.056521147174294205,0.041527154247085064,0.014090116942790009,0.015468033568463048,0.03481629209322564,0.002402509725871554,0.04594500243397942,0.006742827593920059,0.0015304598870343681,0.057151146461426064,0.0052305942902291375,0.008418451281164826,0.01772665875162613,0.004774537534943664,0.0006932810276605245,0.018220130594373225,0.009917707567177313,0.007439397286836177,0.024197533947932996,0.0035658671292558676,0.014511484408460687,0.0009632534613128368,0.06462509747879554,0.018384055564307843,0.004870583498778663,0.0012258257462654102,0.0028858943783519595,0.0058767976035380455,0.0011767852249220652,0.016596081792044606,0.004988042445035938,0.0008061161118025403,0.008757939615811394,0.004986484791911898,0.22071796935690735
0.0037088667175916605,0.017570889515229244,0.005611707981772643,0.014819141197950324,0.0036073040006547787,0.0020069116902286365,0.003256149599639553,0.00900167424005218,0.006471550556227479,0.001502273132487065,0.002554108308503941,0.00413060926576253,0.00024543508239838777,0.05414055217529159,0.014644732036896192,0.012390493407575585,0.12521216490227235,0.03385424252711967,0.005722855519518152,0.0518460774330302,0.006928043536799428,0.0020522486133393966,0.005427622489185638,0.005228554092191351,0.00038931206338758067,0.006833861095737354,0.0048787596190364175,0.0009133802720039692,0.018248181580476863,0.003796947330310123,0.006181060637978562,0.03701650218989579,0.0037880062328403802,0.013813930681931139,0.005571263943809728,0.08872928086471717,0.005285581739047994,0.0008767443835159287,0.0004532483080163793,0.01712975073495153,0.0037190587626577416,0.002719378314074374,0.0017071200224113826,0.0019238193326640129,0.004541814395249756,0.0010710092538183927,0.006740597401196197,0.010944072389807024
0.11705560376472599,0.015577850391741576,0.0005463538903497511,0.0037858109905562253,0.00045614857067461604,0.06932114184541219,0.0011486401162088807,0.009074371080201647,0.009142800705279706,0.0010320918132949528,0.0025556569053760995,0.004139959102631468,0.00015467076456848844,0.057193533912586025,0.041527154247085064,0.014088741867109187,0.0008579930751369312,0.03512491393455884,0.002451772616306762,0.040811218415242545,0.006718685866296752,0.0017156889772541961,0.01371077635304056,0.005265896464804332,0.009140817620629968,0.006191469898712848,0.005414892230607419,0.011492418938092736,0.018532609734230963,0.009917707567177313,0.0072905486186906465,0.024197533947932996,0.008219083203259536,0.014473119741289583,0.0009632534613128368,0.03739785337550891,0.018380642694584566,0.004749885604666716,0.009351941800045508,0.006829508233149014,0.005528756426985666,0.0011767852249220652,0.0004819244604872711,0.0022266247844678093,0.004635436311807725,0.0016510626196516807,0.004986484791911898,0.010616249256001395
0.0075323433188920624,0.015465742987926396,0.23316747528611784,0.008091209986343231,0.001833856667877892,0.05364436167863837,0.0034267350141097067,0.008629630599147644,0.010917798819608549,0.0007881909474141218,0.0025679923586554333,0.004200796649760961,0.000284724892326179,0.05697215824874072,0.017785884867763772,0.013441481316369058,0.0016904700669265853,0.03403924596679586,0.0034238734725594937,0.018204265259744327,0.0068949679835537785,0.004826814874654208,0.041159934967138864,0.000633554327294835,0.000109990288736574,0.0012145318866858689,0.006267254514214251,0.012243279406656832,0.0185531012251406,0.018784351653690832,0.0074075935671322375,0.0012355945500092521,0.09598498793250601,0.0013013826206511297,0.0010454576864255861,0.03251898221974652,0.017227056993768555,0.007724753074253269,0.00047701157404488964,0.004042574151635554,0.03526002692318378,0.00012888360843846584,0.003477564765964225,0.003681453400550084,0.005666503974015264,0.008603082687794908,0.006161827354806149,0.011111013858684375
0.004992889250689188,0.00410795918435551,0.001408525991245105,0.00792151871926526,0.01109029189976041,0.003352258255901741,0.003622262193793385,0.009389050321261526,0.010686854268644411,0.0004484888381268027,0.09005368428365107,0.006048516908722574,0.001100806392928419,0.025265983927960752,0.03883617388558753,0.012473047446778854,0.0012273998278384056,0.03387091365037111,0.006077346112924644,0.04217202054030008,0.07281616961531232,0.004828026876920435,0.05385039701827747,0.005299993163875756,0.0024726821455640213,0.018301676087957422,0.006087601046409952,0.013100719111706224,0.03007647592897762,0.01324515710067617,0.005150403360317647,0.0019821160468617123,0.008451329665284541,0.00087321203207488,0.0010055244227127826,0.1621569723805909,0.016286865952165,0.004741907061442603,0.0012862660463045803,0.0029632477227685195,0.0130297084897242,0.0013769844168399947,0.004280125791587104,0.000490190615035295,0.007002329369516197,0.008869256946428067,0.002324162439436282,0.013672596973672962
0.0074232485468283,0.01558995276558898,0.005661742241991596,0.0042446099270658285,0.009014536294292151,0.002568780002871369,0.0012763397628082801,0.009056433390613714,0.010677452793038968,0.0007487064885737404,0.002567709756370948,0.0060222762684071325,0.00028613922237166885,0.02788604357976348,0.01668527595514033,0.01343741477755851,4.881146508655583e-05,0.03565974719017692,0.006238879576130724,0.014483636832563217,0.007816998146968382,0.004716924807910384,0.01056093546759972,0.00536436999383785,0.00020596794882281246,0.0021598311144919655,0.006041977443439981,0.012296503287974289,0.019015218084989266,0.013311207140864666,0.0036249835827349038,0.014416863783386417,0.007861861170280388,0.0026085700987205085,0.011240748389795097,0.06650751910504997,0.016613062827143265,0.004773752423754017,0.0012759488032113538,0.015113561584542985,0.005572969918226551,0.004338421362730386,0.00026415358090500584,0.0029510505968489247,0.004402843931282679,0.00837067422389287,0.006702086771169252,0.013448930950477472
0.22227285477013073,0.015553869775698904,0.06768732324837996,0.008622653415246121,0.028343992597202397,0.09291475861798229,0.017710537438445792,0.00902270092055125,0.009398605961355182,0.0007546955898920483,0.0028501386448148984,0.0038065797342494334,0.0003139050039345268,0.08717906750227805,0.04158261573703162,0.02688279917199613,0.014615482543042747,0.03422666275173815,0.0024899157102137733,0.014358946978780311,0.013100509283478634,0.004316471404018963,0.006750233802580078,0.005303496070135503,0.009340210321154719,0.0009034977301203991,0.02751595333230207,0.0023445582733030235,0.01881175078332564,0.013749369397042644,0.007248260047071948,0.01439591273536684,0.008142676871351145,0.014318138719604568,0.0010443683241844331,0.06822939714215276,0.016602834377721094,0.0012009121633817569,0.0011977584755295508,0.01424774002215776,0.0019050933945932748,0.00018710883749980696,0.00016795240648633317,0.0022104495027686823,0.00377737628997081,0.002077495819918117,0.00745992541325264,0.011264585978474425
0.2035853162977372,0.01569887364917194,0.027539181069189192,0.008308556597543836,0.00230643598889123,0.05372937357314707,0.0034267350141097067,0.008629630599147644,0.009951469376833328,0.0007881909474141218,0.0025679923586554333,0.0051073453289600685,4.232454971100517e-06,0.05697215824874072,0.018397797429170255,0.013442842495646383,0.0017092918255629556,0.03408405029811126,0.0034238734725594937,0.017960005888340833,0.007773202963376657,0.003466825824169059,0.041159934967138864,0.0014501130194025573,0.00010170394074730024,0.0012145318866858689,0.02617202973562916,0.012247215489646694,0.029238345964126576,0.018784351653690832,0.005082764215398791,0.0012355945500092521,0.003427013704612721,0.0009585104935669496,0.0010454576864255861,0.14850979285785743,0.017227056993768555,0.007724753074253269,0.00047217221955007016,0.004042574151635554,0.03526002692318378,0.00011837035658744765,0.00016822525202794036,0.003681453400550084,0.0044024663421746634,0.008603082687794908,0.0061440582803248805,0.01110373533545187
0.001936571861608817,0.024100905306333888,0.000590238316246645,0.0030894189806391797,0.001145979639983169,0.003352258255901741,0.0011778244039561286,0.009010142968720578,0.0013542950232793155,0.0021066522905745606,0.08985317220512667,0.0040613392847051255,8.488025040335686e-05,0.04638689085713807,0.04056571810825766,0.01238823916855848,0.0006911886212933936,0.03387091365037111,0.006077346112924644,0.043133729122853515,0.011079044968280936,0.0046597271519179945,0.05245190171594907,0.0052964746536457545,0.0023881594452164513,0.024137214998402483,0.00466212902011914,0.0009497369210670183,0.01807004777758235,0.009837134549469098,0.005150403360317647,0.0024349152780260563,0.003433936029546454,0.00087321203207488,0.0010055244227127826,0.16273226234407498,0.016265417848107633,0.001342745493111116,0.0003938146725990193,0.0029119871631488707,0.005136966939888934,0.0013498859691359558,0.015496592897394515,0.0056160444857097855,0.04133341998348895,0.0002758868689066449,0.004986012181451252,0.254993095920113
0.16097426747902077,0.041057149627628256,0.0009474844219245562,0.008317658325248112,0.002991009375705232,0.0032497453037991925,0.0010226854982157718,0.009329630336031642,0.006517896524676506,5.663643750396604e-05,0.002525045261665528,0.005090128364780758,5.802235788984755e-05,0.05460552188015001,0.03507557482153397,0.011411578172001773,0.01482530360682064,0.03119316762898014,0.002496312748190524,0.03533922556426861,0.006737014944815039,0.004880908177190961,0.0027420129114774294,0.005203329051286702,0.01922770024608516,0.016771921237942775,0.005131202765165604,0.011596480212698653,0.01941183056437809,0.012459923254869654,0.007576627351925594,0.014153865817125244,0.003916573380465592,0.004962754883295141,0.001052558166721753,0.032377530558582196,0.01656544142277127,0.0032200092911557343,0.0002553958887726985,0.0062939416398011825,0.03506154530462811,0.001383449136223416,9.788759264868884e-05,0.0010818390625829512,0.00470833546149516,0.2165871014752443,0.0053994332662300176,0.010702268135015573
0.002261657077280644,0.0037446214067213416,0.000944705262868045,0.0082026114616071,0.026565403246048915,0.06684546499098054,0.0007894989459511113,0.00902908405864412,0.010115733873407952,0.02124190889277493,0.002553305562872044,0.005953037806363809,0.0003140748707854002,0.027176152231212742,0.016708924875588886,0.012746580278622698,0.014669956005191406,0.060324408938153655,0.0025147325781375526,0.05092977024587535,0.07424232057604091,0.004822749332306499,0.05199861331795736,0.0029629331884836446,0.0006827522970863252,0.001411889962923762,0.006101959067954544,0.009924658689766821,0.019015218084989266,0.013235669802402383,0.003650270667969858,0.014214215597162494,0.008137500677003534,0.013875726629187195,0.000903881073915899,0.2816270739499946,0.0164822869080425,0.005179153996387441,0.006034664878208495,0.004241774672818445,0.034187062124050406,0.0014320886480199799,0.0008706948184377069,0.0254403285695728,0.00227942437766098,0.011178383687893367,0.005604534962924668,0.013530856961273067
0.003624756708241644,0.018518514759029634,0.001439866566544122,0.003885850147419578,0.009014536294292151,0.030174504085391157,0.0024764230152403903,0.009056433390613714,0.014604662101557721,0.000646531924245125,0.002567021786261789,0.005945607480926678,0.00032922813674662665,0.024804980144553443,0.016708924875588886,0.012676618927644167,4.864157865228308e-05,0.0575558038952188,0.005689673332378046,0.04988182558281736,0.008078287212327851,0.004921184412549039,0.01178103745491816,0.005302343345078636,0.00039733780899380445,0.006016672763899834,0.007870894443078206,0.0015218318852915488,0.017942844054822812,0.013515404188898232,0.007365802987214492,0.01435929582916252,0.007861861170280388,0.0010229000816469698,0.001102119030906418,0.03505303718647917,0.01841603387618958,0.004638472825941944,0.00018439769061873949,0.004241774672818445,0.005065059947672958,0.004680126175002715,0.0002960376038890294,0.00048339400947090307,0.004402843931282679,0.008385770656018319,0.006143387242423356,0.013530856961273067
0.11705560376472599,0.04789538946028635,0.0005463538903497511,0.0037858109905562253,0.006963833058369409,0.06932114184541219,0.0011486401162088807,0.010323710849472393,0.0019058104922712923,0.0009290195261236914,0.002855237343813028,0.00594675555417518,0.00015420807647924066,0.0568289655909458,0.041527154247085064,0.02617253077032566,0.0012484760374614386,0.03400250213091832,0.002451772616306762,0.041973055661558914,0.006718685866296752,0.0017156889772541961,0.0037112483031614477,0.005265896464804332,0.008418451281164826,0.017724238933100926,0.024617669645316385,0.011433628347155117,0.017149541619022136,0.0094942529828147,0.006066817767008424,0.024197533947932996,0.007858271011627933,0.014202018057064619,0.0009632534613128368,0.06464254902624533,0.018367918846938773,0.004749885604666716,0.001225852376025587,0.006502740938810798,0.005303128601025349,0.0011767852249220652,0.0005575289452870806,0.0022266247844678093,0.004533375236464162,0.010517749528325652,0.010806874881725215,0.22079923763480208
0.22227694143212884,0.003747511181770912,0.06630339849988057,0.003738476031051822,0.008969492468019487,0.0003366509085454758,0.0024126994601924067,0.009029683171271844,0.00942395050909495,0.0005687774917090618,0.0028501386448148984,0.005972281517027426,0.0002628226441027345,0.08717906750227805,0.01767376009323845,0.02659729800736983,0.015620139417264568,0.033294024659726695,0.005784639722457372,0.017482440245731846,0.013035583402288012,0.004330558266412705,0.05406444026850059,0.005196829150039357,4.0021014340919404e-05,0.0007954739233352595,0.005793936825777142,0.012842286704357912,0.01881175078332564,0.013712854855653682,0.005984057795203018,0.014421749743495624,0.008164624526812951,0.013298316921520954,0.000862956155665811,0.032969119495753305,0.018416343044071783,0.001349873088524611,0.0011977584755295508,0.014552163886685662,0.00198106361093005,0.0003526928738199551,0.00031842671548483253,0.013670638903277958,0.04651935605128927,0.0026549458564936886,0.006746734113038229,0.01133551629732107
0.001087064221715936,0.017798482199871596,0.0014913717390812146,0.00817630005096668,0.0018952626850165352,0.07149637932966108,0.002487535217134917,0.008617424363247386,0.00936483538053215,0.0010655638874320123,0.0009610811729205307,0.0040710149255809664,0.0003600205479707781,0.05659016470655317,0.01701874107355323,0.012928301327987887,0.008724504807425478,0.033870979726155985,0.0063389838703464315,0.0506395896437324,0.07744885319050676,0.004673268779767453,0.004281135669994093,0.005460106580407823,0.00036943333162437527,0.0058889992702449425,0.004888163501594004,0.0010659188554864966,0.00937348889003375,0.012337900376778836,0.003374280675822239,0.014190347218270416,0.0033515397269811035,0.01399561440577562,0.00073129782247436,0.07000449555424479,0.016706167709108415,0.0013236534504454675,0.00027116985356378766,0.003043494376913947,0.005453162711876101,0.0027897147398045163,0.0075966617483079315,0.004109498334955544,0.0006953982057626216,0.0001668550363918517,0.0049748930602033295,0.010919642702602421
0.0003639835264922461,0.018258184307885658,0.23316747528611784,0.008091209986343231,0.001833856667877892,0.05364436167863837,0.0032516160460129345,0.008629630599147644,0.010917798819608549,0.0011297223587986452,0.002556684682734048,0.004200796649760961,0.0003278631006682272,0.05697215824874072,0.017809499861255847,0.012684468834250723,0.0016904700669265853,0.0771498312678106,0.0034238734725594937,0.055577661970111054,0.00686601941515482,0.004826814874654208,0.041159934967138864,0.0004745646206226026,0.000109990288736574,0.0012145318866858689,0.006267254514214251,0.00973271222330207,0.0185531012251406,0.018784351653690832,0.0074075935671322375,0.0010606209888078134,0.09598498793250601,0.0013217159476481438,0.0010454576864255861,0.03251898221974652,0.017227056993768555,0.007724753074253269,0.00047701157404488964,0.004042574151635554,0.035156653788067344,0.00012888360843846584,0.003477564765964225,0.028508675472559537,0.005666503974015264,0.008603082687794908,0.006156597111366235,0.011111013858684375
0.16051046884305598,0.0387905944466343,0.0009474844219245562,0.008455394243730058,0.009111046105508632,0.0032497453037991925,0.0011516096996187183,0.009328491241292841,0.010081230603672948,6.97502832147201e-05,0.0025117501444700307,0.004058684195269218,0.00030676449387914646,0.0322995214319119,0.035835506570014775,0.011482583794434599,0.015267988345166402,0.03112346213464712,0.0024952110234630247,0.03531808862975353,0.006776290537328216,0.005025474938114233,0.010519034508062743,0.0052035494213260045,0.001617673840627623,0.0010104458097103886,0.00504697539821221,0.013393566208387518,0.01941223631708518,0.01245784578797561,0.00754599360310116,0.04293590101413897,0.0036391688218792655,0.013788268904137485,0.0010461817461951337,0.03059360567641912,0.017765854386482146,0.0002970535877647798,0.0003170796588856878,0.020267324444729368,0.03481837888646335,0.0013285165182381883,0.00025745494653737133,0.006723279960658957,0.004706307695807883,0.20558145421955815,0.0053761137958874845,0.01082195065739579
0.09996457842158073,0.015520525951920758,0.0013109373766015675,0.008507297377931482,0.002318383448674538,0.002514110945805628,0.003620987176824861,0.008876917734870654,0.00655230674131542,0.0006320784708297492,0.0025515562116304896,0.004067372092158619,0.00026091085350137845,0.05712909278323262,0.01671739838083752,0.011950049156623264,0.013664622159235286,0.03282112886657087,0.0049555699605829,0.015866681660117836,0.0077760617354540795,0.004674429490882506,0.010144781286450459,0.005182784367886288,0.0014414066580709889,0.00251109443129352,0.006125130802548006,0.002510017614050513,0.019714888670640023,0.012202846725001723,0.007304516125299433,0.012285037359416278,0.0029812937062905854,0.013844854972063165,0.0006428066133460811,0.06786501712235149,0.017295362794931816,0.0025899980740440587,0.0012980602738462835,0.01327782166053424,0.032705836965510056,0.0028520183997059797,0.00020024249377281726,0.02632468486227392,0.004546940344888964,0.2215068756016027,0.006721006347380584,0.014382945201131645
0.002194633622099269,0.016586852482886418,0.0005885270912820625,0.008212616382558525,0.003063217448662982,0.0020506259971155064,0.0008287108337448712,0.009011494080380602,0.009979951653934685,0.0006319736013730773,0.0025744734203334532,0.006047807890320727,0.000355684915408799,0.02301712147579493,0.017563212569580343,0.013340005323826044,0.0013617433936569494,0.034247216752528294,0.005689673332378046,0.051805820313278045,0.0026740494079085676,0.004675953882162183,0.06936280538995097,0.0033738740963648517,0.002424051750059886,0.018527475825354182,0.007938587373544264,0.012872159444088462,0.0183362833021068,0.013802511111652245,0.00735499052187649,0.012651382989862337,0.0037527184065025555,0.013641137069174594,0.0003410068130553644,0.29987703058558823,0.016291364418265075,0.0013060750740722428,0.0012020311644263054,0.004429144027633163,0.005000765215362991,0.0003853273405784582,6.26830444084691e-07,0.02612446325648988,0.005401729054673073,0.002278682006651645,0.006688841174685885,0.013104561488480946
0.16097426747902077,0.016040215358571332,0.0009474844219245562,0.008317658325248112,0.002991009375705232,0.0032497453037991925,0.0011525554790996584,0.009329630336031642,0.006517896524676506,5.663643750396604e-05,0.0025514894852878356,0.005090128364780758,0.0010774496957927703,0.025413451404932424,0.03449712445709198,0.011468658192779532,0.01482530360682064,0.03119316762898014,0.002495177215302955,0.03447431785307186,0.006737014944815039,0.005025474938114233,0.0027420129114774294,0.005197512706337166,0.0006918218358824224,0.006523838151431501,0.005317091113617508,0.009917751050652299,0.01940351349500077,0.012459923254869654,0.007576627351925594,0.014464468997224984,0.003916573380465592,0.004962754883295141,0.0008999912469510275,0.035275680067759455,0.01656544142277127,0.08211796964814683,0.0002553958887726985,0.01411049644520739,0.03506154530462811,0.001383449136223416,9.877571361330093e-05,0.005481798300064316,0.00470833546149516,0.2165871014752443,0.0053994332662300176,0.0113391485980744
0.004941816259156906,0.017710200042498542,0.00143072983402541,0.0005235158731243693,0.027762505924502877,0.0019384271957451488,0.003577387087988888,0.009081353698296702,0.10693355739057367,0.0007399751332519029,0.0025614526951361722,0.005143987560214298,0.0010946666323396477,0.05654913182297995,0.04093523899620756,0.013327357377663046,0.0021263509597321635,0.03177352957919541,0.005669089094158843,0.0479628561646884,0.008681097694833419,0.004826024226155598,0.004962870746746268,0.005229043133432648,0.0023640148826984423,0.0009034977301203991,0.005699505113915747,0.012703095280431995,0.018608377415529547,0.012072778717118328,0.007294391618363835,0.015050637456422015,0.008147222744297137,0.013828145746774111,0.00528311306967675,0.29414612647585164,0.01844316730145228,0.0006244684683943539,0.0011977584755295508,0.01768735166714911,0.012820645097795933,0.00032027201817905,0.00480396986976794,0.0016057246200967146,0.007924565042384844,0.010262982811450449,0.010503328324806506,0.013088325524260586
0.00367394040222883,0.016776212490980942,0.06969052117018137,0.008514694646792807,0.027658530970991514,0.05984892482374375,0.0013950364813542853,0.009043914444290325,0.003712344045218443,0.0006260652319947141,7.248718806720546e-05,0.005147408154862568,0.0010844445798257893,0.05666242871325129,0.04092961289604774,0.012477710914164448,0.015219559701610614,0.03325087214061145,0.006043725155640249,0.04364933636757345,0.00674683165932385,0.004797984698125243,0.004991367733446852,0.0052296919973802165,0.009050557118553576,0.006653335684504987,0.005058381459798704,0.008882218158645271,0.03198595016356373,0.013728467754449176,0.007379481012302919,0.015870373017344622,0.008699852629582696,0.013685262312350061,0.0011482521667768844,0.09106890826842898,0.01632012785693,0.0007277175192420982,0.0010925176402530991,0.008846652929334772,0.004763729645354579,0.002853250365585876,0.006998354800386965,0.0005833823170481103,0.049621955031939786,0.02800336575071393,0.0020995905072008015,0.013816938509294538
0.0037917775247368227,0.016791931305872313,0.006438171566402082,0.015316375765045197,0.008930052139383709,0.0701080939370505,0.0033805841875618045,0.00905607181657176,0.002604631038700486,0.02311491612222591,0.002923079548018536,0.0059529307926797035,0.00010069065985864903,0.05659016470655317,0.017953311812868165,0.01357855575918387,0.00048578026937647154,0.03421047844230371,0.005778332421023553,0.049463310821022524,0.011130521614282934,0.001652780656104144,0.050338342541870154,0.005192176952897856,0.00020189423278836306,0.01879785500885843,0.005364146340712425,0.0009539017472376555,0.0001547665302628707,0.013203511463268272,0.003614555417173237,0.012323877558161151,0.003422590998760506,0.014644181595830722,0.011098222690221378,0.0356929009479109,0.01773663444635092,0.0006860576412301665,0.00028540846988883706,0.006225656275498769,0.005428815090276707,0.004275690990494624,0.007627536810849181,0.028313246239185005,0.004203415757853175,0.010758937498679157,0.006770281508667911,0.00885421763227942
0.0012308825323393002,0.016469788180844932,0.0013294559733887617,0.0005235158731243693,0.026959753154779147,0.0009032325111811915,0.0011820859959676526,0.009058989422502649,0.006924997249139163,0.0006328156853590089,0.0028446296575953345,0.005968538085183141,0.00029990116690434575,0.05654913182297995,0.04093523899620756,0.012392293657876603,0.00015326330489482504,0.03325223873497028,0.005762255111390131,0.05295786771808676,0.008681313766047133,0.004810569272594577,0.0626065699884707,0.00522254261944614,0.002279288174708359,0.0009034977301203991,0.006172352647314812,0.012694045464346835,0.018608946448661543,0.013223112470213788,0.0072493014214900274,0.014221095073655626,0.008147222744297137,0.00023625621103907143,0.005107867201594314,0.29414612647585164,0.01844966713868283,0.0006506791505268906,0.0011929108947282459,0.0177113381343749,0.012604468745739315,0.000619413781094452,0.004585134018039988,0.00047422173809786965,0.007797548274868518,0.008835564556465038,0.010854782593038712,0.007317541240971481
0.0075323433188920624,0.015474789813373201,0.2383955390877805,0.007930307784239286,0.0011153968697721131,0.05364436167863837,0.003552945532055748,0.00861822381591725,0.010917798819608549,0.0007881909474141218,0.0025679923586554333,0.0042009308331044755,0.000284724892326179,0.025832850044504113,0.01554055302109075,0.013441481316369058,0.0016904700669265853,0.03403924596679586,0.0034238734725594937,0.03628410391339082,0.006584841166163122,0.004832203604583743,0.04043746738246422,0.0006676076384979201,0.000109990288736574,0.006547563487615832,0.005508629799282143,0.012201062104202342,0.01862433902724618,0.018519473769314926,0.007446855723395471,0.0010832131600248367,0.006249664066416319,0.001470514118194489,0.011028274230136983,0.06483395008348837,0.016585850608662276,0.007834159173584366,0.00047701157404488964,0.004055542227819199,0.03785688322946264,0.00012888360843846584,0.003508159634309274,0.005483212944163589,0.0007625755487724929,0.008603082687794908,0.006183740548780554,0.011111013858684375
0.0010628116236255578,0.018291337936063096,0.22972959678214172,0.0031887443837131857,0.01286508042212815,0.0721061702689707,0.0033154127875327432,0.00928718773498613,0.01091833238884199,0.002515556047725437,0.0028057244923830795,0.0040672589369648154,0.00029874616443545133,0.0566717088913009,0.040980701184590636,0.013327159166611252,0.014851802691370673,0.03403847776686073,0.005908503344959529,0.04322610526536401,0.0068871504242946635,0.004782401864149049,0.010650654966610185,0.0038811031106561677,0.0005515842636174655,0.000560994094909336,0.005472920513335892,0.006987873521983115,0.018613806526292246,0.0017451297422916958,0.007444782021874397,0.07651780741048632,0.0033256641145852114,0.0012670025669264586,0.0011444372095103584,0.032711794444134384,0.018754978246170013,0.0015170412013652082,0.0012228349465184416,0.00838803235277091,0.005585928315702149,0.0002884884409912609,0.08836682212332145,0.0018642937673178075,0.005690778886238092,0.005045141330134943,0.007171592744560906,0.012885786840605443
0.001996917464128153,0.017953450635172088,0.0005906213705438304,0.002833401270828922,0.013022500878878287,0.001033814939513252,0.0008161420514091438,0.009002527983977531,0.004384584689328651,0.0002104733688360623,0.08496102295303563,0.0040657637844480465,0.00015964474154605158,0.056958714687733655,0.04101252903251999,0.01266694638452454,0.0004883254566872535,0.03387274018276486,0.00602755264054525,0.04323219215589794,0.007758837276957797,0.004808565973354191,0.010221189439214061,0.00529992050851462,0.002388185877034923,0.024842793364192022,0.0080195873745004,0.0009948267238498116,0.02820970396940893,0.034038009330457926,0.007087146102325774,0.0021812065038843594,0.0037885774678578115,0.0009842591359670893,0.0010968527321128154,0.2950635457595234,0.01627922181754421,0.0012501302949319143,0.00039501084430639346,0.008975734066482513,0.005072852489650232,0.0013529011587822435,0.004815406695918781,0.030446368690636334,0.00480966165934224,0.020099296608401495,0.006756906781548977,0.01313575456434421
0.0004322950101719378,0.03603483228642143,0.010604815128453907,0.08981272359244596,0.012647234111145024,0.06842909047075632,0.0010204631793542724,0.009324307688770102,0.004161683412877856,0.0002213865308168957,0.0025746015763344374,0.004061445013218799,0.0010844445798257893,0.05654658970332465,0.04101252903251999,0.012668550025550535,0.0004883254566872535,0.03405052707734143,0.005997741456513265,0.051939352751527064,0.01155530064443654,0.004807777044025713,0.0033211500664004946,0.005229803852728415,0.0023922575135973266,0.010003404203553617,0.005069557974971426,0.0016204333332079063,0.03213720038495126,0.012563773107900153,0.007572125637996986,0.03865999548850528,0.0033408974097028287,0.004312060080918308,0.0010968527321128154,0.2950635457595234,0.01659959847950121,0.0006105279947372765,0.0002955754982356083,0.009116033188217269,0.005076929218165505,0.0013529011587822435,0.0047771777492157715,0.005651650885260815,0.0005306432779634306,0.020025424919984106,0.005519768322794715,0.01313575456434421
0.18190408474268568,0.03871800149882364,0.0004986381344086622,0.00824285248277662,0.00545611431886521,0.055753798716833086,0.001150231947141272,0.009002297128145514,0.010344619067924912,0.0006832586171194244,0.0027346462395201818,0.00413579187656295,0.00017416226790221956,0.008865523713456048,0.01574845527125072,0.013423264688484244,0.00025468059075825934,0.03483896446652926,0.0061448627701361945,0.01456914002790382,0.07766444428530367,0.003466281804902127,0.002674191097997304,0.005353262700400398,0.008893328260397501,0.001384394071624912,0.05897400652263519,0.012157144557705809,0.031597903214561025,0.014236354690208024,0.006969602426188096,0.0020723635660826094,0.007941864578058892,0.004506193677068721,0.002629114015352905,0.036742109100026565,0.01740174212662994,0.0007629160270790401,0.0011996237338118812,0.008049239546022902,0.0052904587322391075,0.0033572965343224475,0.005021781622417312,0.001426249976368501,0.004527451888969634,0.017971377358706766,0.006424842697309568,0.011365565315731106
0.0036699711893386404,0.017671234075743364,0.0006819144265419765,0.0005235158731243693,0.026959753154779147,0.0019275367935217024,0.003379888084283662,0.009042291620938512,0.10637653133595311,0.0007399751332519029,0.0028512436258853924,0.005969353851534235,0.00030142600701591474,0.05654913182297995,0.04093523899620756,0.012239300852077983,0.00015326330489482504,0.03325223873497028,0.005667187048704476,0.052387848558178234,0.008681097694833419,0.004806813656649988,0.05833788360457927,0.005226977451284633,0.002279288174708359,0.0009034977301203991,0.0057178104197884915,0.012694045464346835,0.018608946448661543,0.013223112470213788,0.007294391618363835,0.014219800245432746,0.008147222744297137,0.00023625621103907143,0.005107867201594314,0.29414612647585164,0.018513328642500708,0.0006277500147362873,0.0011929108947282459,0.01768735166714911,0.012624137364972482,0.000619413781094452,0.004557126903166382,0.027504520654752382,0.007797548274868518,0.008835564556465038,0.010578062231664888,0.007303909445693783
0.0037088667175916605,0.017438990901103724,0.005614138466486231,0.01431115785452732,0.0036073040006547787,0.0020107747327156476,0.0032411513266567605,0.00900167424005218,0.006305070326591372,0.001502273132487065,0.0025980412324273085,0.006026110278294129,0.0002468960412906561,0.05414055217529159,0.014644732036896192,0.012390493407575585,0.005013434505201711,0.03385424252711967,0.00262139738594668,0.05341779449750335,0.006787102581219243,0.00482276898970842,0.00279935600161802,0.005228554092191351,0.00038931206338758067,0.006833861095737354,0.0048787596190364175,0.00995620817077255,0.018248181580476863,0.01113003411155484,0.006159517503795895,0.03701650218989579,0.003757090865828884,0.013652439841352199,0.005600198514102246,0.08956393336055846,0.005135369434528898,0.0008767443835159287,0.0004532483080163793,0.01712975073495153,0.0037190587626577416,0.00010209156777838324,0.0017071200224113826,0.0019238193326640129,0.004541814395249756,0.0010710092538183927,0.006740597401196197,0.01091752273720511
0.0035184289034021076,0.004414814629626546,0.0013681703674834201,0.00853475337997666,0.01106994134433678,0.0009599817123115174,0.0010322171957394316,0.009050807868737465,0.006602823451497111,0.0006269236100271561,0.0025558411790576182,0.005027144677553103,0.00031314911807190016,0.02526084140169408,0.03866797691623705,0.012662783825190267,0.0017007263933255332,0.05666768148770887,0.005792346832206095,0.017863761991045692,0.007788049578569423,0.004696844904903535,0.010433559458834757,0.005198140522690464,0.00039733780899380445,0.006182955744298441,0.007980924509176476,0.0006647934815612105,0.02367929974081224,0.013272435137324505,0.005200103660961614,0.013981797113887313,0.0038022562230913774,0.0010152927616689457,0.011283271720052277,0.03375838968419227,0.01847176905007621,0.004654087451478888,0.001343572950877879,0.01534020673194728,0.00528582646776591,0.00024398550178006276,0.00429162431298611,0.0011916358545312465,0.0006025025141107275,0.008305342235850818,0.002248297672279932,0.011381633507038424
0.002945506233352725,0.04150664183020916,0.0011394853429131443,0.00020393823495669025,0.00900976116170566,0.006383005022379873,0.0010206253429009427,0.009018411262825361,0.010118908703752911,0.0010977195971688268,0.0025364731333151164,0.0051182606672103385,5.217010598514507e-05,0.02466728095998596,0.0167010664398348,0.0126853047453808,3.969364080073099e-05,0.030146563835924976,0.0024846706678045855,0.05384636805854106,0.007991157181421647,0.004883506474857641,0.004404675145045622,0.005177975284983619,0.008510180339216895,0.016481490469324473,0.00512805696579499,0.011541932980080293,0.02063312977207887,0.006192996128421169,0.007214299778794678,0.014211993297266644,0.055388505543903066,0.004621376105259346,0.0013407921763921487,0.2881461776806864,0.016609469241742565,0.08005921742822769,0.00016123620999745772,0.006534610277724809,0.005422833807175014,0.0014290219152078812,0.0005366598670097066,4.6973714145848535e-05,0.004402330291769481,0.008675468881835152,0.006668823097564836,0.010646394200884621
0.22227694143212884,0.016643007074461723,0.06630339849988057,0.003738476031051822,0.0011387489490575498,0.09153958262423872,0.0035773843706226995,0.009029683171271844,0.009424963664220735,0.0016145234762247399,0.0028501386448148984,0.005210742798656586,0.0002628226441027345,0.08717906750227805,0.04142788590257263,0.02659729800736983,0.014868171915030199,0.033294024659726695,0.002485948872242588,0.04313652986440182,0.013035583402288012,0.004330558266412705,0.008896830815049248,0.005216429991775565,0.009182067216787779,0.0009034977301203991,0.0057555236223318425,0.012842286704357912,0.01881175078332564,0.013712854855653682,0.005984057795203018,0.01827072762402074,0.008142676871351145,0.014309806289646919,0.000858460937203914,0.032969119495753305,0.01826950513671724,0.001349873088524611,0.0011977584755295508,0.014575828074440425,0.00198106361093005,0.00034636451522157996,0.0003171495289860694,0.0019432186111764766,0.044817274399748405,0.002077495819918117,0.00745992541325264,0.011264585978474425
0.0017872983989341681,0.01333853904127162,0.000944705262868045,0.0082026114616071,0.02566241829637347,0.06684546499098054,0.0024931326054003053,0.009029339684233235,0.009287820319035306,0.0010892351369777807,0.0025533603659336247,0.005987685644597092,8.151473210889162e-05,0.027176152231212742,0.016708924875588886,0.013993716201251248,0.014855689834368753,0.060324408938153655,0.0025158435801541515,0.015982602897965527,0.07428884014112928,0.004823032217553029,0.05076877393250052,0.0029629331884836446,0.0007898157003091441,0.0014124528052836562,0.006083179704087883,0.009935567873391601,0.04209249833037096,0.01314174646930422,0.003650270667969858,0.014213901028186782,0.008146219620293597,0.013875726629187195,0.0009011648807885222,0.06023536347410642,0.0164822869080425,0.005107256535682829,0.00035752250154081353,0.0032430244260019444,0.0047512605518349425,0.0025841903610769215,0.0008706948184377069,0.0268025544263523,0.00227942437766098,0.011178383687893367,0.005652389728882385,0.01143204772598711
0.0022971153102510247,0.013589786296682563,0.007215163084591022,0.01458619581415717,0.026613179279362693,0.07874439766432768,0.00378904392710819,0.01108228088826424,0.011008153297111956,0.022905030473156653,0.0024021323122026604,0.004131848982738351,0.00029701173616416475,0.05687486077406748,0.06797377166049264,0.022637882157415006,0.003645685489349902,0.033267875020647465,0.0023989019175157675,0.03134360107036621,0.07477756670140989,0.005057255553976008,0.05244592311081953,0.005245169979381467,0.010077250421191291,0.009160100488025659,0.004668653257471459,0.012863239948295054,0.002764863543854197,0.0035086724888373716,0.007665953016758193,0.01118971635650693,0.008255120649889822,0.0021751060527632296,0.0032162158105920532,0.06540057574206887,0.004334165742820806,0.0008939869724864931,0.001214207499277874,0.00822208648513174,0.005571917321032309,0.02775523039260962,0.005070746869630267,0.03622575816359311,0.004611113656088942,0.008195095788497513,0.00557937550702014,0.030789339069594832
0.003624756708241644,0.013423407078756324,0.005470035728322358,0.008309246640851028,0.012175581596284369,0.0024736994232917604,0.0038578533789030353,0.009003220917666371,0.006569374095105163,0.0007991048199680504,0.002555631541044933,0.005090243425517649,0.00029490546791929005,0.02538196079478113,0.01670330901466149,0.012676618927644167,0.0017007263933255332,0.05701166765099062,0.005689673332378046,0.018128831680666355,0.011584512946048564,0.004696844904903535,0.0028120634449073497,0.005197727371375435,0.00039733780899380445,0.006485375799942806,0.005258260441784141,0.009935276724276762,0.023281540544402096,0.012451990734478236,0.007592097971378815,0.014249307348526752,0.0033635066418661107,0.004318414368362005,0.011565208642589413,0.03499389182043579,0.016552162216882823,0.001004570110785429,0.0004556563992047559,0.01534020673194728,0.00528582646776591,0.00024398550178006276,9.7442769135024e-05,0.0011913659936254356,0.004402843931282679,0.008277822051043987,0.003938294424400085,0.011342424245248691
0.0035368083237008975,0.01798396810119264,0.0005886574651312567,0.00389527426657371,0.012974875427869256,0.0008341097689711697,0.002413190848621247,0.009036508026484388,0.004154613867937583,0.00021747059721914406,0.0025560513559338156,0.006022044268248423,0.00033236717000469096,0.025396321371914818,0.04111868197782038,0.012676623615833715,0.0004682227369321505,0.0575558038952188,0.005689673332378046,0.017246087971710566,0.007736899802250645,0.00471977344206333,0.009908385257114578,0.005203329033520633,0.0002222941409338573,0.006535319756447046,0.004522018059380429,0.0010047458668863193,0.027785608425620417,0.033715170974859085,0.007280800958112245,0.014213663131915053,0.0035587355492710552,0.0010229000816469698,0.011398580936991098,0.29914136487239085,0.018416321764247495,0.004773743042851278,0.00029740464798716764,0.015617188958712686,0.005063302415911799,0.0013430433813294668,0.0003689055041037801,0.02625012950925379,0.004402843931282679,0.008386111998717633,0.0066965210343468895,0.013530856961273067
0.16097426747902077,0.016040215358571332,0.0009474844219245562,0.008317658325248112,0.002991009375705232,0.0032497453037991925,0.0011525554790996584,0.009329630336031642,0.006517896524676506,5.663643750396604e-05,0.0025514894852878356,0.005090128364780758,0.0010774496957927703,0.025413451404932424,0.03449712445709198,0.011468658192779532,0.01482530360682064,0.03119316762898014,0.002495177215302955,0.03447431785307186,0.006737014944815039,0.001184021714272016,0.0027420129114774294,0.005197512706337166,0.0006918218358824224,0.006523838151431501,0.005317091113617508,0.009917751050652299,0.01940351349500077,0.012459923254869654,0.007576627351925594,0.014464468997224984,0.003916573380465592,0.004962754883295141,0.0008999912469510275,0.035275680067759455,0.01656544142277127,0.08211796964814683,0.0002553958887726985,0.01411049644520739,0.03506154530462811,0.001383449136223416,9.877571361330093e-05,0.020239629500853534,0.00470833546149516,0.2165871014752443,0.0053994332662300176,0.0113391485980744
0.0022254003504222487,0.01602651548736805,0.23316747528611784,0.008330662855305147,0.001833856667877892,0.05280849083664259,0.003430436767325332,0.009015339015131844,0.010917798819608549,0.0007881909474141218,0.0025679923586554333,0.004200796649760961,0.0011376890011554875,0.05697215824874072,0.018183766385922433,0.011998693660974209,0.001681397616020719,0.034041683353968545,0.0034238734725594937,0.018025262835914442,0.011062319832147357,0.004784094562880548,0.041159934967138864,0.0005303709624240528,0.000109990288736574,0.0009981180202703385,0.006267254514214251,0.012243279406656832,0.029996091597992443,0.018784351653690832,0.0074075935671322375,0.0024217345948997476,0.09561329072914716,0.0013013826206511297,0.0010059403256064401,0.03097177450197801,0.017200841704979118,0.007724753074253269,0.0012605064084938167,0.004042574151635554,0.03526002692318378,0.00012888360843846584,0.003477564765964225,0.003681453400550084,0.005666503974015264,0.008603082687794908,0.006161827354806149,0.011111013858684375
