ADANIENT.NS,ADANIPORTS.NS,APOLLOHOSP.NS,ASIANPAINT.NS,AXISBANK.NS,BAJAJ-AUTO.NS,BAJAJFINSV.NS,BAJFINANCE.NS,BHARTIARTL.NS,BPCL.NS,BRITANNIA.NS,CIPLA.NS,COALINDIA.NS,DIVISLAB.NS,DRREDDY.NS,EICHERMOT.NS,GRASIM.NS,HCLTECH.NS,HDFCBANK.NS,HDFCLIFE.NS,HEROMOTOCO.NS,HINDALCO.NS,HINDUNILVR.NS,ICICIBANK.NS,INDUSINDBK.NS,INFY.NS,ITC.NS,JSWSTEEL.NS,KOTAKBANK.NS,LT.NS,M&M.NS,MARUTI.NS,NESTLEIND.NS,NTPC.NS,ONGC.NS,POWERGRID.NS,RELIANCE.NS,SBILIFE.NS,SBIN.NS,SHRIRAMFIN.NS,SUNPHARMA.NS,TATACONSUM.NS,TATASTEEL.NS,TCS.NS,TECHM.NS,TITAN.NS,ULTRACEMCO.NS,WIPRO.NS
2.221057926162675e-05,0.0025966622049664913,0.005055840437465934,0.005586462617998111,0.001980072604866585,0.058494743378296604,0.0036105558929420854,0.008049466758333367,0.01017953285281953,0.002042274864998794,0.006394009272828198,0.009224533458646402,0.0005203934066278027,0.006827825548951717,0.019852471322932018,0.012906185825723318,0.0030730192526095307,0.0037588916591412462,0.004086936947721534,0.007665336426741902,0.0026198863773522485,0.004550374144432722,0.04723141379732379,0.0052492885607531015,0.0025270220014933955,0.0015355476682133353,0.009513763190079794,0.011098089014464846,0.008182357718036656,0.0005046840865089977,0.007374362856079875,0.018885385445063737,0.0021071134931394116,0.013712285381322907,0.0015008450256657271,0.024391386074683344,0.01924514946917602,0.0002464543461430592,0.0007286500954257518,0.00530916239583417,0.00035876727502240574,0.005088608864486025,0.004337686195785579,0.007591499843137197,0.0031920051325959285,0.0003825509513630059,0.03272903677579958,0.011497939980163291
2.2092320552074167e-05,0.0025966622049664913,0.005056638850305601,0.005586462617998111,0.0019543826983140417,0.05967549813769246,0.0011820606315763806,0.00454902487617334,0.00697404026119805,0.0020421913268718955,0.006394009272828198,0.009223422809597934,0.00031208449149255137,0.006827825548951717,0.019852471322932018,0.012906185825723318,0.00039181129495048737,0.003967355059137924,0.002714517332830006,0.00526277041080463,0.0022928659832397594,0.004550374144432722,0.04723141379732379,0.005256455450457135,0.0025270220014933955,0.0020430078945921264,0.003497255825102329,0.011098089014464846,0.008182357718036656,0.0005114672728361585,0.007374362856079875,0.008618195284345254,0.0021071134931394116,0.013712285381322907,0.0015008450256657271,0.024391386074683344,0.01924514946917602,0.0004677388633066927,0.000714262615941432,0.00530916239583417,0.00035876727502240574,0.005088608864486025,0.004337686195785579,0.05647579298988657,0.0031920051325959285,0.0003825509513630059,0.006968262512324578,0.011497939980163291
0.0017271656677135274,0.0025966622049664913,0.005057105695375005,0.005586462617998111,0.0016958515786948958,0.03172186370183333,0.0036520977550875133,0.00812629425481545,0.010177218078943628,0.002043577176709949,0.006439981431770141,0.009410077419886191,0.0005321135451498875,0.006792507376739318,0.017378868699638977,0.012906185825723318,0.0032179191642246604,0.03317628147060076,0.004141187020509425,0.03412675494682705,0.07648603218474204,0.004550374144432722,0.04718521582808903,0.005259012871498807,0.0076419688606421095,0.018037803243302793,0.003750447555765666,0.010676040569444248,0.008121022294451026,0.0005112967737738623,0.003208754672779292,0.019338907788935045,0.002095928969579139,0.013712285381322907,0.0017958507648554033,0.023567488998963253,0.01924514946917602,0.0004677388633066927,0.00013376006451252783,0.0066639500194753025,0.00035876727502240574,0.005088608864486025,0.004338947582503605,0.006088994034232307,0.0035280349743197492,0.005336944294262994,0.004442436835657034,0.011493658559563724
0.0014750364983639678,0.016597924654192218,0.00414811857975936,0.014774056220435846,0.02724881280655283,0.058915055077402315,0.0033915587596898967,0.018001167093305195,0.01207857617976995,0.02343866862702019,0.00170193014122272,0.0043723062429465755,0.00025844545719977776,0.05651927485851539,0.020971532609656018,0.013114498636061107,0.0002497078237836429,0.03324069003329892,0.002748038103237326,0.03439260315939379,0.011961606239870668,0.004594730237121222,0.10253432943294293,0.00525558254897074,0.008203247983174044,0.01931986231615682,0.00257820153760023,0.010522983936977379,0.004059501227060079,0.01603022114987278,0.003016779370260967,0.04270981811561114,0.0016963835577836644,0.000960267056491864,0.002131858624998384,0.08994973126343456,0.019045952406826307,0.005124087759780384,0.0013930880809663372,0.008696098466738272,0.0117274292002152,0.0009274727762799165,0.0071592584558190075,0.02437844708336563,0.22919137323397681,0.0006107503252185051,0.005708784528014848,0.011488891825899948
0.00020282681161917966,0.016746858497946788,0.0050252285973119305,0.014616651818993175,0.021369634751767525,0.016522402722725947,0.0035991972915807705,0.017310493197762254,0.0209683366464265,0.003773432897155573,0.002897014866439213,0.1044372644531963,0.0002857645814809317,0.05264051149364464,0.03631446184964218,0.012634848836126731,0.0032248160103081134,0.005888651731957295,0.00579280262198982,0.03931838331427068,0.015283809937690103,0.004548592750116741,0.11084332342559078,0.005256089310181961,0.0065773134786464415,0.01760295498331468,0.025035889395666484,0.00942074894728917,0.009470122787175489,0.019320020202398563,0.20339501013340439,0.03445729505921208,0.007378131727909752,0.01485386963634122,0.005410331132735038,0.03927704358121979,0.019491279910544404,0.0005859031433359125,0.001772156111667723,0.008071045014098888,0.0009148377635252472,0.0008470376153281539,0.004300963242188187,0.0023409103746200553,0.010110465047518917,0.00880258738457909,0.00446806731684895,0.011484356987422902
2.221057926162675e-05,0.0025966622049664913,0.005055840437465934,0.005586462617998111,0.0019543826983140417,0.058494743378296604,0.0036105558929420854,0.00454902487617334,0.01005640371638196,0.002042274864998794,0.006394009272828198,0.009224533458646402,0.0005203934066278027,0.006827825548951717,0.019852471322932018,0.012906185825723318,0.00039181129495048737,0.003967355059137924,0.0026814860906362666,0.00526277041080463,0.002312012964827269,0.004550374144432722,0.04723141379732379,0.0052492885607531015,0.0025270220014933955,0.0015355476682133353,0.009513763190079794,0.011098089014464846,0.008182357718036656,0.0005046840865089977,0.007374362856079875,0.018885385445063737,0.0021071134931394116,0.013712285381322907,0.0015008450256657271,0.024391386074683344,0.01924514946917602,0.0004677388633066927,0.0007286500954257518,0.00530916239583417,0.00035876727502240574,0.005088608864486025,0.004337686195785579,0.05647579298988657,0.0031920051325959285,0.0003825509513630059,0.006968262512324578,0.011497939980163291
0.0014467349864975385,0.016613975336096536,0.004205615557226883,0.014616651818993175,0.021369634751767525,0.05360919868223288,0.0034138805627752368,0.01731854418027436,0.0209683366464265,0.003408272008049327,0.002897014866439213,0.1037366394693659,0.0002857645814809317,0.05264051149364464,0.03589938128634785,0.01310962204150044,0.0032248160103081134,0.005888651731957295,0.00579280262198982,0.03438336012491929,0.011925984628701237,0.004544519433533852,0.1108413866677407,0.005256126888410284,0.0065773134786464415,0.01760295498331468,0.025035889395666484,0.00942074894728917,0.009470122787175489,0.019320020202398563,0.18374031583023853,0.04291709103447786,0.007378131727909752,0.0005429790153326092,0.002135223453122959,0.03927704358121979,0.019061851714443075,0.0005846670172558245,0.001739438936780282,0.008071045014098888,0.011899960658013405,0.0008470376153281539,0.004300963242188187,0.0023409103746200553,0.010110465047518917,0.0007078789624096167,0.00446806731684895,0.011488520681118778
3.221092048138346e-05,0.06848597901318249,0.0044888282137654,0.00829233401946554,0.0029743385645269148,0.004030814151858389,0.0037457686721337723,0.004799062498168415,0.010023987529244443,0.0038598815516565,0.002329312558388238,0.00048074829660344837,0.0004518626626478597,0.005391017926194602,0.1389444495521192,0.013364884754574494,0.003454564734395445,0.0019203668540035308,0.0025827658333594464,0.03825615585874205,0.015316990315660398,0.0036785984136538893,0.10359014206866567,0.005256091491950313,0.00782945521912781,0.017342741088498755,0.07190570533986476,0.009475796130122883,0.009620159953161,0.01784784323104828,0.19787999292481795,0.009989869439212056,0.003402281235113,0.01488206338891878,0.0013351140813491237,0.04071346129956367,0.0180115920107402,0.006206819237153292,0.0006749847581151974,0.0066611494411863035,0.0003114397207716126,0.0006286549341773223,0.004331180222842493,0.0006481035847156978,0.016335490857547427,0.00858229284882326,0.003868603699200352,0.01180079428235414
0.0017054676930178194,0.017322426652710596,0.005034968141451332,0.014872893673478273,0.020406990545807583,0.032140120338135965,0.001166720181253584,0.009863448823365702,0.3778023087469524,0.0013713177343237484,0.007915826924133437,0.0061974721087969045,0.00028919971035534434,0.007067590450110331,0.039586073960381996,0.012905932448234429,0.003218983364881798,0.002833110487043184,0.005786360137159517,0.040652326956941987,0.055929730943546745,0.004538982968390442,0.04501829605432334,0.005255988224930516,0.007810619305880772,0.01733413981781016,0.006455754923915454,0.009504537229389574,0.00945646252148118,0.00045791514575378375,0.007925403609170795,0.008838430726641679,0.003538702674624068,0.014232609009975099,0.0015604422566614811,0.023297697436615934,0.015473987124172632,0.0004387541399833105,0.02179901892951745,0.006698500973487033,0.0008734240368535957,0.005007949043337081,0.004339011521547069,0.0004639349421540909,0.018026175789251357,0.061095778688928556,0.0038627892198921975,0.011493725339529484
0.0014420982350266567,0.016853826121863084,0.005034972848442016,0.0007597667610329899,0.0003496916553592833,0.0321198005565857,0.0007752405007077057,0.0046697493524791795,0.40109726625385445,0.0021195749492224896,0.00672435459139252,0.007757393091250295,5.792985080384336e-05,0.006962184763467651,0.035744130650948766,0.012573591185852157,0.0034013274323244874,0.006110129800619176,0.00274723089135045,0.03838690834067918,0.013586183612811753,0.01030607799377833,0.1424559343950234,0.005259161581567454,0.0029363846353735795,0.0016755468069345296,0.002229684527427507,0.010968301452315372,0.008184325722061013,0.0002937907100245725,0.007408743954877614,0.02222581104423241,0.0039792420138097286,0.004892417280410416,0.001595838063964713,0.06166707583783767,0.019217338150946697,0.00045425813363903915,0.0006523298764822023,0.005039775345747254,0.013310847420599943,0.00023533346039200735,0.000754444374630514,0.006873280640194045,0.0034071398615098474,0.0004736013669249837,0.02899103732950999,0.011492930258517076
0.0017048463409588348,0.0025966622049664913,0.005056637657281289,0.0059250113494000054,0.0018050766488252484,0.03172186370183333,0.0036368684528300917,0.0081251756237457,0.3996504806943869,0.0020439870583962515,0.006439981431770141,0.0095234511948313,0.0005321135451498875,0.006792507376739318,0.017386986369565597,0.012906185825723318,0.0032179191642246604,0.03343533681497821,0.0024321201453982658,0.03412675494682705,0.07648603218474204,0.004342090345113773,0.04715016942425985,0.005259012871498807,0.007048074219070281,0.018037803243302793,0.003750447555765666,0.010687643491818104,0.008121022294451026,0.0005112967737738623,0.00739314824167017,0.019338907788935045,0.0004785835243601103,0.013712285381322907,0.0018017629111099361,0.027752307201555904,0.01924514946917602,0.0004677388633066927,0.00021467077090161764,0.0066639500194753025,0.00035876727502240574,0.005088608864486025,0.004370999068975159,0.006881136489219913,0.0035231186890800985,0.005336944294262994,0.004442436835657034,0.011493658559563724
0.0014491416193805758,0.016319928861450745,0.005034972848442016,0.005924063073169387,0.00033433816669852976,0.0321198005565857,0.0009851960197121258,0.007939352990175204,0.40109726625385445,0.0020852530199559106,0.006545492989661822,0.009520951930064024,0.0003261704974693634,0.006960012285082616,0.01884620419760069,0.013195597731740649,0.0033176019665970943,0.006599419801405064,0.0025196828078742294,0.033692063017739804,0.013496516428537698,0.010267551183600176,0.04493372439093133,0.005266143353360771,0.0019470636375118837,0.0020856342227558583,0.002229684527427507,0.010989519823307333,0.006527591340819134,0.0005107110671229491,0.00737764554101507,0.01950501960070805,0.003978841514319294,0.004452461434320919,0.0016049225371810858,0.09124718600887065,0.01921604689704114,0.0003148737488799509,0.001407467006412912,0.006893022589773026,0.0003619897724974754,0.00509055650279144,0.007007107704378456,0.0069412776131185265,0.003523157791881628,0.0053394718936056705,0.004662671732943979,0.011492584090633792
0.00176099936482787,0.0026541496901194943,0.004984595000141811,0.010458902984190251,0.0014861630744592614,0.032160731033595014,0.001024042211373269,0.008831939072819017,0.010221115459495436,0.0020783070486475887,0.006508905404297596,0.00821936543662011,0.00029925995498565063,0.004323757499140226,0.01961608234701797,0.012906356681121516,0.0034029652709902138,0.006983619829092274,0.004382878399334191,0.04123663625284229,0.012579251174043335,0.004506221464804187,0.10395299112373696,0.005256078109821031,0.007702967758514812,0.0012812214473544355,0.003749461344626323,0.009203548774697623,0.013646621280864156,0.0005227624405896718,0.002865399557800679,0.008838375722391462,0.0042400936391736145,0.004827718620407004,0.0019571310989764884,0.021148720270248063,0.018112539644759635,0.0004671218152259879,0.00013152859579897445,0.006797154966417562,0.013194385146527366,0.00036103873417666623,0.004335930380470358,0.00019798162481995076,0.0034044554677371587,0.0008229167373892451,0.004442509079900374,0.011493973822205895
2.209249783055444e-05,0.01749445292897223,0.005034972848442016,0.004273590175178971,0.013122294955996358,0.0321266099531766,0.001166720181253584,0.009863448823365702,0.37823221733556733,0.002057582132734284,0.002844881005416209,0.007627179316511985,0.00028919971035534434,0.004358205364484677,0.03639135991721081,0.012906185825723318,0.003320079447946349,0.006965922397471402,0.004141183545422922,0.03933010233414521,0.013534020689377415,0.004538982968390442,0.04723141379732379,0.005256223048247547,0.011367061200624883,0.017329788173749337,0.003750447555765666,0.00943419396751887,0.00943884643941409,0.0005112967737738623,0.007374362856079875,0.008838430726641679,0.003961199551613308,0.013711601063063896,0.0015604422566614811,0.16932580271135705,0.01924514946917602,0.0004387541399833105,0.0007141664144145019,0.006864962905386411,0.0008913759438446138,0.005014704711963986,0.004337686195785579,0.006863773292909301,0.0034052365751521137,0.005544644428281382,0.004643437712181781,0.011493658559563724
0.00027839363459515484,0.01665211273742246,0.004534580280518965,0.01460157179412742,0.01961641716336024,0.052010859707298254,0.003765475725866387,0.009155105441205217,0.02015116160258548,0.0012964756138686758,0.026178723692496735,0.10738963088233026,0.00032174655802287474,0.05645611281462575,0.028528990262815843,0.012906130166260672,0.002502880220639276,0.0066023988328295456,0.005792767325880773,0.03939089416109339,0.014585332555017306,0.004603809846770912,0.1088941771811721,0.002924856765401613,0.007910806057097965,0.017597151769526313,0.1823851858779538,0.009632870723237947,0.008641090550155196,0.019320020202398563,0.0030235027358737035,0.00973677256250356,0.0040561165613157936,0.01361550293400516,0.002130386974349775,0.05990897676386336,0.019071083188517392,0.0003705040471332472,0.0017747541920727357,0.0027330054911784843,0.0007270975194718556,0.0009273860032168818,5.590823996468562e-05,0.006808322308517985,0.0011981139947232471,0.000613661057997403,0.0037641885134721883,0.011488916462825224
3.577880032630925e-05,0.008873363271729735,0.004997603838686901,0.008266398639603167,0.014839364275788854,0.0321228596120162,0.000637882253892573,0.0011460540379676035,0.043614876569820354,0.00019164040611026605,0.007156489870533751,0.004020871519549053,0.00028910030568099395,0.006827583940654462,0.05229404595103505,0.01261350669373622,0.0024350970929153605,0.007088623452214628,0.0025350449813717566,0.021688922932704517,0.018208533238673604,0.004541222769278904,0.04718443598763441,0.0052512075017684,0.0025592716116252384,0.01996155138338212,0.011391462715575076,0.009434680486425094,0.00821190779430393,0.0005472251208840765,0.005244353901479731,0.009567416870790803,0.0038800811340115515,0.002946096363497557,0.0016044472959882827,0.017727843575866875,0.019662058281005482,0.00043921618345115046,0.0013881364229338226,0.005634675619965093,0.0002578041217803671,0.005058508402647044,0.00039479781920081624,0.0012383555343683942,0.0034052365751521137,0.0054610282220724045,0.004354677688874352,0.011308385969290048
0.00020282681161917966,0.016746858497946788,0.0050252285973119305,0.014616651818993175,0.0003149127948364767,0.016522402722725947,0.003602380792013476,0.017310493197762254,0.020834487322204324,0.003773432897155573,0.002897014866439213,0.1044372644531963,0.0002857645814809317,0.004431993125827795,0.03631446184964218,0.012620528908748431,0.0035295671387495023,0.005972517080854348,0.00579280262198982,0.03931838331427068,0.01368734127054853,0.004718327980069937,0.11084332342559078,0.005256227322462206,0.0065773134786464415,0.017585524098289142,0.025035889395666484,0.009420226443657727,0.009470122787175489,0.019320020202398563,0.0027619403287576535,0.03445729505921208,0.007378131727909752,0.01485386963634122,0.005411801815185173,0.06623268109061965,0.019485855997593327,0.00043956161986390314,0.0017742753721887764,0.008071045014098888,0.0009148377635252472,0.0008414580530100363,0.004300963242188187,0.0023409103746200553,0.01010796933082157,0.0008384512028307763,0.0038381547558829026,0.011484356987422902
0.0014487092699374646,0.016333212767621768,0.005034972848442016,0.000809059419023964,0.00033912871668666223,0.0321198005565857,0.000848676727677308,0.007929691758807852,0.40109726625385445,0.002057582132734284,0.006545492989661822,0.007781994955225709,0.0005395813554615359,0.006960012285082616,0.035744130650948766,0.012596283711794084,0.0033176019665970943,0.006599419801405064,0.0025193102966008783,0.033692063017739804,0.013597156634087941,0.01030607799377833,0.04493372439093133,0.005255979834078084,0.0029363846353735795,0.0016755468069345296,0.002229684527427507,0.010985579814332583,0.008184309550524483,0.0005107110671229491,0.00737764554101507,0.021384962893369018,0.003978841514319294,0.004452461434320919,0.0016049225371810858,0.06173483616658533,0.01921604689704114,0.0002776497496934199,0.0007141160422619826,0.005039600564118824,0.0003619897724974754,0.00509055650279144,0.0007471465474959992,0.006869353475819349,0.003406708695272522,0.0054610282220724045,0.0046349234240556335,0.011492584090633792
0.0017271656677135274,0.0025966622049664913,0.005057105695375005,0.0059265880351169285,0.0016958515786948958,0.03172186370183333,0.0036520977550875133,0.007941876949692147,0.401822968238005,0.002043577176709949,0.006439981431770141,0.009412578705644397,0.0005321135451498875,0.006958414272284444,0.018833524827658536,0.012906185825723318,0.0032179191642246604,0.03317628147060076,0.004087380872585232,0.03370488102105271,0.07648603218474204,0.004550374144432722,0.04491446987542463,0.005266075079451064,0.007627381291863674,0.002463648435266156,0.003750447555765666,0.0017818186160470737,0.008121022294451026,0.0005107208145288661,0.0035254251468444233,0.019338907788935045,0.004001206624786532,0.013712285381322907,0.001600493337532041,0.09165169941241158,0.019244826969132565,0.0004677388633066927,0.00013376006451252783,0.006893552434458073,0.0003587618109088236,0.005088608864486025,0.004338947582503605,0.006088994034232307,0.003527826859551998,0.005339535308024488,0.004442436835657034,0.011493634886200204
3.592013581999366e-05,0.0018263751744938242,0.0050343539278188,0.008278392796880031,0.001527631187375424,0.01683316999760451,0.0035320585921385203,0.007713510982388588,0.01021893669597652,0.0002499032010134894,0.0023305043156355773,0.0002944293244941614,0.0004462198855547349,0.05496151005523949,0.10849223245402086,0.012912105829304,0.00014066218938243395,0.002901040652898373,0.005731920570286887,0.04137249847105447,0.0011808505003187177,0.004694251596854028,0.10055757895122121,0.005255992605976355,0.006586339024992401,0.010173489136353825,0.07225058551589011,0.007112383295878963,0.008166315846846689,0.003739170531755565,0.19787999292481795,0.009989869439212056,0.00424105931273337,0.014868169364216408,0.008520968755867078,0.03946491843996569,0.018102067315373557,0.0066572902093076786,0.0017729273191347307,0.006830871325628794,0.013155095619108655,0.0022361900355493906,0.0008358972938961144,0.0025489149462574563,0.009960626502260414,0.008965534154540555,0.0040216759140202386,0.011492608891890462
0.0004143440910410476,0.00391524473426635,0.005035746121409127,0.01460157179412742,0.00013813967715187864,0.03210616978862532,0.0011061240028005848,0.006969635425424647,0.01850993776536759,0.0012964756138686758,0.026008701936497295,0.10536475092957259,0.0011069483773690548,0.018463164969166904,0.03645894230874714,0.012907694249702638,0.0024964426590687386,0.0066023988328295456,0.004152440492221299,0.04178205427796685,0.013996421861433257,0.003322756708420245,0.1091060145380542,0.005256725806389486,0.006580587504161546,0.015838770118192506,0.18269991719134387,0.00935849762733363,0.009586206404871718,0.019291754126254827,0.007396411379429086,0.008888421690498374,0.004258404067265319,0.013750529143529944,0.002396581583415292,0.0024862924569843924,0.019660471177547358,0.0003815935060833634,0.0017729526916616376,0.005735703912560141,0.012460135670867331,0.00446874797826323,5.590823996468562e-05,0.006808322308517985,0.0036671766211265077,0.0035596901931587424,0.003816613223362788,0.014124171789581356
0.0017251682941944835,0.0026496087035337646,0.005056767361062233,0.005586462617998111,0.0019543826983140417,0.058494743378296604,0.0035998108297060566,0.008551719404867139,0.01005640371638196,0.0020502783259709993,0.006394009272828198,0.009224533458646402,0.0005203934066278027,0.008740044375379098,0.019852471322932018,0.012906185825723318,0.00039181129495048737,0.003967355059137924,0.0026814860906362666,0.038749079077730945,0.07719113947242445,0.004549687278897966,0.04813315886617429,0.0052492885607531015,0.0025270220014933955,0.0015294582238292826,0.0034161042753526934,0.00948570573916285,0.008182357718036656,0.0005046840865089977,0.007374362856079875,0.018659673973360717,0.0021071134931394116,0.013843189687186586,0.0015008450256657271,0.024273024479387843,0.01924514946917602,0.0004677084426950308,0.0007286500954257518,0.00530916239583417,0.00035876727502240574,0.005088608864486025,0.004385467960782958,0.0041584865338998266,0.0031920051325959285,0.0003856233990659221,0.006990021012294373,0.011497939980163291
0.0014841113012049373,0.01677220824174746,0.0050348412418722115,0.0077945908705582875,0.002394713478589397,0.017116020488355053,0.0033542476449814397,0.01718677112482663,0.02090281749658049,0.0015130175824369192,0.007523703732373743,0.10536475092957259,0.0005337017060844992,0.05645103085015185,0.037990324871985205,0.012806234956069673,0.00020640988861810906,0.0021159720608274245,0.004141422802998792,0.04128654724214153,0.015828240878019675,0.004634156404986842,0.11080801141557096,0.00525593445645808,0.0065899565117623895,0.0026297115551069524,0.1772879793561481,0.010785728674715667,0.008369480639415693,0.0025865786031335925,0.00854122242463597,0.008803221697116264,0.004060520836348282,0.014204350217529211,0.0021474268657075894,0.02011873757572217,0.019461092544269885,0.006812176421525476,0.0007159037439801843,0.006924871594667033,0.001077317051980981,0.0002908166608516228,0.0004994194159664591,0.001206474201206157,0.0032387154871100776,0.0007442165289549699,0.003876965041651073,0.011491688956910733
0.0014435581367104645,0.01676921319229344,0.004984595000141811,0.010687036211952073,0.0014906623167163812,0.03142684795494162,0.001024042211373269,0.008838624888474273,0.010218356321808342,0.0020770975568772075,0.024635694761727413,0.00818000995663487,4.3512485653301794e-05,0.0056779097304299544,0.10054778892206494,0.012837887637601053,0.0034010771295529974,0.03322945430163572,0.002748038103237326,0.043513433451916966,0.013785579715836419,0.003464230539536531,0.10791097580215078,0.005258981875719958,0.0070055438806607175,0.0012812214473544355,0.0029066196815497243,0.007148987643981353,0.008048292390303823,0.0009043121201268434,0.002865399557800679,0.009715108847708494,0.0042400936391736145,0.004883524671228567,0.0019571310989764884,0.06471399625010323,0.01808836282650222,0.00044976876993168977,0.0006609805126998824,0.006817173481816079,0.013194385146527366,0.00036103873417666623,0.0007537707290965108,2.1913261403208248e-05,0.0034249778770424908,0.0006045395908630333,0.004437715942764839,0.011509853048996726
0.00027839363459515484,0.010214007662183378,0.004534580280518965,0.01460157179412742,0.019634305999116152,0.052010859707298254,0.003765475725866387,0.00913838485045742,0.02015116160258548,0.001335305441140487,0.026178723692496735,0.10738963088233026,0.0003383395674620419,0.05645611281462575,0.02884619269822486,0.012906180703483303,0.003202746783589571,0.0032172707040798616,0.005792767325880773,0.01930602517056538,0.009430726576012467,0.004589987729993634,0.11162171637078405,0.002924856765401613,0.007905273725626332,0.017988524496164063,0.1823851858779538,0.009632870723237947,0.0086353982448775,0.019320020202398563,0.0035146402898314595,0.019780154575203247,0.004005264860908487,0.013615418620722604,0.002130386974349775,0.05990897676386336,0.015627457727511347,0.0003705040471332472,0.0001203670669911222,0.006773129608906997,0.0007270975194718556,0.0009198347364262542,5.590823996468562e-05,0.006088197654912614,0.000884544315577912,0.0004604988869323528,0.0037641885134721883,0.013393453226477114
3.221092048138346e-05,0.002153213683151252,0.005024622273250723,0.00829233401946554,0.0030519149420229156,0.012833562789591371,0.0036726450666752647,0.004308390269745201,0.01003777536543266,0.002036223515770966,0.005002490748070316,0.00047347170026400265,0.0003199779806718287,0.0015211545808456184,0.1398595817475998,0.012906185825723318,0.00014066218938243395,0.002901040652898373,0.005726661207053813,0.04073036156337271,0.015316990315660398,0.004555257607322012,0.10006278639358503,0.005256091491950313,0.008123049432136467,0.010465286958821825,0.0714462081320857,0.010626315911595583,0.006394990011873139,0.01119531671217881,0.0066108858328865205,0.009998716914650312,0.004004276630097738,0.014868169364216408,0.0020587615409943527,0.0394653455614508,0.0180115920107402,0.006484072158607442,0.0007153995428948626,0.006655949820077164,0.0003467559834276905,0.027576028466328784,0.0010099997340288225,0.0009345639331528664,0.010008647591543882,0.00877226297814123,0.003868603699200352,0.011493708306235476
0.0002730672237356884,0.0025966622049664913,0.005034972848442016,0.005586462617998111,0.0019800402183612602,0.058825634256113146,0.00365425899650033,0.007945884348131406,0.010175901197442988,0.002042274864998794,0.006394009272828198,0.009222645322576453,0.00053211397152863,0.006827825548951717,0.019852471322932018,0.012906185825723318,0.00331088966835389,0.003758705696413846,0.004141187020509425,0.03458742711558814,0.0738418569850248,0.004550374144432722,0.04723141379732379,0.005259015488180249,0.007641969085495736,0.0015355476682133353,0.003750447555765666,0.010763848306206712,0.008182357718036656,0.0005046840865089977,0.007374362856079875,0.018885385445063737,0.002095928969579139,0.013712285381322907,0.0015008450256657271,0.02366021572601769,0.01924514946917602,0.0004677388633066927,0.0007141664144145019,0.006663980612370288,0.00035876727502240574,0.005088608864486025,0.004337686195785579,0.006088994034232307,0.0034031080404124604,0.005483545185923347,0.004442546558647715,0.011493658559563724
5.1331081674472904e-05,0.00459747622366365,0.005035737796258158,0.005572417693448457,0.00014525052083522606,0.0321266099531766,0.001106076847055168,0.00810427244982609,0.36643649911169474,0.0013054917527099024,0.005005249143374033,0.0076567786135916666,0.0002895710492069978,0.006991344096006681,0.03639135991721081,0.03269714345914086,0.0024982308850931977,0.007239005683628489,0.004153174200907846,0.03940923744622228,0.013549927297892657,0.004538982968390442,0.04926666783575817,0.005256223048247547,0.011367061200624883,0.017329788173749337,0.011130091354234439,0.009438948118370906,0.009439432399691347,0.0005112967737738623,0.007374071027410451,0.008887730735933807,0.0038750261987153135,0.013735013650183647,0.0015589308079350663,0.007705882183808785,0.01924514946917602,0.0004387541399833105,0.0014098039971143853,0.018226818509735395,0.0003470643655965478,0.005020004304554464,0.004039068390026481,0.006805281682211278,0.0034117487089338856,0.005544644428281382,0.0046362401912176405,0.011493658559563724
0.0014435581367104645,0.01708344465660199,0.005048824573797214,0.010687036211952073,0.0013847519516877846,0.02765491869734773,0.0009597611408629022,0.008838624888474273,0.0210197122983156,0.0020770975568772075,0.007078256410709569,0.010767070473465173,1.776939761150966e-05,0.005304986828760273,0.1082549245222314,0.07286494087879515,0.00023085910452821522,0.03322901401017496,0.004213677699459827,0.04358407360549806,0.013793733785673284,0.0034617940086492343,0.10791097580215078,0.005249674441965037,0.0070055438806607175,0.01531536798574422,0.07838964861582595,0.010851058424052713,0.008046531144300323,0.0027411845484180243,0.0028739679205570996,0.009715108847708494,0.0042400936391736145,0.004929487399675902,0.0019717536715837176,0.06511514839482993,0.018119489554209143,0.00044976876993168977,0.0006609805126998824,0.006796920538058814,0.013087894316229289,0.00036103873417666623,0.0007508206880347841,2.1913261403208248e-05,0.01618372617387295,0.0007512011065421447,0.004437715942764839,0.011446463014244531
0.001457442770448754,0.016853826121863084,0.005034972848442016,0.0007597667610329899,0.000315306851155976,0.0321198005565857,0.0008022510201576019,0.0046697493524791795,0.40109726625385445,0.001181818124159066,0.006545492989661822,0.007757393091250295,0.0005527988072183655,0.006960012285082616,0.035744130650948766,0.012596283711794084,0.0035006677535002447,0.0059813512097710506,0.0024699329328890865,0.03838690834067918,0.013597156634087941,0.01030607799377833,0.14085329282305567,0.005256238047914762,0.0029363846353735795,0.0016755468069345296,0.002229684527427507,0.010985579814332583,0.008184309550524483,0.02280536032080282,0.007376762787937568,0.02180643755428211,0.003978841514319294,0.004452461434320919,0.0015673388867043368,0.06173483616658533,0.019217338150946697,0.00028464262946867693,0.0018184945592630568,0.005039775345747254,0.00037183006750543323,0.00023099829570227479,0.0007471465474959992,0.006869353475819349,0.003406708695272522,0.00047373637033299235,0.006820853511044509,0.011492584090633792
0.000685706254588341,0.0025966622049664913,0.005034972848442016,0.005281773752936908,0.008630701748107492,0.03154488457717346,0.003438491121594132,0.007945884348131406,0.01018628743443134,0.0014747549606203814,0.0068374770059771986,0.004152423164135818,0.0005321265567042259,0.006827825548951717,0.019722662671231003,0.012773724789276245,0.0033126872859152,0.0029719253367674375,0.004150930202039251,0.03827579961360005,0.0738418569850248,0.0035452724796323047,0.04723141379732379,0.0052559982929080065,0.007616107329221833,0.0015355476682133353,0.003511118323228013,0.010749422782676862,0.008182357718036656,0.0013340573182650303,0.007374362856079875,0.00845671453634628,0.0021128620987721286,0.013711291573645784,0.0019219816485072268,0.02306356829622253,0.019204704042498407,0.00043935888596514336,0.0007141664144145019,0.006652459790769135,0.00035876727502240574,0.004905684679916184,0.004401230016784377,0.006082033551067656,0.003378825765013756,0.005391422946494292,0.004441492260399923,0.011519310451018295
0.0001060626612706797,0.016552129571879716,0.004484108124605653,0.008230887436163422,0.02702196188393163,0.07474228539523507,0.0035402887384657303,0.021447754710038427,0.010116099160680573,0.02419993845144214,0.007200930699512253,0.004370260821335404,0.00028880682592923756,0.05447777455872143,0.02085756526586681,0.01283499154680248,0.012983089710844303,0.03324045349935058,0.0028154289315324103,0.03647061636653195,0.011961606239870668,0.00457341484796215,0.11312273027530428,0.003225374990341243,0.008014668203275899,0.01931986231615682,0.002738572167241944,0.010032015481389904,0.004059501227060079,0.011109125310734439,0.0031049327862074216,0.042698858658282476,0.0014844736785381675,0.0005958822971238436,0.004620475144935547,0.05577054837123738,0.01596125320149145,0.0008649421346851767,0.0013688939001022908,0.00961588672216939,0.0004700982671520907,0.004988077871148699,0.007053960947456674,0.02426471801309676,0.22579922544958791,0.0006107503252185051,0.00645591118100301,0.011484606535190489
0.0002112212209373849,0.017469954535576218,0.00503471982046523,0.004273590175178971,0.013122294955996358,0.03156397335316285,0.0036672322165386176,0.018084495800630124,0.3677750077089327,0.0013889507690161595,0.0028302793950765745,0.007836180513030996,0.0002668972972193615,0.003908373026637626,0.018033929918796994,0.012906185825723318,0.0046675748987419245,0.003105707127808207,0.002715832709197542,0.046397642956195195,0.013547449062978159,0.004538742359296953,0.15312555641904144,0.0052562121319647236,0.011367061200624883,0.01796094952934617,0.0034680041291789065,0.009375743347046004,0.006967308816726962,0.00020116230634519613,0.007374362856079875,0.009042434915978542,0.003961199551613308,0.013694591820744754,0.00879364795865031,0.010569173358293674,0.01616035569208277,0.0017412871407387516,0.0011745136219695523,0.005984624207966917,0.00034418858993051876,0.005024806790976553,0.0031736915249040605,0.006863773292909301,0.0014503324182537432,0.0006695672243632847,0.004441324812501306,0.010099838190135489
0.00041417566433240324,0.0010380536001195744,0.00502483272294498,0.013930038702217474,0.0011534133896315777,0.01690176389109761,0.0011462892341247927,0.00769812987450683,0.02025048140468448,0.002057582132734284,0.007365945233348142,0.004226857700162801,0.000297814549473384,0.007417420009779949,0.03614784754465203,0.012906232574069402,0.003311619350783883,0.0029875623228397363,0.0008284993792758797,0.053047636869438204,0.012100708058743566,0.010159152333107973,0.10251045624900214,0.0028039057545965196,0.006580408489224016,0.01064526818441244,0.024789092512875473,0.009256729581321751,0.008181000916075333,0.019338262414459028,0.012071671354633107,0.00893620271000773,0.007477843209071076,0.014233168372532959,0.001559951415739599,0.03906430130292592,0.01924514946917602,0.0005907014841412309,0.0007190814155109889,0.006641215831981918,0.0011203160749611559,0.0011039102660016368,0.00014780331507165774,0.006510557357270603,0.003014563077137807,0.0006298131114902232,0.004478518921736981,0.01149302274541038
0.0004143440910410476,0.00391524473426635,0.005042472960842152,0.01460157179412742,0.00013813967715187864,0.03210616978862532,0.003765475725866387,0.007832363891147966,0.018444271801120047,0.0012964756138686758,0.02595099195451104,0.10536475092957259,0.001024263291595687,0.018463164969166904,0.029843893671216946,0.012907694249702638,0.0024964426590687386,0.0066023988328295456,0.013132143181640497,0.04106160045708218,0.014585332555017306,0.0048723379398017035,0.1091060145380542,0.005256725806389486,0.006580587504161546,0.016735943045644748,0.18269991719134387,0.00935849762733363,0.009470122787175489,0.01953965085269485,0.0076122474025801376,0.008888421690498374,0.003937086559063494,0.013750529143529944,0.002389500764437529,0.022947222047486556,0.019480655750983643,0.00040046732016432295,0.0017729526916616376,0.005735703912560141,0.012460135670867331,0.004460321442864531,5.590823996468562e-05,0.006808322308517985,0.0036634619529401615,0.0008384512028307763,0.003816613223362788,0.014124171789581356
0.00027839363459515484,0.01665211273742246,0.004534580280518965,0.01460157179412742,0.0008015584534873631,0.052010859707298254,0.001154990607489002,0.009155105441205217,0.010494196913753799,0.0013216575133015358,0.00667398748125112,0.10090320764111654,0.00032174655802287474,0.0067727372332596035,0.03519313529101193,0.012906130166260672,0.002502880220639276,0.0066023988328295456,0.005792767325880773,0.03939089416109339,0.014558031040840306,0.004603809846770912,0.1088941771811721,0.01915106744162284,0.007910806057097965,0.017597151769526313,0.19688351260031473,0.010845243264525746,0.008641090550155196,0.019320020202398563,0.003268128418984795,0.00973677256250356,0.0040561165613157936,0.013624563294984621,0.0021285452088244863,0.05990897676386336,0.019066327290228,0.00037153516564586756,0.0017747541920727357,0.006866800498499647,0.0007270975194718556,0.0008324721311564354,5.590823996468562e-05,0.006808322308517985,0.001215271186877943,0.005342631757994477,0.004432473146707591,0.011488916462825224
0.0001060626612706797,0.016552129571879716,0.0050990732958557244,0.008306097733508343,0.02724881280655283,0.058915055077402315,0.0035302892770164235,0.018066006789915497,0.012157581470033912,0.02419993845144214,0.002972933699086175,0.0006168186334441269,0.0003204712591150512,0.05447777455872143,0.05329049753094813,0.01283499154680248,0.013450563336457501,0.020332179844097287,0.0028154289315324103,0.04000879902825467,0.011961606239870668,0.004592891267887626,0.10913584102421672,0.005212334585569426,0.008203247983174044,0.019323101020745914,0.00257820153760023,0.010023841640428828,0.006498575765115968,0.01594556668889202,0.0031049327862074216,0.04345465943153467,0.002941361082428334,0.0018197423113879597,0.004620475144935547,0.08994973126343456,0.019045952406826307,0.0007790797133356564,0.001367645949325585,0.00021444122571888987,0.0004700982671520907,0.0002550166042066242,0.007063604767834829,0.00783592659041994,0.22579922544958791,0.0006227664880176549,0.006468616620727192,0.011484606535190489
3.221092048138346e-05,0.002153213683151252,0.005034972848442016,0.00829233401946554,0.0030454423868397536,0.012785765447552902,0.0036726450666752647,0.007681725192939081,0.010023987529244443,0.0036196044769983534,0.002329312558388238,0.00047347170026400265,0.0004518626626478597,0.05458085129268585,0.1398595817475998,0.012906185825723318,0.00014066218938243395,0.002901040652898373,0.005784561556023725,0.04087982056235517,0.015316990315660398,0.004555257607322012,0.10022800846555013,0.005256091491950313,0.006631900220507953,0.010465286958821825,0.0721756893031241,0.009475796130122883,0.008335818471567521,0.0033790511110023316,0.19787999292481795,0.009989869439212056,0.003961199551613308,0.014868169364216408,0.0020587615409943527,0.0394653455614508,0.0180115920107402,0.00666411144903312,0.0006935558665240883,0.006655949820077164,0.0003551731599149022,0.0021787879873613955,0.0010761405911948844,0.0009428962107356975,0.010008647591543882,0.00877226297814123,0.003868603699200352,0.011493232208924859
0.0002542917448001882,0.0168413865583939,0.005057238374923559,0.007910120066925102,0.0016249194140897823,0.012826162759071006,0.0011678509752730932,0.007619886366608372,0.020834487322204324,0.0011658465490454353,0.0021114541078979497,0.011715049651474067,0.00029401280303207044,0.007328368116831085,0.13864579811233024,0.01262117793616734,0.0034974607959346064,0.005972517080854348,0.005663177260450909,0.004916415114194231,0.014701590898045576,0.004546438083017251,0.146914112928649,0.005256227322462206,0.006632098212025146,0.010617364312841169,0.08222160658311675,0.011082622935648215,0.008348007875923925,0.003546664740405734,0.007113239066548541,0.03445729505921208,0.008226820650888568,0.0031128910609763017,0.010459708107817545,0.06558296769466078,0.018961434828239077,0.0009347570859152428,0.0007054720861202321,0.005032020363324436,0.0013055028592893671,0.005212116741607146,0.007769644948108775,0.0005796852856603386,0.009414077762446973,0.0005449113043501906,0.006356671052310417,0.01148186841420195
0.0008318062606996535,0.0028449387068023536,0.005050887514435316,0.005170869760774404,0.0022795972547139296,0.03183317458461465,0.0036520972987731685,0.007956202005133264,0.010180375693436354,0.0020854358888030087,0.006436629433411635,0.1054627649658591,0.0002764632023997954,0.005837664754230889,0.017644535043061706,0.012909341161845727,0.0031739951156712198,0.0010326431142623528,0.0025398961691303276,0.011836245514054154,0.07723302120942191,0.004492689932502322,0.04807700217296581,0.005256023484245681,0.0030031152229973265,0.01893248972033275,0.004704831760674828,0.010704904363393839,0.008181148281838765,0.019320051255816855,0.007047408569277422,0.019900096211629956,0.0022714803093659293,0.013721147878369994,0.002389500764437529,0.024471650547580884,0.01923313344095763,0.0004298773272048225,0.00010901055609342705,0.0067363487868702335,0.00034178632563255256,0.0052610741229512665,0.004337952379644978,0.006096176138350903,0.003404920338941919,0.005505865673258696,0.004436767262925271,0.011306618642976253
6.968719160198978e-05,0.02571608336085763,0.0048230227754359496,0.014607924921328955,0.0269164006832432,0.05303929147268334,0.0022728214544676293,0.008808528296704166,0.015224424817308797,0.001233449169751793,0.007349060183137289,0.004058649910262511,0.0003019422306900204,0.05447910253451932,0.051570234758666955,0.012703896437396903,0.00144751895300815,0.032758777186156704,0.0012411173655320642,0.1490034709409484,0.014678321938529467,0.005099086485104884,0.05220069775964702,0.005250142600439638,0.008066241142459268,0.017361251682949844,0.0025788556973079164,0.010463691436396052,0.004074570425139973,0.0011775530061982724,0.003926951447039457,0.03250991129542467,0.0034379642416385242,0.014194436760952812,0.0021664449392697236,0.09620262731107738,0.019140684559453308,0.00511073045158217,0.001322181465947783,0.0069906141638047,0.0007306705424370901,0.00044324427928241986,0.00028552352160647403,0.00383729197201061,0.180128072016591,0.0015372192468219407,0.006229734576513316,0.011468052295267732
0.0002542917448001882,0.011718260658210522,0.005056917947148906,0.007910120066925102,0.0016249194140897823,0.012016298597866194,0.0011678509752730932,0.008892838915083847,0.020834487322204324,0.0011658465490454353,0.002456202149624034,0.010752003827304978,3.636953353081579e-05,0.007328368116831085,0.1079238603374933,0.01262117793616734,0.0034974607959346064,0.005972517080854348,0.004226851495571417,0.004916415114194231,0.013801456343151658,0.004491553696002206,0.10716187946739805,0.005256227322462206,0.006632098212025146,0.010617364312841169,0.08207023385701881,0.011090654347472084,0.008348007875923925,0.003546664740405734,0.002868923166770764,0.007538416718617057,0.008226820650888568,0.0031128910609763017,0.0024789673844466953,0.06558296769466078,0.0189431580557205,0.0009347570859152428,0.000660768679109163,0.005007836318872543,0.0013055028592893671,0.0004095372685695999,0.001194256166741982,0.0005796852856603386,0.009414077762446973,0.0005449113043501906,0.00443175391374535,0.01144672259024021
3.225117806691829e-05,0.0028907919833161657,0.005034972848442016,0.00839805027605186,0.001647434956944297,0.01103849029901549,0.0011673252533216142,0.007617779820587688,0.050293915844798504,0.002057582132734284,0.002795474879510983,0.00021709433327397887,0.0002838317842973596,0.0056557851124727394,0.13951908650600237,0.012906185825723318,0.0002598054009738315,0.006965392651253107,0.004141183545422922,0.03938329694517133,0.013545456710752574,0.004538982968390442,0.1028254125050466,0.0035791501249291128,0.006627975514574669,0.011099700182933993,0.004667878340691524,0.01110098265156712,0.009415799300739602,0.00045271657130878894,0.020539872168401044,0.009967958263326403,0.003969667376706127,0.013711601063063896,0.0014816624962873935,0.01454240034152815,0.017995141800234954,0.006956967507489058,0.0007048573235949403,0.005387612308910228,0.013054642572038436,0.005014704711963986,0.004337686195785579,0.006867594343503691,0.0031043365958895934,0.005544644428281382,0.004643023962036716,0.011457712160999367
0.00661043840337461,0.0027670728901214754,0.005041604700807549,0.014849352060465662,0.009483519167579533,0.07606920106100672,0.003595098256639745,0.006949306229512483,0.021586555730717674,0.0013708034877505772,0.008256352851676637,0.004052526359909314,0.0003175243909318106,0.0532804464465942,0.04522260737781253,0.045343045675109064,0.0009849500171276392,0.033090714185880866,0.005814758142839351,0.03938871844175125,0.01394447935324025,0.004650777827903714,0.10905974526024576,0.0028599716683677997,0.003298272908936094,0.01758553746401853,0.17786627411930583,0.01075783235064678,0.008538375492544518,0.005327292813351432,0.0033607462786551675,0.009384538812657668,0.027219242860423935,0.01428003070857008,0.002312594127813281,0.06062136721374212,0.019651082182946332,0.00024503158055500787,0.0014387031771984386,0.0030617800166093095,0.0006590974466155048,0.0004925678726598413,0.004354347584094757,0.022274607076720614,0.0009652302118673961,0.001096274250759562,0.004449814198445434,0.010548296081986383
3.577880032630925e-05,0.008973111619208645,0.004997603838686901,0.008266398639603167,0.0003126085900942129,0.0321228596120162,0.000637882253892573,0.0011460540379676035,0.022475995999966136,0.00019164040611026605,0.007669396098817839,0.004020871519549053,0.00028910030568099395,0.006827583940654462,0.05163722059102766,0.01261350669373622,0.0024351692358878466,0.00708142004566076,0.0025350449813717566,0.02228832449937342,0.018208533238673604,0.004637480581269621,0.047186167739113036,0.005527268296909293,0.0028158568471000098,0.01996155138338212,0.19199294960361993,0.01072120688914885,0.008184232442206974,0.003055733601821169,0.05251139850065367,0.021594685945887176,0.003978885396501536,0.002946096363497557,0.0016044472959882827,0.009503162291653915,0.019662058281005482,0.00043921618345115046,0.0007141664144145019,0.005634675619965093,0.0002578041217803671,0.005058508402647044,0.0003653190805022349,0.0012383555343683942,0.0034052365751521137,0.0054610282220724045,0.0043548825050314195,0.011308385969290048
0.0002885574420578785,0.016746858497946788,0.00450300638840265,0.013407029272647772,0.009442174824272467,0.07587310849675592,0.003595098256639745,0.008953550976803122,0.01010745974892665,0.0006153929686372637,0.0029095602517889814,0.004052526359909314,0.00031680615694147115,0.004431993125827795,0.10279649778351667,0.013874141017230869,0.004439417803521058,0.03324045349935058,0.002553159413791953,0.03938871844175125,0.013928463096907647,0.004129902211998892,0.10844463664559405,0.0028599716683677997,0.008035488391812878,0.017585524098289142,0.024183493438700444,0.00968879080264334,0.00852836262649589,0.01922634004868013,0.003271997675027032,0.03845790284816423,0.007378131727909752,0.014908489820285047,0.004801441804670874,0.06614332155148475,0.019462945362352383,0.00038714892038820676,0.0011801965605278974,0.003051904571461852,6.061563548389226e-05,0.0002900906486250675,0.007392833473657663,0.023563471567971953,0.0014733105288146043,0.009208187571373814,0.0038381547558829026,0.01009064600858995
0.0014622263173016208,0.0016422014738742491,0.00502483272294498,0.014788197203136965,0.0026519441197333593,0.06848081898417416,0.001055106239641538,0.004280614485510568,0.010965368596575018,0.002057582132734284,0.0065341239396641574,0.004226857700162801,0.00031840856176624784,0.003736435557439726,0.054809447828171105,0.012906185825723318,0.003311619350783883,0.005619670928822158,0.0008279152790049998,0.027552808708335704,0.015328037801833656,0.004126028200211872,0.10270241898058158,0.0027896028831009513,0.00800318029403981,0.0016755468069345296,0.024789092512875473,0.010969283566153103,0.008184310876855071,0.02052169951216647,0.0031605679329903126,0.0008480235719539944,0.003367991539663194,0.014233168372532959,0.001559951415739599,0.06362062678914843,0.01924514946917602,0.0002758213617098781,0.0007152230409960659,0.005020582777080765,0.00011110444397053059,0.02712479777815878,0.0041445633443532685,0.0006420897023382047,0.0038420702668749062,0.00946401296414802,0.008451008175175028,0.011674594105756025
0.0014622263173016208,0.0016422014738742491,0.00502483272294498,0.014936012815905368,0.0026519441197333593,0.06848081898417416,0.0034839269120208803,0.004280614485510568,0.009367411728346629,0.002057582132734284,0.0065341239396641574,0.004226857700162801,0.0003218036257834915,0.005292734550740551,0.054809447828171105,0.012906185825723318,0.003312416065565972,0.006584235279656096,0.0025212429021500226,0.027552808708335704,0.015821300382096004,0.004565994110869677,0.10270241898058158,0.0027896028831009513,0.008245103084574419,0.001411973863699371,0.024789092512875473,0.010642600616935463,0.006424379031595724,0.01127287617714294,0.0031605679329903126,0.013997320960585237,0.003367991539663194,0.014233168372532959,0.001559951415739599,0.09035444412623596,0.014114857150149127,0.0002758213617098781,0.0007152230409960659,0.005006051674869819,0.0005177430231146543,0.02712479777815878,0.0041445633443532685,0.0010568099194553844,0.0038420702668749062,0.00945690900062825,0.008451008175175028,0.011674594105756025
5.1331081674472904e-05,0.01749445292897223,0.005034951794288024,0.005572417693448457,0.014843640499205996,0.0321266099531766,0.001118848905315962,0.00810427244982609,0.36643649911169474,0.002057582132734284,0.002844881005416209,0.003791835517726126,0.00028919971035534434,0.006977787679756242,0.03639135991721081,0.012906185112449437,0.0024365820726014085,0.007239005683628489,0.004141183670112921,0.03933010233414521,0.013534020689377415,0.004538982968390442,0.047184481829949755,0.005256223048247547,0.011367061200624883,0.017329788173749337,0.011130091354234439,0.00943419396751887,0.00943884643941409,0.0005112967737738623,0.007374362856079875,0.008838430726641679,0.0038750261987153135,0.013735013650183647,0.0015604422566614811,0.16932580271135705,0.01924514946917602,0.0004387541399833105,0.0014098039971143853,0.006663599753084167,0.0003470643655965478,0.005014704711963986,0.004337686195785579,0.006863773292909301,0.0034052365751521137,0.005544644428281382,0.004643437712181781,0.011493658559563724
3.221092048138346e-05,0.002153213683151252,0.005034972848442016,0.00829233401946554,0.022286869888706876,0.012785765447552902,0.0036726450666752647,0.007681725192939081,0.01006865781249629,0.0036628515633669746,0.0023450039542307673,0.00047347170026400265,0.0004518626626478597,0.05458085129268585,0.1398595817475998,0.012906185825723318,0.00014066218938243395,0.0029367133379001285,0.0057878026390345,0.04087982056235517,0.015316990315660398,0.004550374144432722,0.10022800846555013,0.005256091491950313,0.007723991142353414,0.010465286958821825,0.07310847649723196,0.009458785686912077,0.008335818471567521,0.0033790511110023316,0.19787999292481795,0.008838430726641679,0.003961199551613308,0.014868169364216408,0.005534286974381621,0.0394653455614508,0.0180115920107402,0.000591230892935344,0.0011248060281796755,0.006655949820077164,0.0003551731599149022,0.0021787879873613955,0.00015957878134212778,0.006503242553784972,0.010008647591543882,0.00877226297814123,0.004467420908284767,0.011493232208924859
0.00041515173221764296,0.00391524473426635,0.004515935376276093,0.01460157179412742,0.0008754261771527928,0.03210616978862532,0.0011061240028005848,0.006969635425424647,0.020178005665381707,0.001300034263155269,0.026008701936497295,0.10545507230725247,0.0011069483773690548,0.017092975428854427,0.03578694912949629,0.012906140648555107,0.0024964426590687386,0.0066023988328295456,0.004152440492221299,0.04178205427796685,0.01402664495529518,0.003306527464000461,0.1091060145380542,0.005256725806389486,0.007786416537000167,0.015838770118192506,0.18269991719134387,0.00935849762733363,0.0095724691184319,0.019291754126254827,0.007314995739477313,0.008888421690498374,0.004239671712477134,0.013747737672747451,0.002396581583415292,0.005202761620457894,0.016039404365502483,0.0003815935060833634,0.0017729526916616376,0.0027102607459628327,0.06842004491603469,0.0008801168416152688,5.590823996468562e-05,0.006808322308517985,0.0036561736855756036,0.000417858355693027,0.003816613223362788,0.014121497542414476
0.00661043840337461,0.0020679713778660085,0.005041604700807549,0.014783717397027414,0.000310508204615644,0.07606920106100672,0.0008046891713761942,0.006949306229512483,0.02848524220530632,0.0011906937634130386,0.008256352851676637,0.004052526359909314,0.0003175243909318106,0.0532804464465942,0.04522260737781253,0.012496568521777166,0.003495138005777624,0.0025383846680235855,0.005784197456375324,0.03934809496862695,0.01394447935324025,0.004650777827903714,0.1393201366829943,0.0028599716683677997,0.003298272908936094,0.01758553746401853,0.002864576465608032,0.01075783235064678,0.008171920162634091,0.005327292813351432,0.0033607462786551675,0.009384538812657668,0.027219242860423935,0.004642247559809909,0.002312594127813281,0.06062136721374212,0.019652865835123167,0.00028369281106206353,0.0014387031771984386,0.005074242200693387,0.0006538545322654151,0.00023254831975092068,0.004354347584094757,0.021890015268272427,0.0009652302118673961,0.001096274250759562,0.004449814198445434,0.010548976867378542
0.001668699172452475,0.0026541496901194943,0.004984595000141811,0.010458902984190251,0.0014861630744592614,0.032127951194724405,0.001024042211373269,0.009825765895252135,0.3902546228724638,0.0020783070486475887,0.006508905404297596,0.008283871036741636,0.000300787290790065,0.00497032660434012,0.019479451192634313,0.012906356681121516,0.003322743052164104,0.006983619829092274,0.004382878399334191,0.039327489456906846,0.012579251174043335,0.004506221464804187,0.10742490095453375,0.005256079690690588,0.011293931685072872,0.021575969747528435,0.003749461344626323,0.00938637462220505,0.013468704712792455,0.0005227624405896718,0.0016746456219314584,0.008838375722391462,0.0042400936391736145,0.004827718620407004,0.0019571310989764884,0.021148720270248063,0.018112539644759635,0.00032252919697166874,0.00013152859579897445,0.0067974049568030595,0.013194385146527366,0.0004415565333583519,0.004335930380470358,0.00034441768941989234,0.0034044554677371587,0.0007841714291783382,0.004442509079900374,0.011490341775863513
0.0013407875687253162,0.0021413622371330935,0.004510024053313966,0.0051812220871808815,0.003089950609504938,0.0001734968281273848,0.003653813567074694,0.007686619374064789,0.010037328467150768,0.001984431178835515,0.0012730406664020102,0.000435693210850072,0.0004505535221080066,0.05732021408936684,0.1389444495521192,0.013371453785574083,0.003454564734395445,0.0005664623949786125,0.003380452559214882,0.03825615585874205,0.016270733690072793,0.004567814752009863,0.10077357799883438,0.005256091491950313,0.00758483260377271,0.0190300167584765,0.08299275606866542,0.009475796130122883,0.008171833643997525,0.0035645966343389704,0.01254410353276153,0.009219057037891786,0.002229624549995234,0.01488206338891878,0.008807709980311221,0.06443886890070988,0.0180115920107402,0.001045795716098863,0.00030173814089596955,0.006651218327081927,0.0003624203320411502,0.0006860528712613123,0.004331180222842493,0.0002957400883706802,0.010008647591543882,0.0053755016530487665,0.0038837616682765234,0.00021227443029348328
0.0014622263173016208,0.01743538047170882,0.005022754877063179,0.005055259217198802,0.002616700299613906,0.01690176389109761,0.0011652413093464688,0.007690210998958008,0.022228004517651598,0.0020572019278685197,0.002192390702901821,0.004226857700162801,0.000532588569905867,0.004428917193722137,0.03631826842509116,0.012906185825723318,0.003478338336895542,0.0065549625605880926,0.0007311905767691531,0.006238897141321302,0.012100708058743566,0.010240943964114744,0.09945426122763049,0.0028039057545965196,0.0065949288555729926,0.0016657215085901255,0.02518110869910218,0.011096810442923039,0.008109574524670465,0.000394050214041531,0.0031605325710681665,0.008436318425447212,0.0014265329915646476,0.014233168372532959,0.002194462689667959,0.06173483616658533,0.01964940684581682,0.00037840215671334197,0.0014565876155995094,0.006903534587068768,0.00038693031376547997,0.005087614879303543,0.004436703064832825,0.002367352376061025,0.0035158286759762437,0.0009668291779747233,0.008269602309691877,0.011485017942981148
0.0014622263173016208,0.0016422014738742491,0.005035183298136272,0.014936012815905368,0.0026454715645501973,0.06843508055446798,0.0034839269120208803,0.007653949408799764,0.00935362389215841,0.003640963094017917,0.00227198866411934,0.004226857700162801,0.00045368830775952424,0.05934055585260563,0.054809447828171105,0.012906185825723318,0.003312416065565972,0.006584235279656096,0.002579143266977363,0.027702267707319032,0.015821300382096004,0.004565994110869677,0.10286764105254668,0.0027896028831009513,0.006753953872945905,0.001411973863699371,0.025518581279461685,0.009492080835462763,0.008365207491290107,0.0034566166682120066,0.19654578905863498,0.013988473485147,0.0033249144611787644,0.014233168372532959,0.001559951415739599,0.09035444412623596,0.014114857150149127,0.0004825990848144621,0.0006933793646252916,0.005006051674869819,0.00028727867914610326,0.0018016145544927763,0.004210733912795651,3.1961293625922677e-06,0.0038420702668749062,0.00945690900062825,0.008451008175175028,0.011674118008445408
3.221092048138346e-05,0.0018310028366829868,0.0044888282137654,0.00829233401946554,0.0029743385645269148,0.002969133992186429,0.0037457686721337723,0.007681725192939081,0.010023987529244443,0.0038376506063915,0.002329312558388238,0.00047347170026400265,0.0004518626626478597,0.05458085129268585,0.1389444495521192,0.013371453785574083,0.003454564734395445,0.0019203668540035308,0.0025827658333594464,0.03825615585874205,0.015316990315660398,0.0036457025061332198,0.10022800846555013,0.005256091491950313,0.007793690784076751,0.010082783480475796,0.07190570533986476,0.009475796130122883,0.009638881783321921,0.0035645966343389704,0.19787999292481795,0.009989869439212056,0.003402281235113,0.01488206338891878,0.009107353517476442,0.0394653455614508,0.0180115920107402,0.00666411144903312,0.0006749847581151974,0.006655949820077164,0.0003114397207716126,0.0006860528712613123,0.004331180222842493,0.0006481035847156978,0.010008647591543882,0.008617841832651026,0.003868603699200352,0.01180079428235414
0.0017145103190708368,0.0022094854971581746,0.004998867718710016,0.005372093262788597,0.0019800402183612602,0.03154488457717346,0.0011900181920391608,0.007945884348131406,0.01018628743443134,0.0014350224914820623,0.007413495374463235,0.004328817335670473,0.0005321261303254834,0.006827574716880866,0.017271467360535156,0.012906185825723318,0.003290246843041478,0.032473250839709165,0.00240696115376653,0.03841575591427755,0.0738418569850248,0.00458403384013999,0.04723141379732379,0.005256004914492567,0.002688180152854221,0.0015355476682133353,0.007973914877684212,0.011073443708352138,0.008182357718036656,0.0006102146647956215,0.007381009029855445,0.009816403986860175,0.00211956401496375,0.013806109604373111,0.009372669729124837,0.02298964881518116,0.019204704042498407,0.00043935888596514336,0.0007141664144145019,0.006652429197874151,0.0782250859214204,0.004878610799982593,0.0043596547603791105,0.005275262401541019,0.003379667535295295,0.005391640352127787,0.0039237601926026735,0.011493658559563724
0.0001060626612706797,0.016552129571879716,0.005043564160921103,0.008306097733508343,0.02724881280655283,0.058915055077402315,0.0035300538905427533,0.018066006789915497,0.012157581470033912,0.02419993845144214,0.002972933699086175,0.004370260821335404,0.00028880682592923756,0.05447777455872143,0.02085756526586681,0.01283499154680248,0.012983089710844303,0.03324045349935058,0.0028154289315324103,0.03439260315939379,0.011961606239870668,0.004594730237121222,0.10913584102421672,0.003225374990341243,0.008203247983174044,0.01931986231615682,0.00257820153760023,0.010032015481389904,0.004059501227060079,0.01594556668889202,0.0031049327862074216,0.04270981811561114,0.001162364517513826,0.0008781553731933931,0.004620475144935547,0.08994973126343456,0.019045952406826307,0.01788444514880986,0.001367645949325585,0.00021444122571888987,0.0004700982671520907,0.0002499351090897423,0.007063604767834829,0.02437844708336563,0.22579922544958791,0.0006107503252185051,0.006468616620727192,0.011484606535190489
3.232020746768565e-05,0.01749445292897223,0.005034972848442016,0.005668665845666245,0.001390857728297409,0.031623977974627064,0.0011463264124315945,0.007945884348131406,0.010176461236537449,0.002057582132734284,0.006547656921208029,0.007627179316511985,0.0005332514840189463,0.005319917943907241,0.03638767599695934,0.015100129489283597,0.00022843408576788218,0.03045872160739832,0.004140795817202353,0.03933010233414521,0.015939017052724835,0.004550374144432722,0.044793099844237544,0.019087885047592172,0.0076419688606421095,0.0015355476682133353,0.003750447555765666,0.010749101487742888,0.008182357718036656,0.0005112967737738623,0.007374030640392498,0.008838430726641679,0.003961199551613308,0.013711601063063896,0.001577617208935739,0.022522955233590145,0.01922164590459115,8.54622327178638e-05,0.0007141664144145019,0.006864962905386411,0.00035876727502240574,0.005088608864486025,0.004337686195785579,0.006923119959970263,0.0034051846261932924,0.005222074857763997,0.004429781903453624,0.011493358243958803
0.00020282681161917966,0.004614377704555459,0.0050252285973119305,0.005359992953104198,0.0003067758360595881,0.03146517389129854,0.003565280912448893,0.007208092020191586,0.020051178927385616,0.003764468407856352,0.0028600070211978303,0.1044372644531963,0.0002857645814809317,0.004431993125827795,0.036391786410119566,0.012519668267741766,0.011029356828316333,0.005972517080854348,0.00579280262198982,0.03931838331427068,0.013695248986143499,0.0047053332098530255,0.11084332342559078,0.005256227450345196,0.0065773134786464415,0.01758705084876243,0.008856618837708248,0.009419130173169678,0.009470122787175489,0.0004728794375398384,0.0070880752585869965,0.03420986700254038,0.007404169145168757,0.01485386963634122,0.005411801815185173,0.06623268109061965,0.019491162033439594,0.00043956161986390314,0.001400339940663824,0.00827368871057899,0.0009148377635252472,0.0008414580530100363,0.004300963242188187,0.0023409103746200553,0.0037742810534695955,0.0009020026192798781,0.0038381547558829026,0.011484356987422902
0.0017189553963590765,0.002213330961707607,0.005057126749528996,0.004287635099728626,0.008259284819567581,0.054482009011426996,0.003785271960074787,0.0091428526925217,0.010014986232285226,0.0012380202775118298,0.006439981431770141,0.007617598568211212,0.0005203250941776676,0.004172925061489104,0.039544883659711705,0.012906263026665437,0.003311778772222192,0.0018068247924277248,0.004150165441810485,0.03412675494682705,0.01664890469992293,0.004550385464536953,0.04087171263466614,0.005259012871498807,0.006630010484587229,0.0773554827530051,0.0037699416886629866,0.010676040569444248,0.02904109144006918,0.01980235229076689,0.1772151301813106,0.019236919907044972,0.0021821023226501384,0.013711991588766306,0.0017880566792783975,0.023704963530065647,0.08690675819975206,0.0004677388633066927,0.0012924631371740744,0.006605577162788212,0.0008929438222482199,0.004647839236279754,0.004610437816685899,0.006088994034232307,0.0035122218401959855,0.005336944294262994,0.004451198903791199,0.001114506559137229
0.0004143440910410476,0.016597573537354957,0.004839876880132436,0.014855645564398678,0.0012405485267346656,0.033224824570867235,0.0012628696754292176,0.009155105441205217,0.012561191746655721,0.005799614513026711,0.0013781748599842425,0.11217713018606587,0.0003002931767646629,0.05819187863076504,0.0293668888225454,0.013120044743279068,0.0002852742310103201,0.007173437693732229,0.004191219382770541,0.03924800674750673,0.015551032372662673,0.0023310720723314655,0.1024381309790195,0.00043319601239367924,0.00654493137655906,0.0035287653008196727,0.18269991719134387,0.010550719653538179,0.008921698021683211,0.016014418402363808,0.0076195569016596085,0.0462024657958883,0.00393232999239837,0.01334879224752546,0.002389500764437529,0.05985797081299952,0.019456742232298575,0.0008190387252047057,0.0011368147500141926,0.008650347557127715,0.011636232128270665,0.0008463073533183962,0.00726367473623318,0.006808322308517985,0.01866491358798536,0.009328674418591545,0.0037622268300547593,0.011493045042442383
0.000281771607291835,0.0029914511352001454,0.0050555252753341565,0.0065993444709625485,0.0027418097407113564,0.019010584473298796,0.0033505538145597725,0.01718677112482663,0.02090281749658049,0.0023910327107719473,0.008157563115128576,0.009139477648740232,0.00029849069603040003,0.06051232263659377,0.020206867952639762,0.012806234956069673,0.004449885571823534,0.035327612994484156,0.004087233167668692,0.013026310724722103,0.07505341613140717,0.004116235926632002,0.11099126156032427,0.0052603867362570125,0.007650690484754647,0.002563429930086415,0.17651205238190956,0.010665620807325358,0.008196586050554145,0.0005125290059224078,0.0072294872633647065,0.009610705174032211,0.003222012731381538,0.01371531613860943,0.0014360440520448554,0.024173399258354607,0.019460662865692795,0.0072493050849203634,0.0007035552994001372,0.005409660413240042,0.001077317051980981,0.00031891370187645294,0.0005805933366207533,0.023268672063439313,0.0014712293617499483,0.009310259886589328,0.03159664271535119,0.011498549651777356
3.722338997266912e-05,0.017742081296556352,0.005048613674115481,0.00845473844891054,0.0038899913690524004,0.05500110274671625,0.0011853539454975217,0.004569971735091638,0.01209861669411378,0.0011542110516874517,0.007301096242574949,0.007754288360792816,0.0002883252999206186,0.006453990645095071,0.10855228851677812,0.06731265233288566,0.0002544727233444687,0.03331321888095423,0.0040386095528358035,0.045782613747892276,0.01341079057338363,0.0024639180780803745,0.09951883248702806,0.005527268296909293,0.002264602880794626,0.019622153574735547,0.08280740596636041,0.010708522574360295,0.008158773279037825,0.0026880785125285613,0.007038445618973859,0.008811645989390424,0.004445411554610481,0.002711229667119738,0.00244037103677703,0.0229868125632573,0.01809699499727846,0.0006199488603503291,0.0017087856938561665,0.005317256546537846,0.0003579438827800558,0.005080509765465436,0.004396531904164603,0.0021748185275764498,0.016927040540349797,0.0007454295937106718,0.006606080166936395,0.0115094108628366
0.0002203437653839212,0.0025966622049664913,0.005034821530781274,0.005286307904823866,0.00031720225123014925,0.031265831620976736,0.003769984295164128,0.017268329763802055,0.005908531457410354,0.0014767266327652745,0.007444840126873013,0.004152423164135818,0.0005395083698922385,0.006827825548951717,0.019781890904488935,0.01290814082703246,0.0032823631365249397,0.006463903612181184,0.002522127139173998,0.038815791017982215,0.012666222459237392,0.00458403384013999,0.15068062705979554,0.005256007723211453,0.0076344418902960015,0.017751315951348965,0.0010891776754592129,0.0110234722486416,0.00818787530880205,0.011223863263342605,0.003679568399284601,0.00845671453634628,0.001492154024524831,0.004382792683398899,0.008494630436104418,0.058560664317708455,0.019215723723610745,0.0015970144492275982,0.0007141664144145019,0.01943876366937072,0.00037719319487242517,0.004905684679916184,0.004397194553114684,0.007003647382730325,0.0034101870460957564,0.005458103138695248,0.0069817270455982215,0.011493658559563724
0.0014622263173016208,0.0014596367431828072,0.005022754877063179,0.005055259217198802,0.002616700299613906,0.05586136851428923,0.0011656297562043542,0.007690210998958008,0.022237123288599694,0.0020572019278685197,0.002192390702901821,0.004542343990338796,0.0002927997722789349,0.004428917193722137,0.03631826842509116,0.012980016532644493,0.003478338336895542,0.03152773901789934,0.0007311905767691531,0.006238897141321302,0.013370502313481032,0.01028103466005282,0.09945426122763049,0.0028039057545965196,0.0066631382027652775,0.001643158652646153,0.08487757632060629,0.00950624453005904,0.008109574524670465,0.00945511554525344,0.002974771037147118,0.008436318425447212,0.0705330243204477,0.014233168372532959,0.002194462689667959,0.06173483616658533,0.0062684409303538115,0.00037840215671334197,0.000697697786769407,0.006908442301835229,0.00038693031376547997,0.004628763505102548,0.0002745234864044688,0.002367352376061025,2.6438471387305647e-05,0.0010120567853478708,0.008269602309691877,0.010081923033710798
3.518085424609942e-05,0.008753709561149223,0.005054970767872621,0.008266398639603167,0.0024567060878588035,0.05850220523980588,0.003612520747740911,0.004569971735091638,0.01209861669411378,0.0011676513931429533,0.0021136705244674233,0.010740160687050956,0.0002883252999206186,0.05803998231133092,0.10782469453661273,0.01261350669373622,0.00019594062257585667,0.03324448738061068,0.002674414991745749,0.014678340082812241,0.0006636057899552811,0.0024639180780803745,0.10974599777954869,0.005527268296909293,0.002534333351149693,0.017769389199194335,0.08280740596636041,0.011095265681471352,0.008158773279037825,0.0026880785125285613,0.007038445618973859,0.021127623050547096,0.003226470692898501,0.002711229667119738,0.00244037103677703,0.009503162291653915,0.019662058281005482,0.00038083464784544486,0.0017087856938561665,0.005317256546537846,0.001160855219007946,0.005390148529536207,0.004396531904164603,0.023464234247099352,0.016852867074991063,0.0005080242015346782,0.006702626304973015,0.011450443512702408
0.0008337861528426305,0.0028449387068023536,0.004983444483304532,0.0052393404261955965,0.0022795972547139296,0.03183317458461465,0.0036520972987731685,0.007956202005133264,0.010182597099449813,0.0020854358888030087,0.006434517829375649,0.1054627649658591,0.00026997402871194816,0.005837664754230889,0.017648201649644545,0.01290260713778436,0.003380757213773273,0.0010326431142623528,0.002541128686922863,0.042221654523708275,0.0759351950523217,0.004492689932502322,0.04787768872161888,0.005256023484245681,0.003009454922674324,0.018754370171747983,0.003708870693771057,0.010704904363393839,0.008181148281838765,0.019320051255816855,0.007047408569277422,0.019900096211629956,0.0022714803093659293,0.012028182296390928,0.002389500764437529,0.02111710148464005,0.01923313344095763,0.0004298773272048225,0.00012033955758423471,0.0067363487868702335,0.00034675455613938715,0.00045301028495564784,0.004337952379644978,0.006096176138350903,0.003398929603138502,0.005486490894112999,0.004436813561564774,0.011306618642976253
3.518085424609942e-05,0.0024710570567025073,0.005054959825413885,0.008266398639603167,0.002562616453029747,0.062274134746610615,0.0010608683695401537,0.004569971735091638,0.011837542312698358,0.0011676513931429533,0.002145540267955764,0.008153100170220653,0.0002883568964411437,0.05803998231133092,0.03405360085917752,0.0033163577534683466,0.003004135154493699,0.03324492767207145,0.0026461109651726446,0.014607706883951512,0.0008350708079842636,0.0024639180780803745,0.10974599777954869,0.005528287872623401,0.002534333351149693,0.0020664550775722516,0.0034747419301813824,0.011098511266586363,0.008182843968425026,0.0005656330131058925,0.007370855303479736,0.021127623050547096,0.003226470692898501,0.0019864873603465663,0.0024013459641253204,0.009503162291653915,0.01963093155329856,0.00038083464784544486,0.0017087856938561665,0.005338342277015139,0.0012784814286565128,0.0054061410796299655,0.004396462271448186,0.023464234247099352,0.01683014579327598,0.000504580708035879,0.006976588319879899,0.011512742668880154
0.0014435581367104645,0.016382190945703715,0.005055110404227807,0.014694629881294732,0.001540401101901154,0.03178069993839035,0.003489201136216806,0.008838624888474273,0.02104661269066779,0.00209053789837913,0.007166253252217793,0.00810402458400236,1.640566637650483e-05,0.05729864636451118,0.03375624669394868,0.018168649320365323,0.0030261683770857616,0.034239763889077054,0.0026283900633977393,0.012409295739376793,0.003783755885552187,0.00346837115881068,0.10975435343333795,0.005249674441965037,0.007279205731804229,0.00018733774832691702,0.18099051761941426,0.010784221415176648,0.008062852505371658,0.004663156576626423,0.002865399557800679,0.009715108847708494,0.0031455323743537233,0.004883524671228567,0.001975166195422502,0.008349152092043882,0.019653426110229244,0.00019289652733138138,0.0007073026093167632,0.006972693793812038,0.013260927185933772,0.00036103873417666623,0.0007874656474441569,0.0217277272723454,0.016124376296784187,0.0005103522208673376,0.004534262080801737,0.011450885698862533
0.0005786336284772976,0.016869311763133533,0.0032202388263489284,0.010558251457594618,0.0014906623167163812,0.032116415535104297,0.001024042211373269,0.009702393339508496,0.009417659095630101,0.0020764972630347763,0.006637788844409716,0.00818000995663487,3.186389785264732e-05,0.005683128184802324,0.05215590971921048,0.012609528375581698,0.0034010771295529974,0.033258888831931066,0.0025398453564964203,0.012068248085642346,0.07717605304952965,0.004624327091934718,0.10791097580215078,0.005258981875719958,0.00021709775958081304,0.01961314690495186,0.007101698904717506,0.009265121036911649,0.008179039228221953,0.01954779691050555,0.002865399557800679,0.019861336111127396,0.003978584072147432,0.004883524671228567,0.0019634031782085957,0.06587593792938043,0.01808836282650222,0.00043912128989624834,7.129765750788495e-06,0.005906599618315967,0.13444508479512873,0.0008608118394120882,0.0003674797498401019,0.006208168901103123,0.003404821897775652,0.00048713203795823544,0.004439451240299121,0.011507235394884716
4.124406516291674e-05,0.016573966873659016,0.005097426145047894,0.005636153958344437,0.0019711708121651055,0.03321118276698057,0.0038872712002231955,0.006218129270638228,0.009448649171935577,0.0020773402475124203,0.006394009272828198,0.009249802644196763,5.688903901434502e-05,0.006827825548951717,0.051556229204737604,0.012906185825723318,0.0034084403145948562,0.0037588916591412462,0.004086936947721534,0.012322797643435256,0.08322370317028822,0.0036098191317211993,0.04723141379732379,0.0052492885607531015,0.0025270220014933955,0.01762259525096482,0.009513763190079794,0.011101039973952953,0.008182357718036656,0.0005046840865089977,0.007374362856079875,0.018885385445063737,0.004037131346968811,0.013712285381322907,0.0020084146053232204,0.026538682124537378,0.018133659338243097,0.00022996734176406489,1.620464075817842e-05,0.00530916239583417,0.00035876727502240574,0.005088608864486025,0.0043668457398014955,0.006249941710529365,0.003193401105475233,0.0003825509513630059,0.0041101407990845155,0.011497367843737765
1.2227579770664979e-05,0.002227261176639074,0.005050887514435316,0.008518695287553621,0.0022795972547139296,0.03183317458461465,0.005563403930149344,0.007953110316168799,0.010180375693436354,0.00032143618957634033,0.0023160958596504253,0.1054627649658591,0.0002764632023997954,0.005837664754230889,0.017644535043061706,0.012909341161845727,0.00324462370099227,0.000933900067363752,0.0028426282678325155,0.011836245514054154,0.07723302120942191,0.004494403757407485,0.04807700217296581,0.005256023484245681,0.0030124870102173143,0.01893248972033275,0.004704831760674828,0.006737057772045481,0.008181148281838765,0.019320051255816855,0.002710901825138612,0.019900096211629956,0.0022714803093659293,0.013740077722027528,0.0023949172412954228,0.024471650547580884,0.01923313344095763,0.00030501802133868624,0.00010901055609342705,0.0067363487868702335,0.00034178632563255256,0.001921279257224499,0.000991765222817945,0.006096176138350903,0.003404920338941919,0.005505865673258696,0.004436767262925271,0.005660849299090899
0.0017271656677135274,0.0025966622049664913,0.005057105695375005,0.005566332546434571,0.0016958515786948958,0.03172186370183333,0.0036520977550875133,0.00812629425481545,0.010917251451335486,0.002043577176709949,0.006439981431770141,0.009410077419886191,0.0005321135451498875,0.006802420236789078,0.01882130450838046,0.012906185825723318,0.0032179191642246604,0.03317628147060076,0.004141187020509425,0.034136125166451564,0.07648603218474204,0.004550374144432722,0.04718521582808903,0.005259012871498807,0.007628422325324424,0.018037803243302793,0.003750447555765666,0.01002534245445423,0.008121022294451026,0.0005112967737738623,0.003208754672779292,0.019338907788935045,0.0020960983142693746,0.013712285381322907,0.0015959106467170903,0.023567488998963253,0.019244831420924813,0.0004677388633066927,0.00013376006451252783,0.0066639500194753025,0.0003587674114230523,0.005088608864486025,0.004338947582503605,0.006088994034232307,0.0035280349743197492,0.00533959616960611,0.004442436835657034,0.011493659278791151
0.0014973434175645224,0.0018009877945161755,0.004494217200160822,0.006177696338131201,0.0081617567922172,0.053254127480261634,0.00047254923876033014,0.009240015890014715,0.009200141862856413,0.0012157254711752698,0.024256318393002872,0.004228103922073179,0.0005336191001582229,0.051597586034638,0.039910912346348915,0.00569174425850874,0.003316416274263445,0.008085616455103051,0.0027587526789459955,0.05212843106307247,0.011850929097698987,0.003650506691314634,0.15155880557137452,0.005049752037265291,0.00656595096716489,0.019283771624113648,0.025012565729383547,0.009492911665403395,0.03068016152992002,0.019770663210763956,0.0031928202678661744,0.019517235827760628,0.0033934064293488944,0.01420107538441573,0.0015598381720072886,0.024470000968356064,0.015960933046824187,0.00023611586629271894,0.0013268732385960822,0.005087111252305982,0.0008932461581186111,0.004629083974407443,0.000336330784003615,0.006211492844953389,0.0033830490634264745,0.05264257552166458,0.00443362952782713,0.011430790008317978
3.518085424609942e-05,0.00902642498839689,0.004997603838686901,0.008266398639603167,0.0003126085900942129,0.0321228596120162,0.0462867520538242,0.00972361068102183,0.022475995999966136,0.00019164040611026605,0.006531405192409021,0.004020871519549053,0.00028910030568099395,0.006827583940654462,0.05163722059102766,0.01261350669373622,0.004694607979988544,0.007085715781958194,0.0025350449813717566,0.00858204293765285,0.01828805806238072,0.004637480581269621,0.04734297836042216,0.005527268296909293,0.0028737345947502588,0.01959517497432388,0.08316019543666606,0.009341586001022124,0.008184232442206974,0.028772339344143527,0.051256487087901564,0.021594685945887176,0.003978885396501536,0.002946096363497557,0.0016044472959882827,0.009503162291653915,0.019662058281005482,0.00043921618345115046,0.0007141664144145019,0.005634675619965093,0.0002578041217803671,0.004980125413802839,0.004338171703781986,0.00530477732245521,0.0034052365751521137,0.0054610282220724045,0.0043548825050314195,0.011308385969290048
0.006773078089323924,0.002791822260960844,0.004998867718710016,0.014999067414063077,0.0019800402183612602,0.07603985101307931,0.0011777864906712637,0.006961369744807556,0.01018628743443134,0.0013726844424670325,0.007431005409498382,0.004328817335670473,0.0005321261303254834,0.006086688309977783,0.048575356827360375,0.012906185825723318,0.003290246843041478,0.032473250839709165,0.00240696115376653,0.03841575591427755,0.07598828691817891,0.0046516784251721495,0.04723141379732379,0.002847447694023059,0.002688180152854221,0.042881255189033234,0.17127995629342646,0.011073443708352138,0.008182357718036656,0.0006102146647956215,0.007381009029855445,0.009784970855552176,0.026746598082173327,0.014302904696395438,0.009372669729124837,0.02309261859326573,0.019194881356714946,0.0004566168625393368,0.0007141664144145019,0.006652429197874151,0.0002584760343889896,0.0006607541376263074,0.0043596547603791105,0.022746293835402772,0.0009045522758581602,0.0009199629237165367,0.0038972001255524564,0.011502249715235259
0.0014487092699374646,0.00023539373821287665,0.005034972848442016,0.005251429622055525,0.000955463931822248,0.0316285253720543,9.505628150626556e-05,0.007853003941583333,0.011777293070163064,0.002057582132734284,0.0013814212166665283,0.004226857700162801,0.0005332514840189463,0.006827584900097469,0.05153776219605597,0.07563889057145468,0.0033177147415136632,0.03310623435530368,0.0025193102966008783,0.121284812760101,0.014056222793970985,0.01030607799377833,0.11836088056956223,0.005255996346923059,0.0029363846353735795,0.0016755468069345296,0.002229684527427507,0.010985579814332583,0.008184309550524483,8.936462684494811e-05,0.00737764554101507,0.020720404440256114,0.003978841514319294,0.00364923409418187,0.0009178595056606356,0.06173483616658533,0.019666952614856084,0.00027388520198349625,0.00027216348569337605,0.004935903872888866,0.0003619897724974754,0.00496530416850929,0.0007471465474959992,0.0061241330276582025,0.0032805933390620246,0.0054610282220724045,0.004634982940601654,0.011251698757678476
0.00041417566433240324,0.01633463278298277,0.00502483272294498,0.013930038702217474,0.0011534133896315777,0.01690176389109761,0.0011462892341247927,0.007697123031904411,0.02025048140468448,0.002057582132734284,0.007365945233348142,0.004226857700162801,0.000297814549473384,0.004428917193722137,0.03614784754465203,0.012906234171375805,0.003311619350783883,0.0065549625605880926,0.0008717149215347326,0.053047636869438204,0.012100708058743566,0.010240943964114744,0.10259378325869223,0.0028039057545965196,0.0065805640593852585,0.01724223790627754,0.024789092512875473,0.009256729581321751,0.008181000916075333,0.019338262414459028,0.0031605325710681665,0.01048822851848048,0.007477843209071076,0.014233168372532959,0.001559951415739599,0.06177743187601247,0.01924514946917602,0.00040386086814206634,0.0007190814155109889,0.005048630879359103,0.0011014775350797613,0.0011039102660016368,0.004144987804918795,0.006726317471073197,0.002927524496091076,0.0008387393071362401,0.008240205133406727,0.011485163830019114
3.221092048138346e-05,0.002153213683151252,0.005034972848442016,0.00829233401946554,0.001470243399193761,0.012785765447552902,0.0036758285671079703,0.007681725192939081,0.009934808504200778,0.0036628515633669746,0.0023450039542307673,0.00047347170026400265,0.0004518626626478597,0.0064267556681302,0.1398595817475998,0.012891865898345019,0.0004584098677027726,0.003020578688277469,0.0057878026390345,0.04087982056235517,0.013720521648518827,0.004720109374385917,0.10022800846555013,0.005256229504230559,0.007723991142353414,0.010447856073834891,0.07310847649723196,0.009458263183280635,0.008335818471567521,0.0033790511110023316,0.0022648521706552377,0.008838430726641679,0.003961199551613308,0.014868169364216408,0.005535757656831755,0.06642098307103284,0.018006168097789127,0.00044488936946333467,0.0011269252887011346,0.006655949820077164,0.0003551731599149022,0.0021732084702871346,0.00015957878134212778,0.006503242553784972,0.010006151874846535,0.0008153317922920938,0.00383750834731872,0.011493232208924859
0.001434074522007253,0.016382190945703715,0.005048753310470668,0.00526324718318443,0.001540401101901154,0.031778878119659015,0.0035089779148011844,0.007959378473503005,0.02101152333791753,0.0020770975568772075,0.007139598741323616,0.008129269021440691,1.640566637650483e-05,0.005699540805265351,0.03344628409037482,0.07286494087879515,0.0003882257810678164,0.032852583382778966,0.004078724476286942,0.011371619421787396,0.08105879402116335,0.0034683612842828027,0.10791097580215078,0.005249674441965037,0.00305532317094447,0.0012812214473544355,0.08489054996002847,0.010748926611843748,0.008062852505371658,0.004663156576626423,0.002865399557800679,0.020595118035142,0.003943103920344262,0.013631927200116554,0.0015653801834850773,0.06548191625375051,0.019191828141898046,0.0010103838028277976,0.0007145234970221076,0.006972693793812038,0.012904718406464302,0.0002750610769182587,0.0007874656474441569,9.137477867582908e-05,0.016161004892157865,0.005853886080728747,0.004398781471446082,0.011321725584468001
0.0002885574420578785,0.016180218510239056,0.00450300638840265,0.013407029272647772,0.009442174824272467,0.030836666321631998,0.003595098256639745,0.008953550976803122,0.010106153036181866,0.0006153929686372637,0.04927186948517956,0.0042624222681945404,0.00031680615694147115,0.004431993125827795,0.10558784928428971,0.013874141017230869,0.004442801786950843,0.03324045349935058,0.004236278097303286,0.03461159028048493,0.07276479335678483,0.004129902211998892,0.11410849402440774,0.0027640236938719035,0.007639057764650474,0.017585524098289142,0.024183493438700444,0.01072241764520102,0.00852836262649589,0.01922634004868013,0.003271997675027032,0.03845790284816423,0.0026471715785688966,0.014900139223401759,0.0015925429798600618,0.06614332155148475,0.019462945362352383,0.00038714892038820676,0.0011801965605278974,0.003051904571461852,0.00036027037977063605,0.0002900906486250675,0.007403504816355605,0.023864158067649605,0.0014617666450238123,0.008927609000733137,0.003815589539265843,0.010130007760665395
0.0005621751867553645,0.002893501040567745,0.003178653118770119,0.010508560117746353,0.0014995641094178607,0.05739997614742607,0.0007475157095937163,0.009698414147762154,0.010148542776514054,0.00204143188052115,0.006637788844409716,0.00815474077108451,0.0004963693727801951,0.005683128184802324,0.020452153145046996,0.012609528375581698,0.0030656560675676714,0.033258888831931066,0.0025398453564964203,0.007410786868979437,0.000497549250300898,0.004548961078055036,0.10791097580215078,0.005258981875719958,0.00021709775958081304,0.003544340632129087,0.007101698904717506,0.00926217007742354,0.008179039228221953,0.01954779691050555,0.002865399557800679,0.019861336111127396,0.0020485662191689668,0.004883524671228567,0.0014558335985511053,0.0637286441806479,0.01919985295743515,0.00045560829440358667,0.0007297741671492236,0.005906599618315967,0.13444508479512873,0.0008608118394120882,0.0003444978720923632,0.007549727033710955,0.0034034259248963477,0.00048713203795823544,0.033069331526401576,0.011507807531310244
3.69791903262992e-05,0.01749445292897223,0.005034972513049565,0.014849301731784182,0.022496537213964607,0.006759553886865374,0.0011955739560005477,0.007173713298931671,0.010176461236537449,0.0020253547358076206,0.007335351430294244,0.007627179316511985,0.0005332514840189463,0.005887951444030672,0.03638767599695934,0.04534313362288826,0.0008990347010964642,0.002516561055995554,0.004134413582386263,0.041187169654173794,0.013983181853456324,0.00340613245412426,0.09951988098613532,0.005256009628056161,0.006984013157303845,0.0015137939918834014,0.003750447555765666,0.01070637673850546,0.008107426453333915,0.0005112967737738623,0.007389295255184736,0.008838027418635081,0.0013489378438734624,0.013711601063063896,0.002137070429129771,0.022524906623523893,0.018181182819520976,0.0004302512645290662,0.0014290159190308883,0.00682102158770333,0.00035876727502240574,0.005088608864486025,0.00443661194302351,0.0068662513185578575,0.003403132565801062,0.005511669827185333,0.00443668565909366,0.011493658559563724
0.0014435581367104645,0.01676921319229344,0.005024737270789199,0.010764427041112605,0.00035688913037858737,0.03142684795494162,0.00373634520271781,0.008838624888474273,0.020339643222957005,0.0020703958664459532,0.02479350298451464,0.00818000995663487,4.3512485653301794e-05,0.0056779097304299544,0.10224603435858969,0.01283765918056227,0.0033949395826903695,0.03322945430163572,0.00564893734569633,0.043513433451916966,0.013684586016142532,0.003464230539536531,0.10791097580215078,0.005256268112150894,0.006983184382352422,0.0012812214473544355,0.024484916316797205,0.009374407983100389,0.008048292390303823,0.0009043121201268434,0.0027629051156335756,0.08251897519462333,0.007358784044617256,0.004883524671228567,0.0019571310989764884,0.06471399625010323,0.019347650999230692,0.00044976876993168977,0.0006609805126998824,0.008067406030986334,0.013194385146527366,0.00036103873417666623,0.0007016343835918083,0.00010480037408155149,0.010045860083431252,0.000596026423094772,0.004437715942764839,0.011484499935612496
0.0014614585795245751,0.0016422014738742491,0.005001232343061046,0.014788197203136965,0.0026519441197333593,0.06848081898417416,0.001055106239641538,0.004280614485510568,0.011000084310644974,0.002057582132734284,0.0065341239396641574,0.004328902968666792,0.00031840856176624784,0.003736435557439726,0.054538502338475854,0.012906185825723318,0.003311619350783883,0.004295815599377752,0.0008279152790049998,0.027552808708335704,0.014071904013758331,0.004126028200211872,0.1028503011925539,0.0027896028831009513,0.00800318029403981,0.001612362810311959,0.02795869684544136,0.010975458453769522,0.008184310876855071,0.02045251809875769,0.0031605679329903126,0.0008055685129252357,0.003451883152905318,0.014230232817708396,0.001559951415739599,0.06362062678914843,0.01924514946917602,0.0004600193357782134,0.0007152230409960659,0.0049934111144825264,0.00011110444397053059,0.00019441628840411763,0.004148984542003575,0.0006420897023382047,0.0006683880575539529,0.0008042722136391931,0.008139392985246265,0.011669266088628477
3.518085424609942e-05,0.016335482173348972,0.005054970767872621,0.008266398639603167,0.007310570347068293,0.05850220523980588,0.003612520747740911,0.009285254576539644,0.009555331881560495,0.00022634270470418762,0.0020444871457373547,0.004339822650522779,0.00028388777456456567,0.05641524826244883,0.1037505284149814,0.01261350669373622,0.00019594062257585667,0.03324448738061068,0.002674414991745749,0.014678340082812241,0.0006636057899552811,0.0025527704909204156,0.10974599777954869,0.005311301556026413,0.007909337608277637,0.017723078361960538,0.009904885693883224,0.011095265681471352,0.008181589216982359,0.01110817046947975,0.0033791439630266227,0.021127623050547096,0.003226470692898501,0.014144024840205898,0.00244037103677703,0.009356042484569723,0.015830732261074915,0.0021794209134530142,0.0017087856938561665,0.005317256546537846,0.0011682004863452832,0.005390148529536207,0.0044604598225142745,0.023464234247099352,0.017537750791269173,0.0005080242015346782,0.006911087552668989,0.01125320799299288
0.0017271656677135274,0.0025966622049664913,0.005034972848442016,0.005586462617998111,0.0019800402183612602,0.03172186370183333,0.0036520977550875133,0.007945884348131406,0.010175901197442988,0.002042274864998794,0.006439981431770141,0.009410077419886191,0.0005321135451498875,0.006827825548951717,0.017378868699638977,0.012906185825723318,0.003248205810714098,0.03317647256505901,0.004141187020509425,0.03448773613404787,0.0738418569850248,0.004550374144432722,0.04723141379732379,0.005259015488180249,0.0076419688606421095,0.0015355476682133353,0.003750447555765666,0.010763848306206712,0.008182357718036656,0.0005112967737738623,0.007374362856079875,0.019342991036249976,0.002095928969579139,0.013712285381322907,0.0015604422566614811,0.023616154160557526,0.01924514946917602,0.0004677388633066927,0.0007141664144145019,0.0066639500194753025,0.00035876727502240574,0.005088608864486025,0.004337686195785579,0.006088994034232307,0.003403949810693999,0.005483545185923347,0.004442436835657034,0.011493658559563724
0.00176099936482787,0.0026541496901194943,0.004985273609239263,0.010458902984190251,0.0030039742748143423,0.03142684795494162,0.003599164157345012,0.0088462409181383,0.010026166292763358,0.0036314682944927176,0.006508905404297596,0.008467159278053334,3.849726353124725e-05,0.054539985416659886,0.019272627990777252,0.012837887637601053,0.0034010771295529974,0.033228798145567395,0.0028364977174673203,0.04306230945709289,0.07585438454609862,0.004506221464804187,0.10026128703495034,0.005259080761693916,0.0070055438806607175,0.0012812214473544355,0.003714810813384119,0.009512400478225274,0.00803763998779074,0.0005482092090422221,0.002865399557800679,0.009715108847708494,0.003960233878053553,0.004883524671228567,0.0020594099160907904,0.021148720270248063,0.018115142231588277,0.0004671218152259879,0.0001202572981419171,0.006633002398401383,0.00037871518667504777,0.00036103873417666623,0.004389177949840685,0.00017087340748108093,0.0035897291708873193,0.0006423527374270124,0.004442509079900374,0.011493973822205895
3.281550070630861e-05,0.0026541496901194943,0.004984595000141811,0.010458902984190251,0.0014861630744592614,0.00314040630365762,0.001024042211373269,0.008831939072819017,0.010210555397093217,0.0020229075441376763,0.006508905404297596,0.008204302086570229,0.00029925995498565063,0.004323757499140226,0.01961608234701797,0.012906356681121516,0.003453396669664521,0.0072357022817129395,0.0025106962379909748,0.04123663625284229,0.012579251174043335,0.004506221464804187,0.10381632207649993,0.005256078109821031,0.007788701189381512,0.000807046057558952,0.07418695109725709,0.009453851714919647,0.009237599422594844,0.0005531974776213217,0.003042167952312533,0.009898675448985131,0.0042400936391736145,0.004827718620407004,0.009162854928692808,0.021148720270248063,0.018112539644759635,0.0004671218152259879,0.0006723257529764451,0.006793009588093163,0.013194385146527366,0.00038760327596675887,0.004335930380470358,0.00010686773975562716,0.003690707637193284,0.0008229167373892451,0.004442509079900374,0.011493973822205895
3.518085424609942e-05,0.009148882032759664,0.004997603838686901,0.01448331581418446,0.0003126085900942129,0.03139441355554809,0.0462867520538242,0.009720971747057562,0.022475995999966136,0.0001842643128256332,0.02705999150552811,0.004020871519549053,0.00028910030568099395,0.006827583940654462,0.029142054006909265,0.012877419307117645,0.0025287198687005685,0.00658516364926638,0.0025350449813717566,0.00858204293765285,0.01828805806238072,0.004637445439183492,0.10976568240307645,0.005527525366747841,0.0028737345947502588,0.019566828069544608,0.08316019543666606,0.009341586001022124,0.008634330120097204,0.019168985026814217,0.051256487087901564,0.008667686128136646,0.003978885396501536,0.002946096363497557,0.0016044472959882827,0.058206793261025576,0.01908197270942965,0.0004446918616532079,0.0017649203133601025,0.002508014076397728,0.0007295563537606917,0.004980125413802839,0.004338171703781986,0.006713600661179285,0.0012112596023214173,0.0051847721849246145,0.0043548825050314195,0.011308385969290048
0.0016999657183812108,0.0025966622049664913,0.005026944747153492,0.0059265880351169285,0.0016958515786948958,0.031288466638828,0.0036520977550875133,0.007941876949692147,0.401822968238005,0.002043577176709949,0.007445111677908073,0.009412578705644397,0.0005321135451498875,0.006958414272284444,0.018833524827658536,0.012906185825723318,0.00568151580814237,0.03408105534293528,0.004087380872585232,0.03370488102105271,0.07670663360487451,0.0045476722228152576,0.04491446987542463,0.005266075079451064,0.007627381291863674,0.002601491819186147,0.003750447555765666,0.0017818186160470737,0.008190179513771805,0.0005107208145288661,0.0035254251468444233,0.019338907788935045,0.004001206624786532,0.013707254648865089,0.008273259610743246,0.05939384247127283,0.019244826969132565,0.0004735872361723843,0.0001132459035118794,0.00725316389123149,0.0003346125341911532,0.005078911934554412,0.004338947582503605,0.005448026478624768,0.0035392443317016874,0.005339535308024488,0.004442436835657034,0.011493634886200204
0.0008744841215234952,0.002770891213314532,0.005034294239344563,0.004944508492750427,0.001527631187375424,0.012785765447552902,0.001097527210096483,0.007670515036584262,0.01021893669597652,0.0020279542293570475,0.006449846556105137,0.000301705920832983,0.054386789445360025,0.00574600858954662,0.1398595817475998,0.012906185825723318,0.00010168086378634414,0.0029997856452559407,0.00543082513407352,0.04133094455717925,0.015316990315660398,0.00455354378241685,0.10391971255433675,0.005255992605976355,0.006622528442532252,0.010465286958821825,0.0721756893031241,0.011080229887247904,0.008346470874080605,0.0033539245568455656,0.20784930512815936,0.009989869439212056,0.00424105931273337,0.014849239520558874,0.0019510662470221573,0.0394653455614508,0.01800898942391156,0.006830867025635735,0.0007048813196567453,0.006836070946737933,0.013282230593278297,0.005518583814035859,0.004422384009407771,0.0003577916626102064,0.008935099328770738,0.008929985170712789,0.003868603699200352,0.011292153028968894
0.00024791947865099436,0.0025966622049664913,0.005056827448452119,0.0052611536705761104,0.0019800402183612602,0.03172580840504693,0.0037780256201080894,0.01725371302575838,0.010176709574947677,0.0014839384801808937,0.006439709880735081,0.004152423164135818,0.0005321265567042259,0.006827825548951717,0.019781890904488935,0.012906185825723318,0.004592171343113441,0.0022062513572909045,0.002601183895082991,0.03851544689581783,0.07362125556489232,0.004586735761757455,0.15068062705979554,0.005256922731904936,0.0076344418902960015,0.017616165799134914,0.0010891776754592129,0.009378603661297799,0.008118585693358531,0.011223863263342605,0.003679568399284601,0.00845671453634628,0.001492154024524831,0.014201460780412761,0.0018432262278033624,0.0908185212588623,0.01926009576641883,0.0017455019242316253,0.0007347930352182018,0.01930312855462133,6.592554609795385e-05,0.004915381609847796,0.004397194553114684,0.024260878591192997,0.003367408292864067,0.005568769315696494,0.0069817270455982215,0.011493658559563724
0.0014973434175645224,0.0018009877945161755,0.00504173321530905,0.014583307118348751,0.008979175437590163,0.05352542465254431,0.00047254923876033014,0.009240015890014715,0.010434883881065291,0.0012157254711752698,0.024256318393002872,0.11058740064803477,0.00045150887798691715,0.051597586034638,0.040007932551225873,0.00569174425850874,0.002153632419727083,0.008085616455103051,0.0026648274281928083,0.05186097263700516,0.011475986615315818,0.004114394785134115,0.14961269499971347,0.0050348511992765865,0.006630196050238869,0.019292883204439837,0.025012565729383547,0.009492911665403395,0.02989344720103364,0.019308153369044075,0.0031928202678661744,0.019882214268941586,0.003963200089210403,0.014240612116090252,0.0015598381720072886,0.02200789565006013,0.015927618767767847,0.0007322134154861834,0.00132413333874268,0.006618579628669904,0.0008932461581186111,0.0006114379603748606,0.004225510872444136,0.0011180412218563494,0.002480462021058309,0.008852125722920368,0.00443362952782713,0.011430790008317978
0.0002203437653839212,0.0025966622049664913,0.005026666500230606,0.0052611536705761104,0.0019800402183612602,0.031292411342041596,0.0037780256201080894,0.01725371302575838,0.010176709574947677,0.0014839384801808937,0.007444840126873013,0.004152423164135818,0.0005321265567042259,0.006827825548951717,0.019781890904488935,0.012906185825723318,0.004592171343113441,0.003005806385645529,0.002601183895082991,0.03851544689581783,0.0738418569850248,0.00458403384013999,0.15068062705979554,0.005256922731904936,0.0076344418902960015,0.017751315951348965,0.0010891776754592129,0.009378603661297799,0.008187742912679312,0.011223863263342605,0.003679568399284601,0.00845671453634628,0.001492154024524831,0.014196430047954942,0.008515763988912736,0.058560664317708455,0.01926009576641883,0.0017513471751243498,0.0007141664144145019,0.019662738474162673,4.167535174491008e-05,0.004905684679916184,0.004397194553114684,0.023619581467762357,0.003378825765013756,0.005568769315696494,0.0069817270455982215,0.011493658559563724
2.2092320552074167e-05,0.01755958902445132,0.005056334234234259,0.005754525427737841,0.021352172479924512,0.05967549813769246,0.0011820606315763806,0.004489806727275713,0.01003143522331639,0.0035054431666332155,0.006394009272828198,0.009528039555005655,0.00031208449149255137,0.008068429191468322,0.01701157015440695,0.012906185825723318,0.0001404412109237572,0.003967355059137924,0.002714517332830006,0.005026110527298587,0.07751921669683567,0.004550374144432722,0.10203173873021985,0.005256455450457135,0.002530377156828942,0.0020430078945921264,0.003497255825102329,0.011098089014464846,0.008182357718036656,0.00010757527480775722,0.007374362856079875,0.008618195284345254,0.0021071134931394116,0.014917042205097491,0.0015008450256657271,0.024391386074683344,0.01924514946917602,0.0004677388633066927,0.0011251293287063689,0.005057876502688506,0.0003355629823305665,0.005088608864486025,0.004337686195785579,0.05647579298988657,0.0031920051325959285,0.008816585599596603,0.006968262512324578,0.011497939980163291
3.221092048138346e-05,0.002153213683151252,0.005034294239344563,0.00829233401946554,0.001527631187375424,0.012785765447552902,0.001097527210096483,0.007667423347619798,0.01021893669597652,0.00026349488073773315,0.002329312558388238,0.000301705920832983,0.0004518626626478597,0.00574600858954662,0.1398595817475998,0.012906185825723318,0.00014066218938243395,0.002901040652898373,0.0057335572229480665,0.04133094455717925,0.015316990315660398,0.004555257607322012,0.10391971255433675,0.005255992605976355,0.006631900220507953,0.010465286958821825,0.0721756893031241,0.007112383295878963,0.008346470874080605,0.0033539245568455656,0.19787999292481795,0.009989869439212056,0.00424105931273337,0.014868169364216408,0.001956482723880051,0.0394653455614508,0.01800898942391156,0.00666411144903312,0.0007048813196567453,0.006836070946737933,0.013282230593278297,0.0021787879873613955,0.0010761405911948844,0.0003577916626102064,0.008935099328770738,0.008929985170712789,0.003868603699200352,0.011493232208924859
0.0013407875687253162,0.00182196280859584,0.004510024053313966,0.0051812220871808815,0.0029743385645269148,0.000836664273747869,0.0037457686721337723,0.007686915143855742,0.01001146297794327,0.0038697904245192606,0.0012730406664020102,0.00047347170026400265,0.0004518240392186916,0.05458085129268585,0.1389444495521192,0.013371453785574083,0.003454564734395445,0.0019203668540035308,0.002520570178155747,0.03825615585874205,0.015291975341014757,0.0036457025061332198,0.10077357799883438,0.005256091491950313,0.007634474254922852,0.010082783480475796,0.07190570533986476,0.009475796130122883,0.008171833643997525,0.0035645966343389704,0.01254410353276153,0.009219057037891786,0.003950186958294534,0.01488206338891878,0.008807709980311221,0.06005829030140888,0.0180115920107402,0.00042822484177387765,0.0002735911462777181,0.006655949820077164,0.0003624203320411502,0.0006860528712613123,0.004331180222842493,0.0002957400883706802,0.010008647591543882,0.0053755016530487665,0.003868603699200352,0.01180079428235414
