ADANIENT.NS,ADANIPORTS.NS,APOLLOHOSP.NS,ASIANPAINT.NS,AXISBANK.NS,BAJAJ-AUTO.NS,BAJAJFINSV.NS,BAJFINANCE.NS,BHARTIARTL.NS,BPCL.NS,BRITANNIA.NS,CIPLA.NS,COALINDIA.NS,DIVISLAB.NS,DRREDDY.NS,EICHERMOT.NS,GRASIM.NS,HCLTECH.NS,HDFCBANK.NS,HDFCLIFE.NS,HEROMOTOCO.NS,HINDALCO.NS,HINDUNILVR.NS,ICICIBANK.NS,INDUSINDBK.NS,INFY.NS,ITC.NS,JSWSTEEL.NS,KOTAKBANK.NS,LT.NS,M&M.NS,MARUTI.NS,NESTLEIND.NS,NTPC.NS,ONGC.NS,POWERGRID.NS,RELIANCE.NS,SBILIFE.NS,SBIN.NS,SHRIRAMFIN.NS,SUNPHARMA.NS,TATACONSUM.NS,TATASTEEL.NS,TCS.NS,TECHM.NS,TITAN.NS,ULTRACEMCO.NS,WIPRO.NS
0.12765757106616232,0.016193645916649825,0.1005351346931345,0.010676764594908357,0.026448253631097984,0.1570740940402935,0.011162560393918945,0.02466114279733364,0.0034207416037677777,0.0015415158962148521,0.001811104024235371,0.004110356412857476,0.0010648508149299655,0.11344615870976202,0.04055131094419356,0.015067128193994651,0.0010157542307266502,0.03313320240949608,0.006036191893630709,0.026254324558231495,0.004031311033435651,0.004802975558013272,0.0029538022689256267,0.0007250872258210558,0.002858847432304859,0.0009638203795700423,0.025212756377938524,0.011012899468483548,0.010507968070289057,0.04542542519590488,0.003574582436445473,0.026863010888014554,0.027943308458310355,0.0007826130781972221,0.0012302592628635036,0.03438794972433308,0.017701906555993432,0.004871317838575517,0.0006525183390408603,0.003535636836327253,0.0012702123580832089,0.0014189103356122587,0.00011635603433936536,0.0036926218534067776,0.0017165834038679584,0.014996132138900373,0.0018144995776535504,0.00904948796699398
0.006645120863563173,0.016149186855091018,0.010429165251964386,0.005868393381306988,0.0008621899119490588,0.03156713566064179,0.0032135689622108175,0.007416844273208476,0.0015437079343030517,0.002790106576721194,0.0023777084947810448,0.004710832146439781,0.0003035902981909558,0.001386540522346218,0.011281673303625285,0.013482538653691636,0.013976638099963449,0.03315699535420385,0.005782923404197266,0.02573758229235374,0.01463750989218031,0.0047383054886066915,0.003141983745188177,0.0009230789415325261,0.003970572226093984,0.0005783617086768823,0.004109589518372702,0.010082310369877542,0.024184320886519874,0.013177838986503541,0.002721421054657159,0.026966638138933696,0.0033530037133613546,0.0007584006837051769,0.0011804383685674366,0.016214371077298978,0.006600809845605747,0.005141579213055789,0.0009562084711203195,0.003503863819319744,0.0010402502196352635,0.0013041046385287767,0.00017140650010378893,0.00014249582031780378,0.0017165834038679584,0.009243889469984775,0.003728605314309209,0.009164242894488032
0.000865776741616987,0.017552725576092405,0.0014392609856344087,0.009225101810094123,0.02659886188134205,0.05348906680807887,0.00012717315877601443,0.014521992030965509,0.0038066654565493026,0.0015099429015788305,0.007025584718367893,0.004023279510367004,0.0002948564556319439,0.05224627003060624,0.03760218333190512,0.01514730362345411,0.013946894357214946,0.03389142692615285,0.006027904794172741,0.13079614928286412,0.22160939212423916,0.004723425020715711,0.03977876145268239,0.005262695744491293,0.014482116241074577,8.97396452790699e-05,0.0038386536887080797,0.007376193181463665,0.03069922454992666,0.03388512699718571,0.003312901068762693,0.026469540157931605,0.0006720720780516096,0.005641264566766563,0.002566723738117703,0.02591705595604807,0.019191273271138055,0.005340759906528476,0.0004914700112089025,0.007617490587700938,0.001920470783775159,0.0015010492909823757,0.005448247828985183,0.06654560215762242,0.0011757778893806959,0.00952898521507292,0.00616970309642924,0.011448022731668507
4.616387773958273e-05,0.01751255249112024,0.005247975031559972,0.006980439587630868,0.025918098417119388,0.04113442090522609,0.0029516599528604925,0.00704177003769365,0.001002103183929539,0.0024201981025087655,0.00032645042632193527,0.004009351520182942,0.0009190351496892464,0.005964575716287072,0.07189726765850715,0.013637666834501426,0.000343432804346418,0.035176191611094094,0.005926606606348908,0.014481130778923408,0.013841669472566145,0.005306615048753682,0.03609292111642673,0.004943547189854852,0.001053078366825293,0.0008300083763273843,0.005645825574225776,0.0006296980370737067,0.009899203004205024,0.018741408916590225,0.007193300930913188,0.02660062655389514,0.044232724262846364,0.011291701192112723,0.003480717324870341,0.11334065571311687,0.017535384721857783,0.013707804523313966,0.0011873938567035134,0.004197583617354024,0.0011329247356240914,0.0013379866161440106,0.0016873525685620083,0.0626292813666614,0.0016403693284001918,0.009297174059291449,0.006570209894969623,0.11658662942892152
0.0015228477782931321,0.015983028922330528,0.004624871177173611,0.007202965804499339,0.0005378423610781519,0.03350679579841964,0.00024933026441741665,0.007481296217301466,0.0030640718602381826,0.0016380401697466363,0.0018225020380245886,0.0040511586321192354,0.00106566799668628,0.007744474859801953,0.00768648798825259,0.012825259682755684,0.0014471613484992613,0.0335612175889274,0.004624474166102026,0.02514397620510293,0.004939226098342998,0.005175149046007024,0.010463244305324864,0.005376093123469168,0.010664835000896872,0.0006890170689411569,0.0023012575301627515,0.01103006803173517,0.029324514710209637,0.008970766383871526,8.983306416838403e-05,0.026565659095624628,0.002085708143902038,0.0007819891401715558,0.00100110757147366,0.03168163635055689,0.005730122614612016,0.004880740210300357,0.0009463006682488628,0.0030320605346342,0.0013629529351612969,0.0002540194032234352,0.0013855997672594825,0.0020588625023720587,0.001720546683674386,0.014601965500688421,0.004210351659867048,0.008908582714608608
6.698056449323266e-05,0.018928624034234034,0.004859674335771702,0.0059918417143211885,0.0008366017300281132,0.030437968655670625,0.0031872128663303894,0.007417112108367073,0.011392402598008429,0.004012893349964272,0.00047499864200358866,0.004049272329081509,0.0009880270928237086,0.0001217120237353384,0.030093157779658708,0.013523959455164844,0.014508210427614179,0.014246343229496453,0.006087613562925413,0.019202118921511857,0.014841903727459516,0.0052841672713658475,0.0028644488586453357,0.0053600040019214056,0.010440641248890058,0.02709816111048296,0.0057911840562939465,0.0011343440865016043,0.023864413190348807,0.013798534119347974,0.0027205755082335263,0.026721078030548063,0.004384310187808481,0.0008189350008481952,0.001120728148392469,0.03447906858890569,0.00521170524501308,0.0051386113077958205,0.0060786223736625615,0.0035235603528461297,0.0017572828762323848,0.0002334578595489817,0.0010912815851571197,0.00016604673063974694,0.0096793570155266,0.009093933783576575,0.004291724958866215,0.011400564898562593
0.0022005918912744744,0.018111310612993668,0.01378837155633484,0.006412542009996308,0.0023797577492721683,0.002064537608152556,0.0001255629284611327,0.0056288706379570355,0.00400409947293669,0.0014254145756085082,0.002675946843203115,0.004083114130302013,0.0009881682333316372,0.05949330876567952,0.040587771814038255,0.00801491221289443,0.0010564239801784598,0.03325875109093799,0.004579870980909941,0.0263898663345116,0.01689434004634036,0.0008267527473338212,0.00290862623832515,0.0018831952749275255,0.0018326361950512316,0.022813335533995935,0.0026129356986883834,0.01422996087647313,0.03040602082066021,0.01915804757646416,0.0032811616873060965,0.02723954768072427,0.00679118148337121,0.0007766824505964694,0.0008881787573479681,0.025482833279555056,0.006630076180168101,0.00507735606739162,0.0014519461738883408,0.0035357991120724243,0.0014300384426141027,0.0014525972473008386,0.00012523679328792735,0.002094509076241736,0.0011501224490024012,0.009296798671096227,0.03231372418676154,0.011281028389914313
0.0016483360077615833,0.0175125598728779,0.004850087949518236,0.0065175671901182555,0.02600126458900999,0.0815580961572196,0.0004049893109045776,0.00718900371245462,0.0005335240545567008,0.002020931306110673,0.002671389206496196,0.004046451957893375,0.0009330334349123878,0.0071361384763993195,0.05267713963676835,0.013637666834501426,0.0002837169657426749,0.03402342046674597,0.006033862364024887,0.03585932346671374,0.015123353786929894,0.00528583398249507,0.034814291184779994,0.004973457600832843,0.0012651542549816839,0.0006614669338127739,0.003986440433454273,0.014785142971376009,0.009871975787429262,0.018956364325088248,0.0025052343885357867,0.027493658557358084,0.028036071245753375,0.0006434644231012821,0.0007565466936480128,0.11944151866665702,0.01793203773559008,0.014035693352810998,0.0005785443028430975,0.0045532719372230164,0.0011211064170726752,0.0014014609712449683,0.0014932241141772475,0.00742090239399841,0.0016403765935032626,0.008526059763701398,0.0021864193185405583,0.014025747079623313
8.661753961350903e-06,0.018928624034234034,0.004859674335771702,0.0059918417143211885,0.0008466467022884123,0.029589368632318407,0.0038375469886479654,0.007417112108367073,0.011392402598008429,0.003949176635090156,0.0005467966528719535,0.00404676723586285,0.0009880270928237086,0.0014598864530917636,0.030093157779658708,0.014123616539905178,0.014508210427614179,0.014246343229496453,0.005860002601393411,0.020357170431671075,0.014841903727459516,0.0052841672713658475,0.0028644488586453357,0.005326982075777542,0.010471753883161372,0.0012369938310614083,0.005399650757005164,0.010461526949439262,0.023864413190348807,0.013798534119347974,0.0027205755082335263,0.026721078030548063,0.004384310187808481,0.0008189350008481952,0.0010043788998968536,0.03191861392589213,0.00521170524501308,0.0050843353805014365,0.000937907349054771,0.0035235603528461297,0.001757345523153724,0.00023311619819213443,0.0010699600665625697,0.00016604673063974694,0.0016635601598463377,0.009093933783576575,0.004291724958866215,0.011400564898562593
0.0022005918912744744,0.018111310612993668,0.01378837155633484,0.013309600277426564,0.0023797577492721683,0.002064537608152556,0.0001255629284611327,0.0056288706379570355,0.00400409947293669,0.0014254145756085082,0.002675946843203115,0.004083114130302013,0.0009881682333316372,0.05949330876567952,0.040587771814038255,0.00801491221289443,0.0010564239801784598,0.03325875109093799,0.004579870980909941,0.0263898663345116,0.015141551304721255,0.0008267527473338212,0.00290862623832515,0.0018831952749275255,0.0018326361950512316,0.022813335533995935,0.014591930431310034,0.01422996087647313,0.03040602082066021,0.01915804757646416,0.0032811616873060965,0.02723954768072427,0.00679118148337121,0.0007766824505964694,0.0008881787573479681,0.025482833279555056,0.006630076180168101,0.00507735606739162,0.0014519461738883408,0.0035357991120724243,0.0014300384426141027,0.0014525972473008386,0.00012523679328792735,0.002094509076241736,0.0011501224490024012,0.009296798671096227,0.03231372418676154,0.011281028389914313
0.0033633205670943233,0.01756222818296964,0.007365851287030453,0.007139693005294021,0.002855523728685765,0.23177240625431983,0.0002461363311204324,0.0074082339200611785,0.009906524604765522,0.002371931033318916,0.00044382382141622745,0.004911366473084326,9.075788926991596e-06,0.05769257952476412,0.037519255051443615,0.012992177704102987,0.0016080394738971536,0.03312961483386466,0.00601875978663735,0.039220935801087826,0.015862347646476253,0.004737973804557899,0.00303994043777465,0.0011554216020608077,0.010885281998924983,0.0026990471343891543,0.026296222147647978,0.015025353240369814,0.014928254972581932,0.013162689596095336,0.007442567496951743,0.026611458998845084,0.025482627227743953,0.0008227749743332317,0.0012220299222319205,0.023007950479010594,0.01780506350275905,0.005075922988874672,0.0005184885763927607,0.0042427777287004755,0.0030290456959698765,0.0002806544415033019,0.0002139993086631201,0.0014869209653323799,0.0016555904306105433,0.009154766835921221,0.003909943375156193,0.011457030529168495
0.0015228477782931321,0.015983028922330528,0.004624871177173611,0.007202965804499339,0.0005378423610781519,0.03350679579841964,0.0038599173489434237,0.007481296217301466,0.0035068842507073135,0.002733871553085325,0.0018225020380245886,0.0040511586321192354,0.0010656256301045015,0.007744474859801953,0.0404653920922237,0.012825259682755684,0.0011853373475819119,0.03355288908510659,0.004624474166102026,0.02514397620510293,0.004939226098342998,0.005269162541791925,0.002860191270409721,0.0008061238721616046,0.010549191406512956,0.0006892004982956057,0.0025079233810585706,0.01103006803173517,0.029066675622841105,0.04549134220118595,0.003547204321168489,0.026565659095624628,0.002085708143902038,0.0007827565589039086,0.0010017373824297484,0.03168163635055689,0.005735655058057492,0.005057587600496563,0.0009463006682488628,0.0030465584914489774,0.0007076096042055722,6.622045069287644e-05,0.001368253141021983,0.0072308990201554145,0.001720546683674386,0.014601330275035065,0.004265168164684022,0.00889500482742125
0.000865776741616987,0.017552725576092405,0.009159366677026699,0.009225101810094123,0.02681868110714,0.05348906680807887,0.0035558921288061257,0.014521992030965509,0.0038066654565493026,0.0015071658578736295,0.007025584718367893,0.004737374917752971,0.0009181358296790265,0.05224627003060624,0.03760218333190512,0.01514730362345411,0.013946770834528005,0.032520386733059445,0.006027904794172741,0.13079614928286412,0.22160939212423916,0.004723425020715711,0.03977876145268239,0.005262625369602908,0.014482860413695562,8.97396452790699e-05,0.003940498764045638,0.009847314556454453,0.010723783283528117,0.03355877846843188,0.003299201359852817,0.027086814361598485,0.0006720720780516096,0.005595177799823407,0.002566723738117703,0.02727021895480275,0.01122156772162675,0.005340759906528476,0.0004914700112089025,0.007617490587700938,0.0019449843770957332,0.0012817248840189086,0.005448247828985183,0.06654560215762242,0.0011757778893806959,0.009816197242806475,0.0062870957411230504,0.011448022731668507
9.951996593317908e-05,0.017512621555914994,0.026609121783073682,0.006861242072366773,0.002883522098880058,0.08459548728957032,0.0009700024549250963,0.011572387021424197,0.05144348550306014,0.0024201981025087655,0.002730709737321104,0.004046387431270729,0.0009608236319911457,0.00415688256295634,5.598239492757978e-05,0.013637666834501426,0.014642571779628393,0.03403475168077782,0.0059179594673965125,0.04010297406707919,0.01480191210601216,0.0052868175282051,0.03609292111642673,0.005348130630508584,0.002238913335819239,0.000943811939593892,0.0012138541598373455,0.014605970309909492,0.009804281169052345,0.018961386395262184,0.002562753918540132,0.033337739981477515,0.04277235585028107,0.011334062951436288,0.003595276742758235,0.11760361447592284,0.017370550557177324,0.01343018817470411,0.0005690605625521912,0.0038696085335965273,0.0025781228712431535,0.00019828945475825735,0.0014932241141772475,0.0018355606805200882,0.0017545196823699752,0.009297144741297376,0.002139018839434877,0.11436884752317451
0.0016838947283400203,0.018716218825598065,0.031124806931471426,0.01333739739935655,0.0013187916296751455,0.05928703935656548,0.0032042982048230617,0.007372157231859972,0.14926145082207398,0.0014571089303120797,0.002633423325038942,0.004114429657406595,0.0010110817553620121,0.0002657383974624725,0.013040403157631707,0.013518889635651647,0.013610836336393461,0.03323465834998583,0.006084875622689291,0.031746775947055,0.011306725193414632,0.005267527454863339,0.05097469156849101,0.0006128971921633215,0.009190052107906415,0.025261167112059522,0.18795533955583202,0.0016550942367950577,0.03406378210204062,0.018733134710466552,0.003734042537571018,0.03078915861806298,0.02550421692184939,0.0007813344209666335,0.006864460463779759,0.03456242758512279,0.00570428941958752,0.0051401452696045406,0.006069217199599134,0.004373161521728149,0.001267619610155475,0.00034468313745782684,0.0014343316288379215,0.002842105246976055,0.009563146093663996,0.010051465882176076,0.004406511816816316,0.011604917994715356
0.11823649338741452,0.017942365658115016,0.029996697006394075,0.006068769287246383,0.0023138713840266255,0.15692285176688947,0.0032707995142042786,0.009982436846728029,0.009337477703179402,0.002503665885972327,0.03386955053005798,0.011901813976098425,0.0010496145266577813,0.05251696170129183,0.041021573431816456,0.013902872159445325,0.0006833406955530849,0.033246242445481716,0.006031828871885139,0.014781464304146518,0.0580682990572067,0.012937571798147864,0.002941375373567955,0.005336198736216944,0.0030257467658592837,0.021717733905297555,0.005365353538051242,0.013773360141167198,0.031344020842276506,0.04579440402770412,0.012364486159971181,0.027069388162759413,0.007816917409550057,0.0007765149369873981,0.0012550873374295372,0.029442947442169992,0.006136356303036349,0.0048797870152935815,0.00040515382891715584,0.003894229457293237,0.013412474665925269,0.001372286356622972,0.00014081037509169718,0.003883244031853019,0.0013720865835305553,0.014996691046142267,0.005122979572231729,0.029365322737395932
0.11725395168980071,0.01752032477243655,0.02978102456012767,0.007044611215200182,0.02645677241799353,0.22512910732797797,0.011042889638464668,0.007441418507118165,0.009665122838930115,0.0019333158986498092,0.001811104024235371,0.01108652459612147,0.0003182982807845905,0.05664559293713829,0.05238638336311892,0.013012529137796524,0.013783748819402433,0.03301984138079281,0.005781176053894129,0.026205286732022097,0.013853100315394258,0.0052860932606291966,0.0030457586438626637,0.0015309624022707882,0.00400215516477701,0.00045472314503418516,0.026256612016472163,0.01393890520381291,0.029408366829183977,0.01889698464160008,0.0035482110688431706,0.02678963683558912,0.027179439137348535,0.000409071509516184,0.006592087130065111,0.025615714202334078,0.01770442531062944,0.004865542337637244,0.0005297746597528086,0.0035530078540999027,0.001434061113934484,0.0013377804171927738,0.00011563864857863579,0.058688285644461664,0.0017165834038679584,0.014843008698591346,0.0065799891863279145,0.009082718239426071
0.13119591723379212,0.016106256140894892,0.034133480381281514,0.006103234920391278,0.002440947749205072,0.012261441714058297,0.0032099897812974862,0.0066660933781629034,0.009480742148999837,0.0011387986705674602,0.002456663692627532,0.2219445981442955,0.0010690444751009268,0.055577656536117175,0.036288245136322755,0.014103682304085968,0.0010839099268038475,0.03324149431606329,0.004581513923260599,0.014420457606324141,0.01682143677699643,0.0010404589644808075,0.010923723443456514,0.001457261988704852,0.01066696949434182,2.441265412086752e-05,0.005932953202497598,0.014856801004387386,0.01498623994420345,0.010790630033601962,0.0046486956015687085,0.06303142061310543,0.006689965619791122,0.0008187246871521074,0.0021798129141140698,0.030453136780257788,0.0060249746713460185,0.005472127299137586,0.0010897357636067031,0.008787354642657891,0.001763877465263559,0.0003293991483372,0.00010316938529835904,0.0018681785483517027,0.001742408408950808,0.009494398308887899,0.0037064300927290295,0.011438064946976077
0.11437641981540708,0.007205460509380415,0.03353781240452423,0.010677503757679023,0.003984503762407849,0.1570740940402935,0.0008741591582058809,0.02466114279733364,0.0033350562404002413,0.0015415158962148521,0.0012833529281784102,0.012732335685653958,0.0010498038716650017,0.11344615870976202,0.04055131094419356,0.012943092832804884,0.0010157542307266502,0.03313320240949608,0.006031825260229419,0.0393791282446172,0.004031311033435651,0.012918975766433343,0.0029538022689256267,0.0007882603460814827,0.002858847432304859,0.0009638203795700423,0.025212756377938524,0.007692153225512672,0.0671984083354213,0.04542542519590488,0.01242642073602537,0.026863010888014554,0.02838155805747414,0.0007818987153969762,0.0012302592628635036,0.029009332941261876,0.017701906555993432,0.004871317838575517,0.0006525183390408603,0.003535636836327253,0.0012702123580832089,0.0014189103356122587,0.00010741467357712996,0.0021214649168345787,0.0017165834038679584,0.014979045933638808,0.006801740240965427,0.026970163486576892
0.0022015873620820554,0.01598834106287102,0.004624871177173611,0.007792876832126004,9.303915484621533e-05,0.03350679579841964,0.003856062452735006,0.007481296217301466,0.0035068842507073135,0.002733871553085325,0.00244792516033252,0.01106594400261867,0.0009868627619019064,0.005994691861920032,0.013202789594764858,0.013525206316838628,0.0011853373475819119,0.013683912045182607,0.004624474166102026,0.02514397620510293,0.014833106363752357,0.005269162541791925,0.002860191270409721,0.0008061238721616046,0.010471641602489682,0.0007168195787037503,0.0038633912872805265,0.010552316349327477,0.029344203176406212,0.014559418659680289,0.007855654831270355,0.036898551978483025,0.0019853797060725886,0.0007766967395199746,0.0010017373824297484,0.03169643153025835,0.005735655058057492,0.00506681338096527,0.0009463006682488628,0.0030465584914489774,0.0007076096042055722,6.622045069287644e-05,0.0013868743111872302,0.0666727551423071,0.0009969725831976207,0.014601330275035065,0.004265168164684022,0.009008939495320249
0.12027728087698314,0.016193645916649825,0.02978102456012767,0.007178322109163843,0.02645677241799353,0.22512910732797797,0.011042889638464668,0.007441418507118165,0.00983944794863832,0.0019333158986498092,0.001811104024235371,0.011185771787301395,0.0003035902981909558,0.05609217378241148,0.05238638336311892,0.01301507162080116,0.014004558957916195,0.03302137635335581,0.005781176053894129,0.026205286732022097,0.018588509195608935,0.00473597681750888,0.0030457586438626637,0.0015309624022707882,0.00400215516477701,0.00045179888645130277,0.026256612016472163,0.01393890520381291,0.029730404972783564,0.01889698464160008,0.0035482110688431706,0.026841662653119568,0.027179439137348535,0.0006805930429992532,0.006814748862236295,0.025555976824759387,0.017701906555993432,0.004865542337637244,0.0005297746597528086,0.0035335622547369187,0.001434061113934484,0.001344732299754195,0.00011563864857863579,0.008946394554731887,0.0017165834038679584,0.01499491554202479,0.0018113948039923293,0.009083563762391098
0.000723042687403013,0.011284061239651717,0.02941539362099766,0.006055404699132384,0.002986256215452993,0.10639468047278197,0.0035583328687478007,0.007377780276974376,0.13504049048635314,0.0013137718624515494,0.04934167009335313,0.010957187733525497,0.0005575602110137755,0.0015061791752790275,0.07611623605949176,0.013642854096732422,0.000791936850818138,0.0331378377440259,0.005912407194935438,0.01913497111024942,0.07774039294766828,0.0046744773618546745,0.05331347425818758,0.0031022786827102624,0.008351812316033783,0.018289832819108225,0.001879375971868928,0.0011346113021205606,0.0303232737952232,0.018935901998779862,0.004223666722909521,0.07516172875008535,0.007545497317235376,0.0007867853431976681,0.0011155886115949171,0.03182304771210312,0.00597625932727763,0.008298855887110382,0.0005036669404517197,0.004286915313839643,0.012306163804902315,0.0002071266349915072,0.0005594459561760628,0.00015596355138969287,0.01614101983844394,0.008172024733974841,0.006153592819957343,0.025023018673209198
0.0022250620282852542,0.016015229179629782,0.09577021644276267,0.013572413789307255,0.000525986411205593,0.03547286790110212,0.0028975276676351915,0.007278986064342076,0.00313591439434184,0.001958390195434541,0.0022111430582542678,0.0025420585666805287,0.00014626384550889986,0.07540115908331774,0.014811241195285013,0.014305884776358658,9.097353197453099e-05,0.03312493555694415,0.00608705742623777,0.036474075504743686,0.016244720269264386,0.0021346212429985685,0.0027462891102176543,0.0053245753612677325,0.0016024691317464215,0.002714245537071134,0.0022644319659454243,0.014594055762064644,0.031034776043698878,0.018910079003724267,0.0034068438999244203,0.034228939917238126,0.005125999964330203,0.0006898581884456717,0.0022250025812557968,0.039692374903736415,0.0162785551975175,0.002142379738812245,0.001294852908685304,0.003530202504086546,0.02385864336533847,0.001333233418322364,0.0015002101886108633,0.0021326834120375254,0.001641936488883645,0.015000062515418336,0.00112130607033462,0.007873100384510324
0.00045324859350965923,0.018946738602762227,0.03101629300953538,0.007371807775078947,0.00026205221464810493,0.029589368632318407,0.0032066415212490406,0.007442391161185425,0.011392402598008429,0.02259654155735135,0.0007758786300965316,0.00404676723586285,0.0009594276843958448,0.0027226290466930677,0.029593925687424038,0.014132951668097778,0.014498387397099214,0.007353319970509649,0.005816607496317307,0.020357170431671075,0.014615151177569542,0.004693983974162208,0.0030431030324423016,0.005326982075777542,0.010527475201785867,0.001227705268233732,0.005399650757005164,0.014540848476742994,0.02972855058821479,0.013776505173704054,0.003440910018255864,0.02720283152400768,0.030545490168530226,0.0017622628591068806,0.001435644247943866,0.23919331408717265,0.00521170524501308,0.0017163056667060857,0.0005055290151615919,0.0035358243741233594,0.0017230108384922527,0.00023393469412713304,0.0010699600665625697,0.0012919076910600361,0.0016635601598463377,0.01484495985563131,0.005180346663421674,0.011400564898562593
8.661753961350903e-06,0.018892705327022963,0.005233398110296168,0.0059918417143211885,0.0008466467022884123,0.029589368632318407,0.0003511482283985979,0.007417112108367073,0.011392402598008429,0.0038704664302349383,0.0015867103916413516,0.0016463169883535467,0.0009880270928237086,0.005674752869480736,0.030273223897367446,0.007653634546243585,0.00024876437939082546,0.014246343229496453,0.005860002601393411,0.03767139429731847,0.017760419627095365,0.004205268229352525,0.0029142561956116415,0.005326982075777542,0.010471753883161372,0.00012281194598563305,0.026325165154755997,0.010461526949439262,0.029732744422216312,0.013798534119347974,0.0027205755082335263,0.026715091035060562,0.0044037201390614835,0.0008189350008481952,0.0009973339422620479,0.03191861392589213,0.00521170524501308,0.0050843353805014365,0.0006638717240251746,0.003535554059473875,0.001757345523153724,0.0002906756248301553,0.0017715296049855497,0.00016604673063974694,0.0016651119563883935,0.009093933783576575,0.0020782285491273977,0.011400564898562593
0.0022005918912744744,0.018111310612993668,0.01378837155633484,0.00652571091252985,0.002278168495520448,0.002064537608152556,0.0001255629284611327,0.0056288706379570355,0.004387373589971063,0.001420640318062292,0.002675946843203115,0.004072288805053534,0.0009881682333316372,0.05704393096805602,0.040254368036517336,0.00801491221289443,0.0010564239801784598,0.03325875109093799,0.004579870980909941,0.026397178826740857,0.05830611746570137,0.0008267527473338212,0.00290862623832515,0.0018831952749275255,0.0018326361950512316,0.022813335533995935,0.0026229280630190336,0.014004167399347314,0.030376053402981554,0.019181414628879005,0.0028305094706057494,0.02723954768072427,0.006728099868124494,0.0007766824505964694,0.0008881787573479681,0.025453656954730872,0.006630076180168101,0.00507735606739162,0.001446765346858012,0.0035357991120724243,0.0014300384426141027,0.0014528141933874276,0.00012523679328792735,0.002094509076241736,0.0011501224490024012,0.013469413879890008,0.031526091632105006,0.011327464763820875
0.0022005918912744744,0.016116475711008566,0.030615331168755706,0.01345946419610897,0.026461753711222946,0.03084320553567653,0.00030626439503845214,0.007236882237013208,0.009820508775218006,0.001958358609592504,0.0024570639658391394,0.004081136505797517,0.0001500079764631914,0.0023264739326326594,0.040587771814038255,0.013523277693097675,0.0010554371199633867,0.033248063537281436,0.004577102278125466,0.036881353134325695,0.015120447054709586,0.0008267527473338212,0.002909000747801832,0.0015377756512879562,0.00887534577324255,0.022813335533995935,0.0035632204623369974,0.009859640781978265,0.030085974274556566,0.019158180926678304,0.0034447608742025986,0.027260298033525563,0.006816397355113028,0.0007766824505964694,0.0008881787573479681,0.02534652232900371,0.006077790953867377,0.00507735606739162,0.0006264722014755185,0.0035370102755508713,0.001430063776471292,0.0014490667773722852,0.00014950112069647855,0.00211384468707432,0.0016408741293192873,0.009296798671096227,0.004325621567289386,0.010399035274606892
0.00488432717704905,0.016193645916649825,0.02978102456012767,0.03985867469261792,0.02645677241799353,0.22512910732797797,0.010651715629768854,0.00732186717993117,0.009756499491543991,0.001956889070370147,0.0017866321421806412,0.010979480887294838,0.0001436390687457146,0.05965640944563102,0.05271372871918627,0.01301507162080116,0.0014723495205030534,0.03302137635335581,0.005781176053894129,0.026205286732022097,0.015205651281723707,0.00473597681750888,0.00304556108109823,0.0015309624022707882,0.00400215516477701,0.0553921909858226,0.027138428987252036,0.009788534371909697,0.030087391409918424,0.01889698464160008,0.003550150855776619,0.026841662653119568,0.00589254721111087,0.0006805930429992532,0.006877299510538095,0.025555976824759387,0.01740002240456792,0.005071918551885934,0.0005297746597528086,0.0035335622547369187,0.001434061113934484,0.0004888840914122478,0.0001170262726040042,0.008946394554731887,0.0017165834038679584,0.015271958532950429,0.031331814790383376,0.009083563762391098
7.922476087669902e-05,0.016104096185605824,0.031344742751146196,0.007271509793794125,0.0022760005992095954,0.03084320553567653,0.0003074848475196001,0.007288762499118958,0.009820508775218006,0.00245094559171104,0.001626644560409029,0.004180721809502109,0.00026857535390286427,0.003596633968892496,0.040587771814038255,0.017909479265509294,0.013502698391385133,0.033248063537281436,0.004577102278125466,0.014542689899650876,0.02947105601984426,0.0046628845671667874,0.052863066327023436,0.005442790601271173,0.008945687547603144,0.022813335533995935,0.0035632204623369974,0.005259661987465299,0.029844054420769324,0.019158180926678304,0.004516596629902567,0.028528214911280107,0.006988262713638172,0.0007766824505964694,0.0008881787573479681,0.025348278430028064,0.006077790953867377,0.00507735606739162,0.0006265060226234094,0.0035370102755508713,0.0019401185618471827,0.0014142440344336912,0.0001495886187288931,0.002140359693227553,0.0017372037588866288,0.013453787894706255,0.004325621567289386,0.01057621938450291
9.962171925741121e-05,0.017512958217566165,0.003937093672856119,0.006974457336734596,0.02600126458900999,0.0815580961572196,0.0007871677805657317,0.00718900371245462,0.001002103183929539,0.0024201981025087655,0.0026700766909252297,0.004046861971873823,0.0009125441098405836,0.005964575716287072,0.07189726765850715,0.013637666834501426,0.000343432804346418,0.03402342046674597,0.0059179594673965125,0.04010297406707919,0.014812099634833539,0.00528583398249507,0.03609292111642673,0.004973457600832843,0.0012651542549816839,0.0008321175723980628,0.0012228275548885805,0.014785142971376009,0.009899203004205024,0.018956364325088248,0.002490187615485622,0.01860116703456435,0.02781918837245889,0.011330686583693125,0.003480717324870341,0.11760340221044929,0.017897794784659818,0.013716589724348485,0.0005783827864963558,0.0045532719372230164,0.0011211064170726752,0.0013379866161440106,0.0014932241141772475,0.06337355184329746,0.0016403152837654211,0.009297174059291449,0.006510687009546682,0.112483363485381
0.1209375508274328,0.016193645916649825,0.1005351346931345,0.007156084603316574,0.026448253631097984,0.1570740940402935,0.011162560393918945,0.02466114279733364,0.009718225115714295,0.0015415158962148521,0.001811104024235371,0.004119206611620913,0.0010648508149299655,0.11344615870976202,0.04055131094419356,0.012852967004883309,0.0012274319147894477,0.03313237960510234,0.006036191893630709,0.026255410196411207,0.004031311033435651,0.004805265293325524,0.0029537813994442615,0.0007250872258210558,0.002858847432304859,0.00042766241292808884,0.02513060970801332,0.011045420964078616,0.010507968070289057,0.04523861527452542,0.003574582436445473,0.026862841505156613,0.027948989892563635,0.0007826130781972221,0.0012302592628635036,0.0252611659444111,0.017701906555993432,0.004871317838575517,0.0006735636816292247,0.0035356260494525645,0.0012702123580832089,0.001416242563346909,0.00010617079773134277,0.0036926218534067776,0.0017165834038679584,0.01499619557815683,0.0018144995776535504,0.008900533114329576
0.11735725383058787,0.01614923190947234,0.02978102456012767,0.0072479133950829455,0.0027858359636638193,0.031031654373791448,0.003190231659138976,0.0007851210191771301,0.009736277823892126,0.0012445042071532447,0.002496755245925073,0.01129929115055629,0.00030359403167196564,0.05668662216354499,0.05405864676503122,0.01045744207817365,0.014004558957916195,0.03312906534014329,0.00623391897537455,0.01522608916135883,0.03725556348473392,0.004754804669665245,0.0063218754178933495,0.001059929477695577,0.002833211538254606,0.0006046053750936602,0.0056064151030654485,0.014285739964844625,0.029744193424126975,0.018880107335269045,0.0035482110688431706,0.03387864161286744,0.007590342977287974,0.0016908006965058748,0.0017297767250008143,0.014106990733174368,0.019029915016684475,0.008345567023560927,0.0009415836633142906,0.0033976421062986263,0.0014527645657869007,0.0013042275707291927,0.0013244859648514139,0.002346490315361707,0.001716542683738469,0.01483551112960234,0.006884896634178588,0.009223169935704469
7.922476087669902e-05,0.016116475711008566,0.030615331168755706,0.005720775929681016,0.0022760005992095954,0.10733023495456359,0.002404383174192376,0.028001610720293228,0.009776275945278799,0.0011248579111015013,0.001626644560409029,0.0023981678367889303,0.00026857535390286427,0.003287719409606066,0.04026188171803461,0.014756338314286563,0.001207768285986106,0.033248063537281436,0.004577102278125466,0.025629263908417903,0.05959226560211196,0.0008267527473338212,0.05282295416389253,0.005440892362681169,0.008958379327943258,0.0021197009047213503,0.0020065031083617087,0.00532596954120131,0.02979984004918818,0.018549320520179758,0.00279713600380623,0.02831493248982703,0.007100339958676468,0.0007766824505964694,0.0008881787573479681,0.025683923794356807,0.0058348436466642796,0.018341576522954935,0.0006251705586757121,0.003530637571603296,0.0019401185618471827,0.0014490667773722852,0.00014950112069647855,0.003955690116912451,0.0016500860700118915,0.013453787894706255,0.0028930747812447935,0.010636317444989045
8.661753961350903e-06,0.018946738602762227,0.03101629300953538,0.0059918417143211885,0.0008466467022884123,0.029589368632318407,0.0032066415212490406,0.007417112108367073,0.011392402598008429,0.022440131957915273,0.0006462946420390664,0.00404676723586285,0.0009594276843958448,0.0014598864530917636,0.030093157779658708,0.014103682304085968,0.014508210427614179,0.03315625739559012,0.005817585601739076,0.020357170431671075,0.014615151177569542,0.004691471004533448,0.0030370484041530414,0.005326982075777542,0.010527475201785867,0.001227705268233732,0.005399650757005164,0.014540848476742994,0.023864413190348807,0.013798534119347974,0.0027205755082335263,0.02720283152400768,0.004422567012829785,0.0008186951853935729,0.0011814701414267026,0.03191659923440273,0.00521170524501308,0.0050843353805014365,0.0005055290151615919,0.003503991156363193,0.001757345523153724,0.00023393469412713304,0.0010699600665625697,0.00016604673063974694,0.0016635601598463377,0.009093933783576575,0.005180346663421674,0.011400564898562593
0.0023942936320591637,0.017667464978111662,0.031039358258203874,0.007256082020106577,0.0027569559135320063,0.03928681115625581,0.0033473829476968024,0.000447164504022247,0.009742578275203497,0.001461420808991969,0.002709711399966464,0.004883282501161427,0.0009596277272946451,0.05604005888668201,0.030093157779658708,0.014093210060903732,0.014023037979466562,0.033147702863684646,0.006093569791575927,0.013950245249263192,0.017087584445823763,0.0008700244946718734,0.003035666308176769,0.005292261369135019,0.010617665891971684,7.608254454878269e-07,0.006200110417266892,0.014540848476742994,0.030126111130537144,0.017558116907451994,0.007260679114917798,0.03378691073430812,0.0017865311771600694,0.0002837173034980064,0.006876466647124067,0.025203175386728338,0.006170417694113092,0.005201835816245736,0.00616565427340099,0.003851130654741682,0.0015729301081012365,0.00033304903647747325,0.0011272580062157546,0.001660531462414308,0.009335039503411526,0.010009647107315103,0.0032455291500721453,0.011449935189803782
0.0021752981672363684,0.01598834106287102,0.004624871177173611,0.006829940218653519,0.0028809929464296185,0.040759043734078675,0.00386795390523257,0.007481296217301466,0.05160836062438656,0.0027502970292827885,0.00043202953758284695,0.01106594400261867,0.0009868627619019064,0.005852514718998143,0.013202789594764858,0.013531677729369498,0.0011853373475819119,0.03476342356397455,0.004624474166102026,0.02514397620510293,0.013734434588431533,0.005268296940124571,0.03703508272305181,0.005035159356684962,0.010389184408701757,0.0007168195787037503,0.0038633912872805265,0.010552316349327477,0.029344203176406212,0.01859828618947524,0.007855654831270355,0.036898551978483025,0.0059485069253285006,0.0009260530295172277,0.0010017373824297484,0.12684331661601653,0.005735655058057492,0.013581444380339121,0.0006079672343784295,0.0030465584914489774,0.0007029852499667867,6.622045069287644e-05,0.0013775759700889888,0.062496432301553995,0.0009969725831976207,0.014601330275035065,0.0019244026292874865,0.009008939495320249
0.04262021995552889,0.017549957291731606,0.013150793205703813,0.013016745644116572,0.025859296959287827,0.1604559385684164,0.0022094517374154823,0.007402247569852218,0.004028716149703755,0.0018926411834766675,0.007044127928653914,0.01137827490392175,0.0001813402994009021,0.11215815355527306,0.037793975249086065,0.014074836829601724,0.01307607734011922,0.033248063537281436,0.0058506529993666585,0.0263898663345116,0.01867011058681346,0.004005324785564659,0.002873267813427036,0.0015377756512879562,0.00887534577324255,0.0013874555170067214,0.01391033414856361,0.00704499966524251,0.02916268886992348,0.03427532132386298,0.0035595134920265036,0.02654909125802557,0.02751850837377763,7.79343024313948e-05,0.0007447058021072027,0.025701332672744964,0.018429072415084624,0.004865100978337729,0.0006474519103853194,0.003535608677837623,0.0014343218187857884,0.0014525972473008386,0.0010667404970254924,0.0014479221284379173,0.0017166565977836227,0.009633129775610306,0.00622059445475148,0.009073255545789681
0.001683707367967649,0.018043402806653622,0.03101629300953538,0.01340521771979523,0.000262486738880182,0.02973501326737594,0.01185585933398942,0.007398157489291107,0.00356440705782365,0.02268629552896846,0.0018120143343440637,0.004103313626347225,0.00019204920439049633,0.0012014645134455562,0.030093157779658708,0.014085823412797537,0.013427828155711955,0.03313301048783212,0.005816950688915532,0.025873436536671526,0.014616893522049272,0.0042052445419603485,0.0028738551402821342,0.0009304119727766093,0.010532090647674408,0.0009881852899200222,0.005330034827266863,0.009915449153581193,0.013636765694501132,0.013798534119347974,0.0033857323309863982,0.007520012495259881,0.0075914269202468155,0.0007849611819064935,0.006765074673721701,0.03196015823415716,0.017679190983582404,0.005125893665449299,0.0006467693398128434,0.0035356880494546252,0.0012743145192869619,0.000233542149860291,0.0010499096592118044,0.002128146600068619,0.0016408733781817662,0.010110315357461295,0.0018400565049458272,0.009073566588915349
0.0021758273811041664,0.017512958217566165,0.003503363973709624,0.007039941483010262,0.004127704241833409,0.08175571520708769,0.003134486222526457,0.007304591616161915,0.001002103183929539,0.0027470675393247916,0.003920345154050123,0.004867704020798669,0.0009040317813016561,0.006172051637569134,0.03720024488279128,0.013638012142849739,0.012527365406650871,0.035151019193926304,0.004657233323911967,0.041181940392263604,0.01383745128837106,0.0007409880939358939,0.037038078436048005,0.0011157675030159947,0.008901419248602715,0.000955016421589662,0.0013661781950259758,0.007122089481568885,0.02835757919886973,0.014326491734541766,0.002490187615485622,0.026582145064495934,0.027517749601215176,0.0005790650116476085,0.0010579128746581062,0.12728148440646173,0.006845301750659052,0.013581208058770841,0.000578386907287064,0.0030784016485369352,0.0008405175859892639,0.0014531157454273867,3.309518590060732e-05,0.06250630859018447,0.0017775444598308212,0.009414541113451916,0.0018860014221286415,0.11436884752317451
0.0008331928517607556,0.016181915937560208,0.007031925586967736,0.007178934695027527,0.002855523728685765,0.031567983695294344,0.002705204561116705,0.007608008110181922,0.009906524604765522,0.001765049570101299,0.002532674312494254,0.19330268666444922,0.0009412496286374417,0.05592129106588849,0.03695058294784817,0.012991481437094379,0.0018024958953886836,0.033119113826887495,0.006017143629415568,0.03972802994610203,0.020097098830414186,0.0047382574274663644,0.0030560633741167293,0.0015128963070235655,0.004121600274536426,0.0010933485388158627,0.026296222147647978,0.010828178884398116,0.026101276989348575,0.013175749267860417,0.007590358931015822,0.026601913778610597,0.025619500035809793,0.0008139615095711348,0.001214229429533135,0.023007950479010594,0.005293804033871555,0.0050730328435523424,0.0014532359765257702,0.0014867881088360848,0.0014387193669542912,0.0002856719266554215,0.0001706905534539863,0.0024416665526775395,0.00166047383081323,0.014972425715279299,0.00625841607007831,0.011456202431902401
0.00030942307088092924,0.016159532175048032,0.030540016059670688,0.00716497438310271,0.025841294712391237,0.08050344674892007,0.010998420053107841,0.017125798583911465,0.048608357451709175,0.0024219535003322462,0.004019008475898996,0.011278171976197566,0.0002633411205409423,0.0052844551320154615,0.07189726765850715,0.015056081974669946,0.0009317312465892092,0.03312570678554541,0.005917997394024434,0.02618719874352751,0.012582587813494174,0.004736395438553267,0.020093225002714793,0.001535381050699133,0.002138498504070601,0.0005248764344154854,0.0017389635156319708,0.0011572032564337639,0.009790499810661345,0.018922627502886306,0.0038010890591230907,0.026791568918005815,0.027176986967988568,0.011341559419101177,0.0034934362791487717,0.018297982155715577,0.017535940493721803,0.00492990599302989,0.0005783112888608122,0.004069465562333401,0.014395661354321423,4.089772034147725e-05,0.0053120704617763475,0.001238450177663988,0.0017101748282551742,0.015653013951415547,0.0025775369394111184,0.11436884752317451
0.0004380011364941566,0.019065362827270838,0.035202727966711214,0.006091478184837041,0.026956250321940302,0.08150931394494676,0.0031920449428041423,0.025248793088275663,0.0039273895933001676,0.0016890727422910555,0.002462586106262211,0.22233831005763252,0.0010693253077037742,0.05580331107013148,0.036582092545023676,0.014103682304085968,0.0017156211940090949,0.033976207014981524,0.005919139938361253,0.02654631246206012,0.016804656763670597,0.0010404589644808075,0.010923723443456514,0.0013665529423612756,0.01066696949434182,4.347600536781543e-05,0.005932953202497598,0.014856801004387386,0.01498623994420345,0.010899028228669418,0.002741441845203834,0.01835190751297256,0.006689965619791122,0.0008186951853935729,0.002186893403614533,0.11564673027624203,0.0060249746713460185,0.013736762512655565,0.0010897357636067031,0.0087770343402899,0.001162486884800782,0.00025641319601753677,0.00011971173782568064,0.0018681785483517027,0.0016559942346995563,0.009718706324812122,0.003906072437926269,0.11319071564511463
0.006679222570647938,0.016149186855091018,0.007854406157695542,0.007248359442064747,0.0003949009124083608,0.03156713566064179,0.003221323635542781,0.007442123326026827,0.0015437079343030517,0.0029393404540279406,0.0025072870689640822,0.004750749794206341,0.0003035902981909558,0.0026492831153465957,0.010786985431269361,0.012605458351799643,0.013966815069448486,0.03313455515313503,0.005781945298775497,0.025207384584789664,0.014576767156237869,0.00474081845823545,0.0031480383734774375,0.005088299051278814,0.0038751458719616157,0.0005783617086768823,0.004208986860293848,0.010082310369877542,0.030085335557239294,0.013155810040859623,0.003351865751089528,0.026966638138933696,0.02945399915199093,0.0008264723797038415,0.0012135902670865216,0.2226895748224142,0.00608473058567969,0.005141579213055789,0.0009562084711203195,0.0035343964311818697,0.0010004415165237712,0.0013041046385287767,0.00017140650010378893,0.0012675718082926835,0.0017048954374688297,0.01499491554202479,0.003728605314309209,0.011365136806729254
0.0002947960906238902,0.01765742605540455,0.007669987337742401,0.007333584569035275,0.028437834600075748,0.03544072919394037,0.003421617931328438,0.007279338761075031,0.009315778281189636,0.002371751373482036,0.0027155174635355318,0.012511482441166661,0.0010433078627774342,0.07487707806457031,0.012573537692153611,0.01428689764700474,0.013461598817021655,0.033125271243859014,0.0060662078997140035,0.0400054895504787,0.015872191332978507,0.004672209832844234,0.003725303656767768,0.005136395354724105,0.010686156363616443,0.002686165238188102,0.005407495230376144,0.01524379415463794,0.014964894782847224,0.01751078138208746,0.002644035458412116,0.018817318889637225,0.02757392904726577,0.002068072451777732,0.002236881839630008,0.03609780515251102,0.017900664860910336,0.002049617191538119,0.0005875287891805237,0.004555893568425303,0.012334696184325603,0.0013980177055616587,0.001500231905012531,0.06505581325913765,0.0016434249569612753,0.009262425445984369,0.0067713333413852664,0.007657785438244476
0.12003136239884658,0.016193645916649825,0.1005351346931345,0.0077267470708665305,0.026448253631097984,0.1543104012328986,0.011162560393918945,0.005698226331551053,0.009774940212052274,0.0015415158962148521,0.0018085862475451138,0.001760267133148003,0.0010648508149299655,0.11356614057577695,0.04055131094419356,0.012852967004883309,0.001316682630797802,0.03313237960510234,0.005784025095745902,0.026244153026700644,0.004031311033435651,0.004623373377541215,0.0029537813994442615,0.0007031606041819943,0.0029172247527114704,0.00042766241292808884,0.02487135651587349,0.009880635211040096,0.010507968070289057,0.04554793210821349,0.003574582436445473,0.02684163025037167,0.007124746562585025,0.0007826130781972221,0.0012302592628635036,0.0252611659444111,0.017702579823005504,0.005071700631764784,0.0005293912020745032,0.0035356260494525645,0.0012702123580832089,0.0014453981009551232,0.00010617079773134277,0.0036926218534067776,0.0017165834038679584,0.01499619557815683,0.0018144995776535504,0.009031776692012317
0.004996641301321614,0.016125683446477808,0.02978102456012767,0.0076727840056985816,0.02645677241799353,0.22512910732797797,0.010651715629768854,0.005629004763518474,0.004202901404070236,0.001956889070370147,0.0017866321421806412,0.004025005497000989,0.0001436390687457146,0.05965640944563102,0.04027026941297743,0.01301507162080116,0.00147103798142144,0.033020171843793286,0.005781176053894129,0.026385283678206344,0.01524471354763787,0.00021742030579671896,0.003057787248606116,0.0015309624022707882,0.00400215516477701,0.00045179888645130277,0.002683327965504516,0.009826454541705804,0.030095856143615457,0.01889698464160008,0.003550150855776619,0.02685446830449136,0.006455516616694002,0.0006805930429992532,0.0009014719989616422,0.025556564410710903,0.01740002240456792,0.005071918551885934,0.0005297746597528086,0.003535825343420998,0.001434061113934484,0.0014532089503427245,0.00011698820277530688,0.008946394554731887,0.0011534585126548912,0.009389717596396351,0.03201174211074005,0.009083563762391098
0.0007431405102364542,0.017657020328958623,0.007376765511700389,0.007333584569035275,0.028436259681191792,0.07747202888118575,0.0035528988393981834,0.007496063982241331,0.006565167574792058,0.002371751373482036,0.0027093771485109004,0.01258907674844696,0.0010169223634261667,0.004000016482376939,0.07626233387296134,0.013670513873608623,0.013461598817021655,0.033125271243859014,0.005923173110994529,0.01438364383966341,0.015866221988352212,0.00174750328877038,0.003725303656767768,0.0031314700758917333,0.010464218594271442,0.002686165238188102,0.005407495230376144,0.0006291463207756098,0.014964894782847224,0.017609965767415452,0.007347147887590706,0.03357237332546959,0.0077951457178493284,0.0008268171682057857,0.0010727365024351398,0.03182314546805285,0.01737286486156382,0.005205293494611258,0.0004972339917560268,0.003864678163138255,0.012306688484934799,0.0013980177055616587,0.0016943603593972919,0.00019594089010743678,0.001643479001596046,0.009291014910939366,0.006768551005448415,0.005743108924749097
0.0007431405102364542,0.017657020328958623,0.007376765511700389,0.007333584569035275,0.028436259681191792,0.07747202888118575,0.0035528988393981834,0.007496063982241331,0.006565167574792058,0.002371751373482036,0.0027093771485109004,0.01258907674844696,0.0010169223634261667,0.004000016482376939,0.07626233387296134,0.013670513873608623,0.013461598817021655,0.033125271243859014,0.005923173110994529,0.01438364383966341,0.015866221988352212,0.00174750328877038,0.003725303656767768,0.0031314700758917333,0.010464218594271442,0.002686165238188102,0.005407495230376144,0.0006291463207756098,0.014964894782847224,0.017609965767415452,0.007347147887590706,0.03357237332546959,0.0077951457178493284,0.0008268171682057857,0.0010727365024351398,0.03182314546805285,0.01737286486156382,0.005205293494611258,0.0004972339917560268,0.003864678163138255,0.012306688484934799,0.0013980177055616587,0.0016943603593972919,0.00019594089010743678,0.001643479001596046,0.009291014910939366,0.006768551005448415,0.011388466931822983
0.0007478473074145774,0.01598834106287102,0.004624871177173611,0.006833649701673976,0.025205135365880475,0.04053197875397352,0.00386795390523257,0.007481296217301466,0.05160836062438656,0.0018797776418708963,0.00043202953758284695,0.01106594400261867,0.0011075951284888461,0.005852514718998143,0.01513807481343858,0.013531332421021185,0.0011853373475819119,0.03476814811786937,0.004625135913924213,0.02481115689172366,0.013734434588431533,0.005268296940124571,0.03549084228874502,0.004961376496096534,0.010389184408701757,0.02113592108542018,0.0038633912872805265,0.010552316349327477,0.01079090921886337,0.01859828618947524,0.007855654831270355,0.036898551978483025,0.0059485069253285006,0.0009477934878847803,0.0034390534099014037,0.11737807343457941,0.005739613716907977,0.013554280294228003,0.0006079631135877213,0.0034103001197537245,0.0024824151764938273,6.622045069287644e-05,0.0003825880017635662,0.062496432301553995,0.0009742408855476696,0.01448396322087734,0.006542009045632485,0.009008939495320249
0.12027728087698314,0.016193645916649825,0.02978102456012767,0.007178322109163843,0.001805171349066697,0.22512910732797797,0.011042889638464668,0.005767418113959904,0.00983944794863832,0.0019333158986498092,0.001811104024235371,0.00423129701068058,0.0003035902981909558,0.05609217378241148,0.039942924056910085,0.01301507162080116,0.014004558957916195,0.03302137635335581,0.005781176053894129,0.026205286732022097,0.018588509195608935,0.00473597681750888,0.0030579848113705494,0.0015309624022707882,0.00400215516477701,0.00045179888645130277,0.026256612016472163,0.01397682537360909,0.029730404972783564,0.01889698464160008,0.0035482110688431706,0.026841662653119568,0.057981607973032236,0.0006805930429992532,0.006814748862236295,0.025555976824759387,0.017701906555993432,0.004865542337637244,0.0005297746597528086,0.0035335622547369187,0.001434061113934484,0.001344732299754195,0.00011563864857863579,0.008946394554731887,0.0017165834038679584,0.009109813908280397,0.0025678450862213677,0.0025269879179439653
0.0008335683588249835,0.017552725576092405,0.0014392609856344087,0.009225101810094123,0.02659886188134205,0.053495749093296754,0.0028570619555640924,0.014521992030965509,0.0036210708845214024,0.0015099429015788305,0.007025584718367893,0.2030061574342397,0.0002907867706106546,0.05224627003060624,0.03760218333190512,0.012912293266292015,0.014121901905391625,0.033161401522470345,0.006016438739604937,0.13157082198312114,0.005243284519112754,0.004723425020715711,0.03969023347719931,0.005262695744491293,0.004029791701184534,0.0010907378196490305,0.0038386536887080797,0.007376193181463665,0.03078421349776366,0.03448572632448572,0.0075502311575257625,0.026469540157931605,0.02642461540281988,8.669097513893959e-05,0.0012148375215312928,0.02591705595604807,0.018529652736316966,0.005340759906528476,0.00046683168252061643,0.0010349717927324725,0.0019129375450070844,0.00036248426283798894,0.005696726103713823,0.06654560215762242,0.0011848283491497312,0.009611173772324863,0.00616970309642924,0.011448022731668507
0.009728992045997788,0.016193645916649825,0.0382251896598874,0.0060155001934698036,0.0030504580904972363,0.08101555288576859,0.0034427846853412832,0.0241273941578099,0.003379207892778897,0.0019571062081851767,0.0018948372590644079,0.0011498189719842062,0.0002664697945971533,0.10867281332440101,0.0003759527685693355,0.012658035629102164,0.0010865402694706892,0.03312957670673962,0.004609608316430726,0.02639508897229269,0.01409322631242621,0.0009969958684824141,0.003907179634746133,0.005355532667351047,0.003110852874266901,0.0009659961141700878,0.014180672556854929,0.000740293987173765,0.010342267800161106,0.046485569327207765,0.0036589401519572665,0.033134575336861274,0.005849907227951787,0.0006587475931195607,0.005098136303561709,0.024809967106401723,0.01826953249967139,0.005028169430333343,0.0005743880184606861,0.0040526394479394314,0.01456888244415112,0.0014130573640544672,0.001445188626456768,0.002142078678823378,0.0017430217972626834,0.015725334276851563,0.0014812815159658535,0.011298012598979501
3.7082693925827656e-05,0.017476994317319475,0.009659194702169815,0.006877774527172008,0.002891769956927694,0.03926713964953621,0.0032312684717838197,0.017010065887659298,0.05093829911081585,0.0027796082093650464,0.0024894697891509167,0.004032589815120296,0.0009626469992114381,0.004322254687298834,0.0009356661932913082,0.014173355052729413,0.014349512595901082,0.03330987017447351,0.00590464311127397,0.02456397192876021,0.05739755067389452,0.004644654276226255,0.003797689939520465,0.005337850702504209,0.0031760115189471702,0.0009426495556003065,0.004164168155417425,0.0006869868230582037,0.023978252129219793,0.018869722055377427,0.007510932060056503,0.0381191740566161,0.04378989375255957,0.011201882514126068,0.0011711368948219966,0.01641892236845481,0.019167988132877508,0.014441770008849419,0.0005690200211813075,0.004219212998622256,0.0004549967185289617,0.00021870394217524678,0.00033945005910470966,0.0004015434136949228,0.0017247707892086525,0.00930482872638096,0.002302628384251484,0.027966771440226766
0.0022005918912744744,0.024059353275412348,0.007745406077805774,0.013308275251134531,0.028145846309401115,0.03044642223767064,0.002417244067216327,0.007500204814380165,0.009882206163053546,0.001684642534124745,0.0024496842218542803,0.004078910831155176,0.00022499561157757062,0.16013528971827398,0.01306309991710297,0.01263653054773716,0.013613921897962665,0.03389240670424888,0.0058145281631344845,0.019304971556477257,0.015486761396712604,0.050376367734992954,0.048799134068482734,0.005132500344974559,0.01020567852945702,0.02549721792454114,0.0038665002588193944,0.00669542039182512,0.030085125993639612,0.014096037262624726,0.003063359361036752,0.026861882393894823,0.0017134390506808926,0.000768401338209197,0.002580731015371771,0.03203527072345567,0.016111752599233028,0.00508934402546505,0.0014035460441513257,0.0035966117645699664,0.0011996220255544332,0.00033937356035370746,0.0014343415016954866,0.0054423586372027615,0.0013873813836240353,0.009056086091780415,0.004504312938760029,0.024024384915484153
0.0022015440014890907,0.01598788181804253,0.004624871177173611,0.007792876832126004,0.02581247953024758,0.03343587728316707,0.03439596297295572,0.007261107785426498,0.0034820912734931393,0.002733871553085325,0.09690120593207231,0.01130771550887849,0.00015231440646737676,0.005994691861920032,0.013390775486679905,0.013525198287956688,0.001061196012943977,0.01336382254841603,0.004624474166102026,0.02514397620510293,0.014843632398602823,0.0006385675297755143,0.002860191270409721,0.001548246215649132,0.010682682786998472,0.0007168195787037503,0.0035626319977089334,0.010556224950748549,0.029344203176406212,0.014559418659680289,0.0034455518870068007,0.037776031625095415,0.0017815206700593721,0.0007766966104568994,0.0010017373824297484,0.031680389109162405,0.005735655058057492,0.00506681338096527,0.0009463006682488628,0.0030607137581458036,0.0006222855537504967,0.0014519208003738204,0.0013868743111872302,0.0699000213202409,0.0009969725831976207,0.009143654156632245,0.004265291743213259,0.010374409455612028
0.0023942936320591637,0.01762089248248543,0.03099788532138046,0.00725626435114734,0.0012018989333900504,0.08017234023777972,0.003411108792348544,0.007401598501621968,0.00949043907280565,0.001955470376000647,0.002709711399966464,0.004883282501161427,0.0009596277272946451,0.05387544643118936,0.030245820349234384,0.014093210060903732,0.013427780081548438,0.03315654748569668,0.006093569791575927,0.0318913271216972,0.017087584445823763,0.0009974746717525602,0.003035666308176769,0.005339712461601509,0.010170036945467201,0.0008876871597859862,0.000652527949783932,0.014540848476742994,0.030126111130537144,0.047390549787667116,0.007260679114917798,0.030820616561240223,0.031204195364409538,0.011204103195277912,0.0069045161002208024,0.03197600915980344,0.006170417694113092,0.022623073768983797,0.006324422105482709,0.004054898227755488,0.0015718649643983926,0.000276346058399715,0.00120280409129945,0.0016534752597152352,0.0017539811868339194,0.009880186233935278,0.0029727171011760833,0.010845299545619419
0.010722837328949752,0.01780711123899944,0.03398595936307097,0.013251547875417114,0.026599049213931185,0.1561111734273692,0.00011787039734006228,0.028211841683295737,0.004646736609989853,0.001393050701329779,0.0029303793890205006,0.031065170658564952,0.00022380019056297506,0.059486297089009106,0.04047239677543027,0.01294059344586322,0.012964511075843135,0.03312345507451209,0.00603135148145215,0.03172691400682886,0.015845307812326348,0.004755074000749715,0.0031693200124614344,0.0052863915897524835,0.010436128253135332,0.000880044108046635,0.024288249607285237,0.01372258647417424,0.18128940689351325,0.01919223857458505,0.003058503368519853,0.03982540028377047,0.026745732895078297,0.0011557182617143152,0.001211632099535084,0.028989790195759913,0.015158230879939161,0.018405544084574933,0.0005775186709899914,0.0038137281302539783,0.0012855263224845464,0.00033038420234545883,0.004692763338769804,0.005266766217245483,0.001614070132667373,0.016143432856946704,0.004516932240058491,0.024368317999778347
0.1172890358205196,0.01647552200707027,0.02975913165948962,0.0071464663862699325,0.02645677241799353,0.22512910732797797,0.010290942310154162,0.007441418507118165,0.009282085449203259,0.0019333158986498092,0.0027202498270712553,0.011188396357541998,0.0003035902981909558,0.055076102289861185,0.005176157570669488,0.012680767580865046,0.013464672800881861,0.03301986270332201,0.005781176053894129,0.026205286732022097,0.017203912951910663,0.00473597681750888,0.005022425990072858,0.0015309624022707882,0.00400215516477701,0.0004842145493695496,0.026256612016472163,0.01393890520381291,0.029730404972783564,0.01889698464160008,0.0035482110688431706,0.02670529598531323,0.027179439137348535,0.0006805930429992532,0.006646213697604951,0.02567500862439795,0.0177059770510568,0.004865542337637244,0.0005297746597528086,0.00385076602654963,0.001434061113934484,0.001345294488344848,0.00011563864857863579,0.008946394554731887,0.0017165834038679584,0.015008473604747587,0.0018113948039923293,0.009028096658909166
0.1150094140958878,0.007205460509380415,0.02633135540040917,0.01601551262914547,0.0022500599086411653,0.1570740940402935,0.0008741591582058809,0.025100111758452354,0.003327752005159776,0.0015415158962148521,0.0012440775620450673,0.012732335685653958,0.0010498038716650017,0.11344615870976202,0.04055131094419356,0.007967820702250428,0.0010157542307266502,0.033269691559426134,0.006031825260229419,0.0393791282446172,0.004031311033435651,0.012918975766433343,0.0029534718229197393,0.0018522567961735186,0.002858847432304859,0.021147671020198343,0.025212756377938524,0.014213760063648677,0.03132065260566315,0.04543968690017672,0.01242642073602537,0.026863010888014554,0.006726930732274377,0.000781904872063552,0.0012302592628635036,0.028940136587145834,0.016814531866480326,0.004881605559239691,0.0014395873276342,0.003535639853383439,0.0012702123580832089,0.0014165359916181743,0.0001249758808347107,0.002093304910089299,0.0011254763775290567,0.014979045933638808,0.005108822899223953,0.026970163486576892
0.0033633205670943233,0.017563205407763655,0.006896848324085509,0.007165209655004473,0.002855523728685765,0.23177240625431983,0.00024414793266265794,0.007608008110181922,0.009906524604765522,0.0017820574221428808,0.002538426558344508,0.004033338445032067,0.000972170983773487,0.05769257952476412,0.03773900376261337,0.012992177704102987,0.0016460071951762204,0.033131092394177525,0.00605071681611727,0.03972802994610203,0.01190141880164216,0.004835722730323744,0.0029004736235666638,0.0018894597447328253,0.0020237789125810623,0.026846943945957158,0.025999974619375428,0.010815957940231482,0.03063437781605213,0.013174076240080535,0.0034517401954242254,0.02658237881820228,0.025482627227743953,0.0008229207248805765,0.0012197028888030123,0.023007950479010594,0.01780506350275905,0.005075922988874672,0.0005184885763927607,0.003573772621847505,0.0019317560180553016,0.00028282950139993715,0.0001706905534539863,0.0014869209653323799,0.0016555363029135642,0.0015087415999737721,0.005654819527568869,0.01127996640351849
0.002253304475992192,0.017512958217566165,0.003937093672856119,0.007043650966030719,0.02603373436460625,0.08117348053582411,0.003134486222526457,0.0072295776067655285,0.001279549010139189,0.002394012218002761,0.003920345154050123,0.004867704020798669,0.0009081161400786053,0.0058719915866675375,0.07381841727190097,0.013637666834501426,0.00034021148426514316,0.03513574242839772,0.0059179594673965125,0.04010297406707919,0.01701225618112823,0.005286163133214505,0.03609292111642673,0.0010419120274334157,0.002058074987411683,0.001048109672525395,0.0008942622411357822,0.014452689641118944,0.030399471556273108,0.014326491734541766,0.002490187615485622,0.02657002907877893,0.006881136338694811,0.0011977903288973996,0.0008954101545478625,0.11693945395491886,0.017535940493721803,0.014063640399595418,0.0006260660757992204,0.004052352791095488,0.00141105673070362,0.0031456897163939694,0.0019702096726420927,0.061122932239198464,0.0017555568724910839,0.009297174059291449,0.004369393508732829,0.11436884752317451
0.13092568680811884,0.016193645916649825,0.09995796247156437,0.007798727511628215,0.0010149781694760267,0.0804470631480454,0.0034124204057245032,0.0241273941578099,0.0034207416037677777,0.0019571062081851767,0.001811104024235371,0.0011498189719842062,0.0010648508149299655,0.10867281332440101,0.0003759527685693355,0.015067128193994651,0.0010865402694706892,0.033132912966059365,0.00603634465897637,0.02639508897229269,0.01409322631242621,0.0009969958684824141,0.0029373742722604624,0.005355532667351047,0.002858847432304859,0.0009665025857286133,0.014180672556854929,0.009859579394616335,0.009061423656062655,0.046485569327207765,0.003801929995312009,0.03909141978119339,0.027123713388325216,0.0006805930429992532,0.0053120065900569505,0.03463733572934409,0.017691268044340874,0.00463812429021045,0.0005743880184606861,0.0040526394479394314,0.014368775213536363,0.0002724436909096082,0.001445188626456768,0.0013370597893822209,0.0017546363416955902,0.015099082830120715,0.0014812815159658535,0.011290165412557606
0.001517241163552801,0.018892705327022963,0.005233398110296168,0.0059918417143211885,0.000527565368952893,0.033569564724625314,0.003808503458038185,0.007416573336828859,0.011259887666481911,0.0026867932489536375,0.0015879550833987784,0.0016463169883535467,0.0009880270928237086,0.0057042359191683155,0.030273223897367446,0.007653634546243585,0.00020061141200253046,0.014246343229496453,0.005860002601393411,0.03745010696584074,0.005065526198618741,0.004205268229352525,0.0029142561956116415,0.0005454206735604652,0.01047305978846083,0.0006839470476474273,0.026325165154755997,0.010472231078617777,0.029732744422216312,0.013591963024843428,0.0027205755082335263,0.026561325038782557,0.004407734882354849,0.0008189350008481952,0.0010016771038035036,0.031919091271203265,0.0057340386202769265,0.005084883906177335,0.0006638717240251746,0.003535554059473875,0.001757345523153724,0.0002906756248301553,0.0013604282249872065,0.00016604673063974694,0.0016651119563883935,0.009032822668971582,0.002070761250977809,0.00903484171122868
0.0022005918912744744,0.018131824130136524,0.007745406077805774,0.013308275251134531,0.028260258943413656,0.03176046120559595,0.003424242267991971,0.007500204814380165,0.009882206163053546,0.0016742189934731942,0.0024570639658391394,0.004078910831155176,0.00019110399323857242,0.16248607919064872,0.012703022372753909,0.01263653054773716,0.0009551395239423355,0.03313418896884105,0.0058145281631344845,0.036249462488577466,0.013477896382930118,0.050376367734992954,0.048799134068482734,0.005132500344974559,0.01020567852945702,0.02549721792454114,0.005359583736939791,0.014873983517241264,0.030085125993639612,0.014096037262624726,0.0033528147320556908,0.026861882393894823,0.0017134390506808926,0.000768401338209197,0.004867264661310611,0.03197641009808732,0.006077790953867377,0.00508934402546505,0.001407851893304105,0.0035966117645699664,0.0012662150206200172,0.00033937356035370746,0.0014343415016954866,0.002140885488736399,0.0013873813836240353,0.00910593890058922,0.004315911690798586,0.011366566143479591
0.0021752981672363684,0.01598834106287102,0.09904683696989618,0.006829940218653519,0.0012321739484456346,0.040759043734078675,0.0031562661071812916,0.0270354261804437,0.05160836062438656,0.0027781337153633024,0.00043202953758284695,0.22389160351361614,0.0009868067782543067,0.005852514718998143,0.013202789594764858,0.01405857228473709,0.001155090635304268,0.03317301816558878,0.00464064179601948,0.02518691329421285,0.013734434588431533,0.0010664654568311193,0.03703508272305181,0.005035159356684962,0.010372584097230627,0.0007168195787037503,0.005907384271270532,0.012122398992066144,0.029343862931755792,0.01859828618947524,0.007855654831270355,0.036898551978483025,0.0059485069253285006,0.0008192203308079652,0.0010022298248594337,0.031952348253294474,0.00573537092807257,0.013499207948499462,0.0004236515303920698,0.0035520676549303755,0.0007029852499667867,0.00023007968140831958,8.186501593698673e-05,0.062496432301553995,0.0016619081417952816,0.014622562134913817,0.0019244026292874865,0.044320232226359516
0.010722837328949752,0.016206384592784718,0.036542755722768175,0.013442236658361213,0.028812177292669883,0.1561111734273692,0.00011787039734006228,0.02414751872529649,0.0034147027695643865,0.001393050701329779,0.0018543428235943482,0.0004218199560538788,0.0010051773780206516,0.059486297089009106,0.00015420368299740722,0.01294059344586322,0.01323588082700479,0.03312345507451209,0.006031594345175671,0.03157904053447502,0.01577132247419201,0.004755074000749715,0.0029387602065825144,0.005358936845214066,0.010499091926038318,0.0009686654488919767,0.024288249607285237,0.0040052064590917515,0.18128940689351325,0.01919223857458505,0.003063989716997381,0.03907563749646129,0.026745732895078297,0.0011557182617143152,0.001211632099535084,0.028989790195759913,0.01515544856595171,0.018405544084574933,0.0005775186709899914,0.0038137281302539783,0.0012855263224845464,0.00032845530602265195,0.0010340537432290985,0.005266766217245483,0.0016133408305369424,0.016129636745493812,0.004516932240058491,0.024860692506344227
0.0007483762845136956,0.017512958217566165,0.003503363973709624,0.007043650966030719,0.026441830655667874,0.08152865020615854,0.003134486222526457,0.007304591616161915,0.001002103183929539,0.0018765481519128638,0.003920345154050123,0.004867704020798669,0.0009040317813016561,0.006172051637569134,0.03913552555234607,0.013637666834501426,0.012527365406650871,0.035155743747821135,0.004657895071734153,0.0408491210788062,0.01383745128837106,0.0007409880939358939,0.03549383800174122,0.0010419120274334157,0.008901419248602715,0.021256700964299536,0.0013661781950259758,0.007122089481568885,0.009804281169052345,0.014326491734541766,0.002490187615485622,0.026582145064495934,0.027517749601215176,0.0006008054700137226,0.0034952259316796755,0.11781624122502463,0.006849260409509537,0.013554043972659725,0.0005783827864963558,0.003442143276841682,0.002619943651970902,0.0014531157454273867,3.309518590060732e-05,0.06250630859018447,0.0017548127621247957,0.009297174059291449,0.006503601082865349,0.11436884752317451
0.00012880900351404942,0.017630003223538058,0.0007581430794231167,0.006706645943558363,0.003979469795591038,0.038731682577369426,0.0018385907615564123,0.024636163958109313,0.0036737743054528977,0.0015135417777495368,0.0008687206151185289,0.2279065683189109,0.0009537639796908995,0.055881231993703165,0.037129359389018936,0.01308002299071332,0.014627437921417318,0.03313999846492262,0.004645583523499321,0.0492789898200944,0.06785126837938,0.004592279454617467,0.04186534955967712,0.0008287375043426874,0.003977806148955053,0.001103468507457312,0.024500048370404835,0.006387141018460054,0.02654382184182396,0.018904885765883752,0.002578902330361122,0.0037927158254393595,0.028990091849614832,0.0008792027428203139,0.003433557355597079,0.033443496678365985,0.017709796921827343,0.005724537463980823,0.0005088285552597588,0.003490798534119852,0.0002299704321384599,0.0003573180137662452,9.942767033739155e-05,0.0004373086826222202,0.03767354798071257,0.010024140349379743,0.005853628759968638,0.02472047822219009
0.11985764308416855,0.01614923190947234,0.02978102456012767,0.007162863809344317,0.0027858359636638193,0.031031654373791448,0.0008746949792026946,0.0007851210191771301,0.009736277823892126,0.0012198221792955387,0.0028482271884389967,0.01129929115055629,0.00030359403167196564,0.05609217378241148,0.05405864676503122,0.01301380848714071,0.014004558957916195,0.03298276229292875,0.006239520132142734,0.01522608916135883,0.03725556348473392,0.004754804669665245,0.0063218754178933495,0.005292496691038349,0.002940470050525055,0.00096254520812196,0.0056064151030654485,0.014131413458863037,0.029730536358958087,0.018880107335269045,0.0035482110688431706,0.03387864161286744,0.007590342977287974,0.0007070623881884002,0.0017297767250008143,0.025379894060901586,0.019029915016684475,0.008345567023560927,0.0005297746597528086,0.003399116901885424,0.001437372397303013,0.001344732299754195,0.0013244859648514139,0.020433811196380283,0.001716542683738469,0.01483551112960234,0.006884896634178588,0.009223169935704469
3.917223418634043e-05,0.015983028922330528,0.004624871177173611,0.007202965804499339,0.000856923694414561,0.02952659970611274,0.00040547161652816177,0.00748183498883968,0.003639403695001089,0.003917544734366696,0.0018212573462671616,0.0040511586321192354,0.0010656256301045015,0.007714991810114377,0.0404653920922237,0.012825259682755684,0.001233642310746355,0.03355288908510659,0.004624474166102026,0.025365263536581854,0.017634140597041114,0.005269162541791925,0.002860191270409721,0.00559411211225948,0.0105478855012135,0.00012809268330905176,0.0025079233810585706,0.011019363902556655,0.029066675622841105,0.04569794585034254,0.003547204321168489,0.02671942509190263,0.0020816934034517077,0.0007827565589039086,0.0009973942208882927,0.03168115900524576,0.005213321682793645,0.005057039074820665,0.0009463006682488628,0.0030465584914489774,0.0007076096042055722,6.622045069287644e-05,0.0017793545210203262,0.0072308990201554145,0.001720546683674386,0.014662441389651806,0.004272635464519335,0.011260728014755162
0.002250354981803919,0.019075582397384508,0.03039278791444185,0.005709019194126778,0.02681712107538393,0.08115707545625181,0.0003228140134660506,0.025819685727263487,0.004204330397093469,0.0016255992787452224,0.002679834361413453,0.006727388549555749,0.0002688595765757912,0.05581006891651399,0.04088161922273917,0.017909479265509294,0.0018629035124481529,0.033248063537281436,0.0058112670506738,0.02666854475633555,0.05959226560211196,0.0008267527473338212,0.05282295416389253,0.005339349072261956,0.00902460639778874,0.001161588126761176,0.0035632204623369974,0.005369765037529202,0.029844054420769324,0.019266579122029386,0.0028560171896260403,0.028308500564796477,0.007100339958676468,0.0007766529488379349,0.000895259267412413,0.15165440824211684,0.018213709877747272,0.01460189870411922,0.0006264722014755185,0.0035370102755508713,0.0016579735016745267,0.0013751717475867919,0.00014950112069647855,0.003955690116912451,0.0016542900022461548,0.013678095910630631,0.004034872924143434,0.010542366508385368
0.1209375508274328,0.016193645916649825,0.1005351346931345,0.007156084603316574,0.026448253631097984,0.15767921421430364,0.011162560393918945,0.02466114279733364,0.009718225115714295,0.0015415158962148521,0.001811104024235371,0.004119440545128089,0.0010161631054973646,0.002175867501713842,0.04055131094419356,0.01403653720542312,0.0008328665393437388,0.03313302058862062,0.0060262528685196765,0.02586746158527394,0.004031311033435651,0.004205075672733376,0.002954059929530834,0.000730846502722571,0.002858847432304859,0.00042766241292808884,0.005485431496768141,0.011045420964078616,0.013402370260470933,0.04553658563633169,0.0033817706204906702,0.026997336657700433,0.027705143725263365,0.0007826130781972221,0.0012302592628635036,0.03178972796231465,0.017701906555993432,0.004871317838575517,0.0006727013949814088,0.0035356873181036563,0.0012702123580832089,0.001416242563346909,0.00010290592082483493,0.003784141047835938,0.0016371210015178163,0.01499619557815683,0.0018144995776535504,0.008900533114329576
0.0033633205670943233,0.01756222818296964,0.006896848324085509,0.007139693005294021,0.002855523728685765,0.23177240625431983,0.0002461363311204324,0.007608008110181922,0.009906524604765522,0.001770560036637222,0.002538426558344508,0.004693772299744561,9.075788926991596e-06,0.05769257952476412,0.03773900376261337,0.012992177704102987,0.0016080394738971536,0.033129904142546074,0.006017143629415568,0.03972802994610203,0.01190141880164216,0.004737973804557899,0.0030799311805860905,0.0011554216020608077,0.014499820295657734,0.0010933485388158627,0.026296222147647978,0.010815957940231482,0.030654931255261548,0.013175749267860417,0.007448824130868189,0.026611458998845084,0.025482627227743953,0.0008227749743332317,0.0012220299222319205,0.023007950479010594,0.01780506350275905,0.005075922988874672,0.0005184885763927607,0.0042427777287004755,0.001931764153780331,0.00028282950139993715,0.0001706905534539863,0.0014869209653323799,0.0016555363029135642,0.0013411397337875428,0.003909943375156193,0.011454139986817746
0.0022005918912744744,0.018110333388199652,0.01378837155633484,0.013284083628167027,0.0023797577492721683,0.002064537608152556,0.000127551326946289,0.0056288706379570355,0.00400409947293669,0.0014139171901028493,0.002675946843203115,0.004743547985014507,3.867442966778073e-05,0.05949330876567952,0.040587771814038255,0.00801491221289443,0.00101845625890104,0.03325756283930653,0.00454629779420824,0.0263898663345116,0.015141551304721255,0.0007297672725690833,0.0030880837953445772,0.0011491571322577157,0.01431198304969293,1.9483008232713817e-05,0.014888177959935413,0.01422996087647313,0.030426574259869627,0.01915972060424422,0.007278245638794207,0.02726862786136707,0.00679118148337121,0.0007765367000491247,0.000890505790776877,0.025482833279555056,0.006630076180168101,0.00507735606739162,0.0014519461738883408,0.004204804218925395,0.0014300465783391324,0.0014525972473008386,0.00012523679328792735,0.002094509076241736,0.0011501224490024012,0.00913033970062526,0.030576842142548213,0.011455201973213569
0.12765757106616232,0.016193645916649825,0.1005351346931345,0.007636390952344988,0.02341977960492138,0.1570740940402935,0.011340817202936717,0.02466114279733364,0.0034207416037677777,0.0015415158962148521,0.0018255529821182624,0.004110356412857476,0.0002885476538826089,0.10865675524044241,0.04055131094419356,0.015067128193994651,0.0008531052811079503,0.03313319717352973,0.006036190460160123,0.026546434086599548,0.004031311033435651,0.00479160407515947,0.0029538022689256267,0.0007250872258210558,0.002858847432304859,0.0009638203795700423,0.025317409342202418,0.011012899468483548,0.010507968070289057,0.04542542519590488,0.003574582436445473,0.026863010888014554,0.02795979579269676,0.0007826130781972221,0.005172287182654811,0.03438794972433308,0.017701906555993432,0.004872908045536953,0.0006526363601064732,0.003535636836327253,0.0012702123580832089,0.0014189103356122587,0.00011635603433936536,0.0036926218534067776,0.0017072077630124526,0.014996132138900373,0.0018144995776535504,0.00904948796699398
0.12021349300848519,0.016193645916649825,0.02978102456012767,0.007178322109163843,0.02645585459492865,0.24237440530826385,0.011265611143085245,0.022589384235827147,0.00983944794863832,0.001990698397121651,0.001811104024235371,0.004353869443523806,0.0003035902981909558,0.05605779900690335,0.05238638336311892,0.01301507162080116,0.0012315616681662853,0.0331324016862673,0.03492456037846697,0.026204206007701666,0.018588509195608935,0.004805485953053844,0.002955445669944554,0.0015309624022707882,0.010093616863459049,0.00045179888645130277,0.025140954980805073,0.01393890520381291,0.029853452478596845,0.018603549221997095,0.0032985219266423796,0.026841662653119568,0.02714847543863894,0.0005386415992051737,0.006851659242052613,0.025555976824759387,0.017701906555993432,0.004871264985341974,0.0006745961072724306,0.0035335622547369187,0.0014450724699360783,0.001344732299754195,0.00010616088684385801,0.008946394554731887,0.0017165834038679584,0.015111151212686542,0.0018114629407323228,0.008902146398071152
0.12858909835489973,0.019050542300514305,0.03224937531091663,0.007228340945007055,0.0008466467022884123,0.042061410213180904,0.0032502225563026954,0.007411239088734768,0.009779610127909684,0.02268629552896846,0.0028259811689145607,0.004158186552979296,0.0009594276843958448,0.11504588165805592,0.04063729432368721,0.014086246973838656,0.01347175927615904,0.03315625739559012,0.005812422201675966,0.026412354516961514,0.016914722337222344,0.0047033472261481316,0.00304827405047524,0.0053762957804762345,0.010527475201785867,0.0009590472771248094,0.005399650757005164,0.014540848476742994,0.010343317162130532,0.013690862405028677,0.0027229642955859017,0.036569249118687204,0.0019596096758399684,0.0007902031772274156,0.00118400326841661,0.034380011473371275,0.005828755962751253,0.004882869301700815,0.0006407235118468607,0.0035356795575605267,0.0017549946027609494,0.0013914991479748008,0.0010767344374932226,0.002140885488736399,0.0017193454454118324,0.009093065051601328,0.0036026360166197774,0.00911862131839415
0.0047998495378183265,0.017942365658115016,0.029996697006394075,0.006068769287246383,0.0023138713840266255,0.1569125015931064,0.0032707995142042786,0.009429774774957727,0.009337477703179402,0.002503665885972327,0.03386955053005798,0.011901813976098425,0.0010496166647790237,0.05251696170129183,0.041021573431816456,0.014220643745280218,0.0006833406955530849,0.033246242445481716,0.006031752696876518,0.014781464304146518,0.05889463792851766,0.012769738613648596,0.003939721662577205,0.005336198736216944,0.0030257467658592837,0.0009660776300952549,0.005365353538051242,0.00048437652817028606,0.030077689522448964,0.019146211692319656,0.0037652715440729227,0.027069388162759413,0.007816917409550057,0.0006947871915137863,0.0022633197728795036,0.025142015697898215,0.006136356303036349,0.0048797870152935815,0.000440277780112828,0.0038798734777519047,0.013412474665925269,0.001372286356622972,0.0013909570162077974,0.003883244031853019,0.0013720865835305553,0.015692194183240502,0.006657937053681483,0.029365322737395932
8.661753961350903e-06,0.018892705327022963,0.005233398110296168,0.0059918417143211885,0.0008466467022884123,0.029589368632318407,0.0003511482283985979,0.007397072454516617,0.0034986224672662334,0.023928035616147654,0.0018074648830903206,0.004271680404143814,0.0010005065702847569,0.00561146974042546,0.030273223897367446,0.007653634546243585,0.0002248865581358228,0.014246343229496453,0.005817779626597837,0.03771714002145177,0.017760419627095365,0.004205268229352525,0.0029142561956116415,0.0012747676682462693,0.010471753883161372,0.00012281194598563305,0.025967867418826562,0.010461526949439262,0.030263168400857847,0.013798534119347974,0.0027205755082335263,0.007117259213139857,0.004441835648582371,0.0008189350008481952,0.0009973339422620479,0.03191861392589213,0.00521170524501308,0.0050850691205420965,0.0006638717240251746,0.003535556650940378,0.0018196569622130896,0.0002906756248301553,0.0017684538398145414,0.0021752249205703733,0.0016647332934608022,0.009050886594210108,0.0020955303006572326,0.011478604673563054
0.000834484575048644,0.018962080206596343,0.09943229262888612,0.07369998664714508,0.001149607126304398,0.02973501326737594,0.003207609305415277,0.025248793088275663,0.0031025322466984384,0.0016395400382111652,0.0022116706970078713,0.2260539848175731,0.001018959386169137,0.05580873612191798,0.04111574705917301,0.014084328759774509,0.0018032183311975803,0.03317829530244717,0.0058157215131959174,0.02652564715497613,0.01682143677699643,0.0009408644127852062,0.010761543212398392,0.005326752239088144,0.01066696949434182,4.347600536781543e-05,0.005932953202497598,0.012009210071023305,0.030087728047122255,0.010994077281064399,0.003384868847955403,0.027272936543654754,0.004231735313806592,0.0008279751661583835,0.001152878653317012,0.03212449546114257,0.0060249746713460185,0.004880620980506936,0.000980342919576908,0.003539473638320815,0.0016865739654800338,0.00023295892792567772,0.00010316938529835904,0.002140885488736399,0.0016559942346995563,0.015233681908362943,0.0035409082752791343,0.011438064946976077
0.0023942936320591637,0.01762089248248543,0.03099788532138046,0.00725626435114734,0.001284078981229009,0.03928681115625581,0.0033797816321709455,0.007401598501621968,0.00949043907280565,0.0014669259960005975,0.002709711399966464,0.004883282501161427,0.0009596277272946451,0.05387544643118936,0.030093157779658708,0.014093210060903732,0.013427780081548438,0.03315654748569668,0.006093569791575927,0.0318913271216972,0.017087584445823763,0.0008700244946718734,0.003035666308176769,0.005339712461601509,0.010273601968776004,2.7533732062263343e-05,0.000652527949783932,0.014540848476742994,0.030126111130537144,0.017558116907451994,0.007260679114917798,0.030820616561240223,0.0017865311771600694,0.011204103195277912,0.0069045161002208024,0.03197600915980344,0.006170417694113092,0.005201835816245736,0.006212328273201466,0.003851130654741682,0.0015718649643983926,0.00033304903647747325,0.0011240521818597924,0.001660531462414308,0.009524577197020389,0.010009647107315103,0.0029727171011760833,0.011449935189803782
0.002255857079121918,0.017657020328958623,0.007376765511700389,0.007333584569035275,0.027816711492374427,0.05826589990542075,0.0035421739624631695,0.007496063982241331,0.14221490188266211,0.0023947374876057623,0.0027093771485109004,0.00409085200145019,0.0010169223634261667,0.004000016482376939,0.07626233387296134,0.013670513873608623,0.013461598817021655,0.033125271243859014,0.006077640652135565,0.01438364383966341,0.015866221988352212,0.00174750328877038,0.05053077776285779,0.0005930300370552608,0.010464218594271442,0.002686165238188102,0.1878070970772755,0.0006291463207756098,0.014966001786950754,0.017555920254282292,0.007347147887590706,0.03357237332546959,0.0077951457178493284,0.0008257301958940269,0.001459823728285866,0.03182314546805285,0.01737286486156382,0.0052045928291649685,0.006248295095083645,0.004374599350608465,0.0008841656037913148,0.0013980177055616587,0.0016943603593972919,0.00019594089010743678,0.001592085326541307,0.010022280020063506,0.006768551005448415,0.011224499610114774
0.0022250620282852542,0.016015229179629782,0.0989931046931772,0.013572413789307255,0.0008889636226762244,0.029370824616090637,0.0028975276676351915,0.007303636926170051,0.0030282517581935934,0.001958390195434541,0.0022184632102307525,0.1027955393512286,0.00014626384550889986,0.05571162982659717,0.043612677060222,0.01352666957587539,9.097353197453099e-05,0.033194484375406313,0.006087570620205661,0.036187781273613745,0.016244720269264386,0.0021346212429985685,0.0027462891102176543,0.0053245753612677325,0.0016024691317464215,0.004318899971420155,0.002315583515283353,0.009952247739834521,0.031217512619845754,0.018910079003724267,0.0034078357467763683,0.034228939917238126,0.0043578699432080675,0.0006898581884456717,0.0011221600380568022,0.03937331295436277,0.01628240017558596,0.004420657810490902,0.001294852908685304,0.003530202504086546,0.02385864336533847,0.001333233418322364,0.0013810327653338108,0.0021326834120375254,0.0016419641542215328,0.015180500519180889,0.0021270968365232597,0.010399057470534202
0.0010688837896263396,0.08301689859207824,0.06804655388065173,0.01427113990296386,0.026599049213931185,0.10489763204014121,0.0024603911008193864,0.02794742860489879,0.004656088483982999,0.0014983582992925285,0.002901957962289991,0.004095103447346339,0.00022380019056297506,0.05609160191717026,0.03829773674947752,0.01497883316232876,0.013373900737147212,0.03388400686544891,0.006014164361071759,0.01904214329361066,0.01555982428291865,0.0046982800256101034,0.0027574099085329075,0.0052863915897524835,0.010287885338466847,0.0006492550832026701,0.0038667053161624268,0.006295704039077906,0.18274385008325977,0.01830154899163792,0.003058503368519853,0.03982540028377047,0.007388117240325596,0.0016644805747644386,0.0025243157402165374,0.03934451868665364,0.0161985731297577,0.018564053884585183,0.0005771110134772286,0.028718869267070242,0.005272774339070025,0.0013733041279944548,0.004692763338769804,0.005439046614775862,0.001614070132667373,0.01606423815274753,0.004516932240058491,0.024368317999778347
7.922476087669902e-05,0.016116475711008566,0.030615331168755706,0.005607607027147473,0.0023775898529613156,0.10733023495456359,0.002404383174192376,0.028001610720293228,0.009393001898476507,0.0011296321686477173,0.001626644560409029,0.0024089931620487224,0.00026857535390286427,0.0058793913935156795,0.04059528549555553,0.014756338314286563,0.001207768285986106,0.033248063537281436,0.004577102278125466,0.02562195141618865,0.018180543951787084,0.0008267527473338212,0.05282295416389253,0.005440892362681169,0.008958379327943258,0.0021197009047213503,0.001996510744031058,0.005551763468833112,0.029829807466866833,0.018525953467764915,0.0032477882205065776,0.02831493248982703,0.007163421573923183,0.0007766824505964694,0.0008881787573479681,0.02571310011918099,0.0058348436466642796,0.018341576522954935,0.0006303513907707974,0.003530637571603296,0.0019401185618471827,0.0014488498312856962,0.00014950112069647855,0.003955690116912451,0.0016500860700118915,0.009281172685912603,0.0037056422913705808,0.010589881071082484
0.002250354981803919,0.016116475711008566,0.030569881769675886,0.005720775929681016,0.0022760005992095954,0.011899441469357647,0.0003228140134660506,0.007236882237013208,0.00981008455468987,0.0011248579111015013,0.002679834361413453,0.004181094772451391,0.00026857535390286427,0.05558441438249968,0.040587771814038255,0.017909479265509294,0.0011520582047725037,0.033248063537281436,0.004577102278125466,0.014542689899650876,0.05959226560211196,0.0008267527473338212,0.05282295416389253,0.005440892362681169,0.00902460639778874,0.0011231266812635771,0.0035632204623369974,0.005369765037529202,0.029844054420769324,0.019158180926678304,0.004763270945969343,0.02673832022384443,0.007100339958676468,0.0007766824505964694,0.0008881787573479681,0.14996993711330475,0.018213709877747272,0.00508022388230478,0.0006264722014755185,0.0035370102755508713,0.0016579735016745267,0.0014481044146282128,0.00014950112069647855,0.003955690116912451,0.0017407041764974066,0.013453787894706255,0.004023591958223631,0.010542366508385368
0.0008331928517607556,0.016191997169288118,0.007031925586967736,0.0077919047555312475,0.00287436539421741,0.031567983695294344,0.002705204561116705,0.007608008110181922,0.009906524604765522,0.001765049570101299,0.002532674312494254,0.1889214032145733,0.0009412496286374417,0.005380482363912049,0.03713958258127583,0.012991481437094379,0.001194447534723501,0.033119113826887495,0.006034932227385115,0.039656966510157224,0.01448882081185001,0.0047382574274663644,0.0030560633741167293,0.0008040679832937816,0.004121600274536426,0.0007198970493502496,0.026296222147647978,0.010564164175715693,0.026101276989348575,0.01029347605824499,0.00785859038445109,0.02698713959981525,0.025619500035809793,0.0008139615095711348,0.0009958153445544496,0.023007950479010594,0.005293804033871555,0.0050730328435523424,0.0009450818490480378,0.0015571083623144386,0.0007138843039802722,0.0002856719266554215,0.0001706905534539863,0.0024416665526775395,0.0016382820532158712,0.0146094285013355,0.00625841607007831,0.011456202431902401
0.001739784980875915,0.018918410119373442,0.031124806931471426,0.005852574686097517,0.0007991083499270348,0.05928703935656548,0.0032042982048230617,0.007372157231859972,0.14594736761050342,0.004001996317391669,0.002633423325038942,0.004114429657406595,0.0010110817553620121,0.00144508246471821,0.029454550574469718,0.013508120353907659,0.01442522725397335,0.014224589300917292,0.005860914186385538,0.031746775947055,0.011340260538300496,0.005267527454863339,0.05097469156849101,0.0006128971921633215,0.009190052107906415,0.0258778070776145,0.003069308292956832,0.0018176353394991698,0.03406378210204062,0.018957042170417004,0.0027186202338496737,0.026619923976846475,0.025189164892799633,0.0007813344209666335,0.007102215453448184,0.032006374020350524,0.00570428941958752,0.0051401452696045406,0.006069217199599134,0.004373161521728149,0.001267619610155475,0.00034468313745782684,0.0014343316288379215,0.0028004803805912887,0.009563146093663996,0.010051465882176076,0.004283080697393838,0.011604917994715356
0.0023942936320591637,0.01762089248248543,0.030478489508951073,0.00725626435114734,0.001284078981229009,0.028903080078980667,0.0033797816321709455,0.0073922259272738685,0.00949043907280565,0.0020370894787815905,0.0017087214471019642,0.0015454025298270052,0.0009596277272946451,0.05465678856832563,0.029072690362929445,0.013005975255907406,0.013427780081548438,0.03315654748569668,0.005780171179337374,0.03195895878951668,0.017180215981635175,0.0008812313731068911,0.002934482009177277,0.005339712461601509,0.010273601968776004,2.7533732062263343e-05,0.000652527949783932,0.014636220933752431,0.030127712026421453,0.017558116907451994,0.003141036496825207,0.026778163365269465,0.006371349773377385,0.0006408379598623545,0.0069045161002208024,0.03197600915980344,0.006170417694113092,0.005201835816245736,0.0005565953655380794,0.003851130654741682,0.0015718649643983926,0.00035745928379190916,0.0011240521818597924,0.0015661215413393464,0.009447659279199879,0.010009647107315103,0.0029727171011760833,0.011449935189803782
0.00631497297123651,0.016193645916649825,0.03047533176523582,0.007114452826960559,0.0005098004924337166,0.22025096178517223,0.01072669418657006,0.02461095323338816,0.0006478576950692313,0.0019571135176689315,0.0017891499188708985,0.004030974512981869,0.0001436390687457146,0.10858499953928073,0.0019023388116900554,0.01301507162080116,0.00122656599781866,0.03302137635335581,0.006033342851778937,0.026408497266877027,0.014086532684766338,0.0012669602756697758,0.002941043487111702,0.001537280005034139,0.0028591953325090244,0.05837478192231341,0.014469768867155324,0.08303446592566104,0.030087391409918424,0.045223071718502636,0.003550150855776619,0.026862873907904514,0.027281126564584493,0.0006805930429992532,0.005276966316462518,0.04201963111580596,0.017400690549661344,0.004871535758696667,0.0006739471393075301,0.004053798245585556,0.001434061113934484,0.0011971014180812744,0.00012392533861522255,0.000986119423845624,0.0017165834038679584,0.009516017471537809,0.03201174211074005,0.008901546317407166
0.13119591723379212,0.019065362827270838,0.03395638652604747,0.006091478184837041,0.026956250321940302,0.08150931394494676,0.0032099897812974862,0.025248793088275663,0.0038749878622666265,0.0016395400382111652,0.002456663692627532,0.22233831005763252,0.0010693253077037742,0.05580331107013148,0.036582092545023676,0.014103682304085968,0.0017947552344659708,0.03324149431606329,0.0058156786958089325,0.02654631246206012,0.01682143677699643,0.0010404589644808075,0.010923723443456514,0.0013557010925390038,0.01066696949434182,4.347600536781543e-05,0.005932953202497598,0.014856801004387386,0.01498623994420345,0.010899028228669418,0.002741441845203834,0.06460160054162008,0.006689965619791122,0.0008186951853935729,0.002186893403614533,0.03213378103137505,0.0060249746713460185,0.014993800335221382,0.0010897357636067031,0.008787354642657891,0.001763877465263559,0.00025641319601753677,0.00010316938529835904,0.0018681785483517027,0.0016559942346995563,0.009718706324812122,0.0037177110586488326,0.011438064946976077
0.0022005918912744744,0.018111310612993668,0.026019718888080145,0.01585582969194633,0.0023797577492721683,0.00119180933675396,0.0001255629284611327,0.0017838362862409851,0.00400409947293669,0.0014254145756085082,0.002675946843203115,0.20490544495166965,0.0009509469890493099,0.05949330876567952,0.040587771814038255,0.00801491221289443,0.0010564239801784598,0.03325875109093799,0.006127648938894022,0.03932113337925007,0.015141551304721255,0.0008267527473338212,0.00290862623832515,0.0018500781166560694,0.0017643348474443302,0.022975707116150736,0.014591930431310034,0.01422996087647313,0.03040602082066021,0.01915804757646416,0.0032811616873060965,0.02723954768072427,0.0065611152785701125,0.0007819048160677931,0.0008778737627253752,0.025511054182795465,0.016849665305735895,0.00507735606739162,0.0014519461738883408,0.0035357634086851564,0.0014300384426141027,0.0015395891150542028,0.00012523679328792735,0.002094509076241736,0.00113049954627097,0.009296798671096227,0.03231372418676154,0.011281028389914313
0.11548371571940429,0.007205460509380415,0.03353781240452423,0.010677503757679023,0.003984503762407849,0.1570740940402935,0.0008741591582058809,0.02466114279733364,0.0033350562404002413,0.0015415158962148521,0.0012833529281784102,0.004357738946751881,0.0010498038716650017,0.11444313804370532,0.04055131094419356,0.012943092832804884,0.0010157542307266502,0.03313320240949608,0.006031917396757891,0.03933024345531328,0.004031311033435651,0.013380498674445044,0.0029538022689256267,0.0007882603460814827,0.002858847432304859,0.0009638203795700423,0.025212756377938524,0.011026783217141569,0.0671984083354213,0.04542542519590488,0.01242642073602537,0.026863010888014554,0.028376077647500653,0.0007818884716689717,0.0012302592628635036,0.02872778258873076,0.0021925380857790965,0.004871317838575517,0.0006525183390408603,0.003535636836327253,0.0012702123580832089,0.0008948400431322309,0.00011653953802750994,0.0036782111162486906,0.0017165834038679584,0.014979045933638808,0.006801740240965427,0.010436843475518208
0.00650667109380443,0.016242486883868406,0.011278942095726722,0.005868393381306988,0.0008498427491587296,0.03156713566064179,0.0032135689622108175,0.007419098702841782,0.011731264735243968,0.022675838902690516,0.0007115105640194975,0.004689707960812603,0.0003035902981909558,0.001386540522346218,0.011281673303625285,0.014145947112463487,0.014535552422635418,0.006973983521229925,0.0058172983260888975,0.047548303034128554,0.014637484902383879,0.0047383054886066915,0.003141983745188177,0.0008796186207166439,0.003970572226093984,0.0005783617086768823,0.004109589518372702,0.010082310369877542,0.024184320886519874,0.013755895991518323,0.002721421054657159,0.02720876145685444,0.003729232966051283,0.001743953484685627,0.0011875968607168057,0.017942099834829695,0.005202291572699331,0.0015964273875473099,0.0009562084711203195,0.003503565233923571,0.0010402502196352635,0.000269964033985473,0.0001502562628147541,0.001299765649512279,0.0017161411952451378,0.014943086730159476,0.005166538005407604,0.009164242894488032
0.00043901708985428123,0.018946738602762227,0.034959617821251565,0.006095011866864526,0.0008466467022884123,0.0835128544460009,0.0031927520934482154,0.006851531291404022,0.011392402598008429,0.022440131957915273,0.0006508760845075259,0.00825170862653514,0.0009588455390599627,0.05391556146748219,0.030093157779658708,0.014103682304085968,0.0017275401441185284,0.033193249020296245,0.005921377761502915,0.020357170431671075,0.014615151177569542,0.004691471004533448,0.0030370484041530414,0.005326982075777542,0.010669953644575155,0.001227705268233732,0.005924901274053159,0.013349861195084843,0.023376873022767777,0.013798534119347974,0.0027205755082335263,0.026916742278963058,0.004363885276520139,0.0008186951853935729,0.0011814701414267026,0.03191659923440273,0.006021286922636202,0.0050843353805014365,0.0005055290151615919,0.003614611111488234,0.0011600687922011445,0.00023597360762336444,0.0011145086069990072,0.0018511746888316353,0.0016635601598463377,0.009719593000252633,0.005213665607808707,0.011400564898562593
0.000834484575048644,0.009021805355722223,0.09943229262888612,0.07369998664714508,0.001149607126304398,0.02973501326737594,0.003207609305415277,0.011298598653397149,0.0031025322466984384,0.0016395400382111652,0.0022116706970078713,0.012450479084667426,0.001018959386169137,0.05580873612191798,0.04111574705917301,0.014084328759774509,0.0018032183311975803,0.033123051674150326,0.0058157215131959174,0.02652564715497613,0.01682143677699643,0.0011679535605967043,0.01095707236158459,0.005326752239088144,0.010599873407224104,4.347600536781543e-05,0.005932953202497598,0.011976823090195435,0.030087728047122255,0.017912359555268324,0.003384868847955403,0.027272936543654754,0.004231735313806592,0.0006813361884967707,0.001152878653317012,0.03212449546114257,0.00592449098122889,0.004985065226689289,0.000980342919576908,0.003539473638320815,0.0016865739654800338,0.00015102878605764637,0.001403241060446844,0.002140885488736399,0.0016559942346995563,0.014984394674820128,0.0035409082752791343,0.011438064946976077
0.0018035917560273104,0.016191636030917833,0.02978102456012767,0.00715944029080419,0.02645677241799353,0.05101501670165465,0.010154989522245701,0.007709476021655261,0.00983944794863832,0.001933723153495029,0.002247506823842358,0.011185771787301395,0.0003035902981909558,0.05609217378241148,0.05200881443943122,0.01301507162080116,0.014004558957916195,0.03302137635335581,0.005781176053894129,0.12910096629358503,0.2079101323558079,0.00473597681750888,0.039917902423774895,0.0015309624022707882,0.00400215516477701,0.00045179888645130277,0.004610815173523108,0.01393890520381291,0.030718329055402154,0.01889698464160008,0.0033141737078085723,0.026841662653119568,0.027290572197252738,0.0006546183715689584,0.006814748862236295,0.025555976824759387,0.017701906555993432,0.004865542337637244,0.0004896182766919193,0.0035335622547369187,0.0014295720296912868,0.0013441939008485436,0.00011563864857863579,0.004769999853020977,0.0017165834038679584,0.01499491554202479,0.0018113948039923293,0.009083563762391098
0.001652923066835607,0.018716218825598065,0.031124806931471426,0.01333739739935655,0.0013288366019360257,0.05843843934378045,0.0038546323271406377,0.007372157231859972,0.14926145082207398,0.0013933928007811272,0.0027054191200267725,0.0041119245641879345,0.0010110817553620121,0.0016081158446855724,0.013040403157631707,0.01411854672039198,0.013610836336393461,0.03323465834998583,0.0058572646611572896,0.03290182745743177,0.011306725193414632,0.005267527454863339,0.05097469156849101,0.0005826207994286924,0.00922116474217773,0.0002990997753874649,0.18899654789191872,0.010992719772095767,0.03406378210204062,0.018733134710466552,0.003734042537571018,0.03078915861806298,0.02550421692184939,0.0007813344209666335,0.00674890016401293,0.032001972922109226,0.00570428941958752,0.005085869342310157,0.0009291176558330889,0.004373161521728149,0.0012676822570768158,0.00034434147610098607,0.0014130101102433719,0.002842105246976055,0.0015483477243070547,0.010051465882176076,0.004406511816816316,0.011604917994715356
1.8490885921315075e-05,0.01580105611976304,0.033147006321400246,0.013084861128773896,0.0030751576073952073,0.03802616442234404,0.0008902483434535537,0.007626412117143594,0.0027941048088822463,0.001475827473222519,0.00274753849140107,0.02717790564731122,0.0010174357690628027,0.060085871002727664,0.04521798803741708,0.012962664237387064,0.013555458347099848,0.03394293533993509,0.005813269457812772,0.015195396441190352,0.014002951981250747,0.0047084134507616665,0.0592979701960589,0.005338271840149658,0.004120366381566704,0.0018337485726814193,0.005401276973287375,0.009822132021721037,0.023551846199950353,0.013798513410610096,0.003362864698339763,0.026861485664722747,0.0018100146907426983,0.0006857392780403469,0.001122745021862571,0.031948674351761186,0.017670491627472966,0.004730411995061275,0.0005381662671499308,0.0035041600532097327,0.0010440486933450482,0.00023262370776390407,0.001875681934808724,0.002127974603494234,0.00166227642033992,0.010062333764629082,0.0018835317700308203,0.024772172555980944
0.006111313654623245,0.019065362827270838,0.00875597067450761,0.007230588161505131,0.028433069924975168,0.0774812085390246,0.003551090362717718,0.006504376795183066,0.004029200091546269,0.02230787841124885,0.0028231845643785372,0.25207103243444867,0.0009638613025844263,0.058926662157821136,0.035677670781796136,0.014085122604002446,0.013467972309431935,0.03324328439425634,0.005816254675275266,0.026400758767177953,0.01682021018297242,0.000979081816484203,0.003743306351811526,0.0030971728442389106,0.0105131851183162,0.0025906388188021846,0.005398430473086915,0.0012475676037366455,0.014965293901599926,0.010807560868683945,0.002722569725254908,0.06671558428968975,0.0018334940074870242,0.0008188016027857673,0.001138650676285297,0.03198995061141365,0.005831841343078273,0.00487583871820625,0.0011082278995768618,0.0035139209155043353,0.012009651185545683,0.0014194586559733518,0.001719230032302319,0.00020593399074671996,0.00165607079518459,0.009255521815023943,0.0036021017655291994,0.009130409573175095
