ADANIENT.NS,ADANIPORTS.NS,APOLLOHOSP.NS,ASIANPAINT.NS,AXISBANK.NS,BAJAJ-AUTO.NS,BAJAJFINSV.NS,BAJFINANCE.NS,BHARTIARTL.NS,BPCL.NS,BRITANNIA.NS,CIPLA.NS,COALINDIA.NS,DIVISLAB.NS,DRREDDY.NS,EICHERMOT.NS,GRASIM.NS,HCLTECH.NS,HDFCBANK.NS,HDFCLIFE.NS,HEROMOTOCO.NS,HINDALCO.NS,HINDUNILVR.NS,ICICIBANK.NS,INDUSINDBK.NS,INFY.NS,ITC.NS,JSWSTEEL.NS,KOTAKBANK.NS,LT.NS,M&M.NS,MARUTI.NS,NESTLEIND.NS,NTPC.NS,ONGC.NS,POWERGRID.NS,RELIANCE.NS,SBILIFE.NS,SBIN.NS,SHRIRAMFIN.NS,SUNPHARMA.NS,TATACONSUM.NS,TATASTEEL.NS,TCS.NS,TECHM.NS,TITAN.NS,ULTRACEMCO.NS,WIPRO.NS
0.0015133004188690256,0.01726619709566352,0.0012812538994380301,0.008780513812355168,0.0009582744669926872,0.026749722257151595,0.0034654424627851826,0.009081823081322455,0.010562089157816902,0.0009178833986495113,0.013471216873470733,0.00406699645587691,0.00029221790896147054,0.03079019328087351,0.03540002533429134,0.01443400409183047,0.0027893960567364263,0.0333991792511995,0.0010877283380186765,0.08201213620474504,0.008774414197495875,0.004738495810005372,0.019328263013829335,0.004762947114585777,0.003964280342596494,0.016649380437710682,0.005634423606904085,0.14402634238954226,0.013021077818455476,0.004262766729581192,0.008010767123943533,0.012918714292228043,0.004584301146107443,0.059960445135328916,0.004605775576437873,0.10012179064276581,0.016101137138521217,0.005477086866167847,0.0006284220848951218,0.053365646928962666,0.005839012812857668,0.005046313550851129,0.004546593136417356,0.004165673661566978,0.001470837286342263,0.007832997501169971,0.005434884679332535,0.16527088367369408
9.274334140467266e-05,0.0011193920464266822,0.001207255002673271,0.008681821919999699,0.000505162052195095,0.026543456043435033,0.003318934838362189,0.0004982633169738192,0.010092449903265254,4.571972327961413e-06,0.0013187231589480149,0.005195727405581452,0.008310254572724437,0.03102236714955521,0.03730242536773335,0.025107402584791935,0.007949705345689685,0.016852280211923316,0.005944782020779022,0.05629942998684705,0.013042317191682452,0.004715959193265182,0.017265057051360652,0.005255126389888292,0.001998699817103217,0.017089078345606037,0.00901061790737274,0.010517042220957886,0.0012806417375228751,0.0037044205099918503,0.007364606381005576,0.0006116610598823186,0.004090589434970401,0.0007126624316047107,0.003308081710284736,0.023790652688474398,0.016118346402219527,0.005463713904106435,0.000777428345760679,0.002141913065031291,0.006330864943608559,0.0006027023583580989,0.004936985649467094,0.0036215149973589053,0.0016456881850498886,0.0003540625348098505,0.005632143416347382,0.022593406016239874
9.648618406424845e-05,0.015350028602420702,0.0011989026912607894,0.00868169644892469,0.0005051591720298885,0.027746709533315813,0.0033246004908628274,0.00863930702043675,0.009946774773745523,5.20885241114599e-06,0.0018708780457968657,0.005213773565230532,0.000302731743991254,0.028629490317946003,0.03734857539330862,0.0024346319649063038,0.0024444238675523384,0.03298259779398137,0.005947107289213661,0.053233089353667586,0.012993713756080504,0.004709259851058308,0.016575468341420336,0.005256285495621625,0.0020038795456548183,0.017086244825430322,0.00504291369855763,0.008892387710495534,0.0012894488799511626,0.002638321313801524,0.007353808605681346,0.03314946286514759,0.0075289438300844965,0.0014690618353152534,0.004663068278004855,0.022758164715330858,0.016135746730904333,0.0054689714377063004,0.0007635891608933023,0.0020545663652943233,0.00550636406826387,0.0005135795527093996,0.005271605256868532,0.0038857722070458466,0.0015490127014760357,0.0001923165098377999,0.005080369554024735,0.00481927726407814
0.0015148048822401874,0.017819055867983477,0.002140461296076611,0.008121057913040033,0.0009663383945793991,0.029770767502492225,0.14253774514023054,0.008996903525380141,0.0037538769372506883,4.037306013064836e-05,4.821978769083265e-05,0.003706575960825402,0.0002309281379847176,0.02958526823806387,0.03549504226262744,0.002255933756895501,0.002995006163174877,0.033120912109332795,0.006745211923587907,0.0616102277653395,0.015544028672563794,0.005295147642856002,0.017727675389347726,0.005256991785168657,0.00363273988719744,0.01568915400009969,0.0004991758159748529,0.005736186287291542,0.03091681955704733,0.0034621187546573454,0.005798121072047418,0.021675221390917584,0.0065600586603004165,0.00012600614901734806,0.0011135092383318351,0.09425156346989053,0.016210569397823518,0.018968956675376934,0.0005977389255434374,0.0022281831925712614,0.006027308489256691,0.00075161955257856,0.0007773172334185626,0.0012958753288523557,0.1473867864826422,6.868758312670448e-05,0.008177974541684684,0.16897401440031667
0.0014969166835406326,0.01735913560572674,0.005004020240729256,0.014404568972499046,0.0008920534197187713,0.029745207366908184,0.14029121437395828,0.002591204187493293,0.0030344793304698716,0.0001438758521881548,0.003744971202447704,0.035545765053969516,0.00015103545378542373,0.015291245616986186,0.03538358747860641,0.002255933756895501,0.015018969041047207,0.03311804269728375,0.00269656580373303,0.08441173703824259,0.00909183503578311,0.005295432790229683,0.05141613020673376,0.005331089470690739,0.004007376581967106,0.016916891533468793,0.0008082328374833126,0.011778022299829986,0.03087771298396429,0.00195506489383721,0.03676209231135379,0.013559585790649389,0.006604364878773451,0.014718098390635486,0.004605633442957072,0.1018201612830688,0.018930999633089255,0.005262756881447168,0.0011678594192702013,0.0018931933846133438,0.0059355624269990795,0.0007407666887296171,0.0005271199878320435,0.0012969011558680121,0.0012245935581363403,0.008608156713880594,0.008299523180993126,0.16525637500093157
0.0008308822118304603,0.017295778926439565,0.0013048582967159126,0.008906044136843124,3.7927567876644246e-05,0.026568525397679656,0.0031463894822022706,0.011061432990883467,0.009917773021785687,3.246843463650422e-05,0.0027382437098309722,0.0009662589877509336,0.00028137115429178756,0.028913711534886213,0.11487255575127867,0.032701811879713126,0.0027754127953603927,0.013922605473180848,0.006002476379193006,0.03184048429917468,0.013272561307562882,0.0046505911272193765,0.03976633067516529,0.005257345507128903,0.004146176820241174,0.0120694024560434,0.0045711312515070894,0.01057808668991113,0.0017842154032175757,0.0037262356471096996,0.007233936424582649,0.005458328529510354,0.004099668252572926,0.0008306130499914422,0.0017636406365643272,0.022617272265766483,0.015720830782499737,0.01891917694024806,0.0007377997296908447,0.0022642474328865244,0.006356164661949204,0.0012578580532456684,0.0007986050795335192,0.003737117885560729,0.0012599594301078364,0.007627970819449373,0.005489988497150803,0.011423770055212017
0.0014985457474910961,0.017835783646791753,0.0011586306836713195,0.008075625849443524,0.0009790287627289861,0.029713794197805465,0.1343940128941918,0.009112742285660565,0.0030344793304698716,9.771508501420909e-05,5.3939590505355794e-05,0.003737661376993775,0.00015055516392523122,0.030082848066657696,0.03823852354663599,0.002255933756895501,0.0029841727513340334,0.03312065812919311,0.00269656580373303,0.06160206276808023,0.015544028672563794,0.005302921264796649,0.05141613020673376,0.005331089470690739,0.011150241531737996,0.025414988482691567,0.0006032945887060794,0.013877624349606987,0.002274008086336399,0.0026318855779720795,0.03480372900868388,0.030077531532170666,0.006585401249785315,0.000501222666401133,0.004644442607449016,0.1018201612830688,0.01893640418320249,0.0049830801553385935,0.0019669573896841765,0.0018190480261116068,0.005841482052987368,0.0005404772827955035,0.0005064286632880108,0.0012969011558680121,0.0012245740928417896,6.998700789139357e-05,0.008177974541684684,0.18821704617103746
0.0008619088936839182,0.03484735004130352,0.004428523848219168,0.014025692844890705,0.005700891736658548,0.027023057253965303,0.0010284860992879111,0.009059187094193613,0.03594628772286526,0.002075190766968797,0.0028938478352312923,0.004552387629562853,0.00028516525002288264,0.05634497265258556,0.031418929608537496,0.02538749989020557,0.01425679754917186,0.03305124668205382,0.0005793355240456479,0.14435378786561348,0.11160943965633344,0.004733263626414087,0.05184295918489433,0.05355927819822289,0.010999919404794205,0.017027397906501852,0.02392529429875084,0.005542229336529855,0.030177811611591897,0.020272515464265395,0.0032734052874250808,0.03739902690237639,0.006973994038053438,6.534644753006268e-05,0.0015727346096312102,0.09291286743013676,0.017573333836503648,0.001311850121613768,0.0012026776589918995,0.008564732896265467,0.0052669587745012994,0.0013427162654975834,0.017278328226651814,0.0036371459164393095,0.001484675421315259,0.0010221567975926822,0.007819398599116397,0.011824149868816844
0.00026600978966551505,0.016775412032993358,0.001204581256956892,0.01441866562414954,0.0008767945005838343,0.026469200843060578,0.14029121437395828,0.002451670507164406,0.0031107121240625158,0.0002043816448406285,0.0035281920421674677,0.004850903848198664,0.00014677483507228697,0.03165596395471891,0.03538358747860641,0.002238537256473431,0.00800402182639531,0.01423846716042775,0.0026972782609682314,0.05672748131359841,0.009742503597572633,0.004723994450768989,0.05141613020673376,0.005330229278051012,0.004007376581967106,0.016916891533468793,0.0465461749286982,0.010510926925278948,0.030334910582583356,0.0017436433289778458,0.03676209231135379,0.007092233270096218,0.00693133063752863,0.015151927536748648,0.0016092689789879706,0.10181595616211912,0.018930988603835387,0.005262756881447168,0.0012178671337235237,0.0009676204028340337,0.0059355624269990795,0.0007407666887296171,0.005256178252459851,0.003553842872916931,0.0016963696129315186,0.0005758185437468987,0.005630837319906405,0.16525637500093157
3.5740475000685845e-05,0.017295171298211082,0.0011493368440909904,0.014589063538821879,0.0004237326339791809,0.029244747375383132,0.0013943024735774234,0.009205415995577036,0.0052827972469620295,6.024696093733959e-06,0.1575763611545402,0.0008161644460918207,0.00025461879535520484,0.030955908819270562,0.12052198442215464,0.014505275821248866,0.0027753266796618097,0.03223812771858977,0.005690635608173567,0.03841011465918651,0.01435930444067655,0.005291590214152875,0.05147203859447692,0.0052085079520568485,0.0020027610196736807,0.01808017818961159,0.003264694026845503,0.012975446226933026,0.012188745123561107,0.0037027697366731026,0.007533370525767322,0.0074865843151402005,0.006889444686186208,0.014540341658745551,0.0005676258795893798,0.09233013316187491,0.019586348533630723,0.007557226039211937,0.0007382989582422807,0.001829444906538977,0.0058221415220451244,0.06234880306100503,0.00086846946817922,0.0018936404843821987,0.00456555076813262,0.0012138153914057403,0.005522342947146244,0.1259844694094757
0.001500918253066345,0.017834709652466287,0.0011493368440909904,0.014691460628362178,0.00042255775486646735,0.0263112570684265,8.84215909142639e-05,0.009083716140822767,0.011912289740631141,7.516519937890086e-06,0.014400848391441203,0.004067447775704321,0.00025421356690682746,0.029148655573313424,0.03533208558244247,0.014505275821248866,0.0027793955081645604,0.03340339225725018,0.0015110452308764678,0.03818884775478532,0.013478138840830383,0.004737627313708039,0.051114544941331386,0.007480484951824045,0.004160026920148116,0.016749871098662796,0.003264694026845503,0.009419327794453362,0.012188745123561107,0.004286705191857611,0.007944723916875666,0.010889230760872542,0.004497746874169846,0.00033946298059885636,0.003610377018634729,0.0901779723754879,0.01949225431521256,0.007562511782908924,0.000598017394063368,0.0018313239691565401,0.005837978713307638,0.05991882838631914,0.0045376990469354166,0.0012948653302107252,0.0014855757305707764,0.00902594934078662,0.00552286253609938,0.1655118830070067
0.0008716502481884891,0.0011193920464266822,0.001605936607570687,0.008679231656699947,0.0004955292480327822,0.026543332586048855,0.0034214598462760266,0.0004982633169738192,0.0005240013852417201,3.4653717274850946e-05,0.0013076403125933528,0.0042441166869592265,0.0003066252477412984,0.028946328003606633,0.037000299796725464,0.03286653232380696,0.007949705345689685,0.014588029843413184,0.006000572159255187,0.057773105995595014,0.016425367410030745,0.004715959193265182,0.016809257555245684,0.005257284045549117,0.0036666068837580357,0.0121788040544667,0.008956649086130902,0.01058583470667287,0.0010735043127191434,0.0037044205099918503,0.0072317899712373455,0.0004302712989830838,0.004099444332545405,0.0007147339654589119,0.0015653120901254044,0.09421770308900929,0.016118346402219527,0.005542779805625705,0.0012176486337023803,0.0021427693030331143,0.006331670211375644,0.0014017798603628091,0.004943030198291236,0.003834995471494487,0.0016447619098880052,0.007560025863534376,0.005632143416347382,0.022261109241299606
9.694418869674986e-05,0.017335093463513647,0.0012812029068659918,0.008583843632493553,0.0009050629637054071,0.027819051780192033,0.001554406759407673,0.000551932547874231,0.005629746429811957,4.4359234922393984e-05,0.0018582202834844753,0.004109385036751245,0.0002843931954145768,0.030813516568029407,0.03740358238218015,0.001418100926739137,0.015391582730469361,0.012897028107460812,0.006116383534180475,0.05322344786667094,0.014467528978034116,0.005311381460709218,0.05195722459544371,0.0053347027077782485,0.0037719748589068783,0.017800135400006856,0.004567499521226955,0.010544282976474858,0.0007849559914384872,0.0037257842053797187,0.007508918647862651,0.005633031660940127,0.0039566841056435376,0.000906733275882695,0.003580810681652266,0.025163309825334414,0.01915866999500758,0.007138417469483989,0.0007377997296908447,0.0018319634936466514,0.006356409317868326,0.0014533918008824793,0.0010094099834512737,0.003990588714710837,0.0016680035432400126,0.0003370563657590555,0.004527868683350441,0.011452451841409236
0.0015151259630885128,0.017826234446832182,0.0011493368440909904,0.00791443551318972,0.0009736338857488044,0.029772170722179615,0.00010983037188538555,0.008991451256741332,0.011921649436215953,7.106389068584783e-06,0.0023866017122813753,0.004096167723038184,0.00025461879535520484,0.029029596677391186,0.1204245552298053,0.002189498383046262,0.0027793955081645604,0.03308337171190351,0.0057001223863603605,0.03890165571043615,0.013161153491354913,0.004716518180086005,0.051114544941331386,0.005256560606322666,0.011099277222755225,0.01694124560197237,0.003264694026845503,0.009419327794453362,0.012188745123561107,0.0036211983090054397,0.006870320891477519,0.010889230760872542,0.006889444686186208,0.0003354841069192792,0.0036062846046365023,0.09023480960598176,0.016170008622793768,0.01912018656514071,0.0005982736419694845,0.033706696830737536,0.0058221415220451244,0.06260727812285385,0.000781949071657772,0.001888963902568411,0.00456555076813262,0.0012154282911057078,0.00560700880270849,0.17151962438989954
0.001239855249097949,0.018653509267836273,0.001225883412695444,0.014397853605250654,0.0006498026549072119,0.07953002529004596,0.00212785180411943,0.009068335387898741,0.02187023674594648,0.0007829946475256143,0.002849644333689128,0.00371119710149635,0.00013232180321135682,0.028986753787907375,0.010409378060319815,0.0006359600551279539,0.012948832305338857,0.03323712550101111,0.006045939876685766,0.049141399286847354,0.01578738596643116,0.004763507680194948,0.05071092144163507,0.005213692093724153,0.004040724943843256,0.0008701902184454647,0.05253135370094061,0.016110396630003524,0.0301015698582014,0.00459041658836037,0.00558799253599502,0.005899270182960017,0.004045550513024876,0.006202340916722849,0.0014685662221092769,0.09187270316729426,0.01910617769275306,0.019156449347304844,0.001251002121972418,0.008017154007504294,0.005120473207271769,0.005372489038266284,0.0007924765383093421,0.001971313800578535,0.004578959204351597,0.00027962462934485316,0.004425272629333882,0.13569079192842365
0.00193234317197516,0.017351834290006887,0.0013124664008927502,0.014404568972499046,0.0009546753520011243,0.034219341954376245,0.14029121437395828,0.002246650050633179,0.003037710083704669,0.0009031834318144144,0.003744971202447704,0.03639636091257667,0.0002791207041467265,0.015291245616986186,0.04716356631513095,0.002255933756895501,0.014774870540998518,0.03311804269728375,0.00269656580373303,0.08441173703824259,0.00909183503578311,0.004680382796092392,0.015708007856756395,0.005331089470690739,0.0039165075570977825,0.016916891533468793,0.005240868216795222,0.011786177118126502,0.000894202586338105,0.00195506489383721,0.03638424336889087,0.013559585790649389,0.0063269827887704345,0.014718098390635486,0.004605633442957072,0.1018201612830688,0.018930999633089255,0.005262756881447168,0.0011115972446127604,0.0018931933846133438,0.0059355624269990795,0.0007407666887296171,0.0005271199878320435,0.0012892516521681681,0.0012245935581363403,0.008608156713880594,0.004936232714244749,0.18432381082022742
9.694418869674986e-05,0.01726838425487518,0.0012812029068659918,0.008583843632493553,0.0005147028436793754,0.02771817381628246,0.001554406759407673,0.000551932547874231,0.009849784107677626,4.4359234922393984e-05,0.0018582202834844753,0.004109385036751245,0.0002843931954145768,0.03098975068083479,0.03740218916958581,0.025863230870401387,0.015568975393232784,0.014342958051663733,0.006116383534180475,0.05322344786667094,0.014467528978034116,0.005056570995054467,0.04035116568666629,0.005257275333980665,0.004179302806310259,0.01774729963418385,0.004567499521226955,0.010544282976474858,0.0007849559914384872,0.0037257842053797187,0.007508918647862651,0.005633031660940127,0.0039566841056435376,0.014392194992516228,0.003580810681652266,0.022617272265766483,0.01915866999500758,0.007138417469483989,0.0007377997296908447,0.0018319634936466514,0.006356409317868326,0.0014014662377735516,0.0010329503203996573,0.003990588714710837,0.0016680035432400126,0.00016971049478255488,0.004527868683350441,0.011452451841409236
0.00019422340476993045,0.018229491992226204,0.00112805170541317,0.008745466117726492,0.000868608284186697,0.02976000328982439,0.0035117968316749487,0.009112477462960518,0.0030634981514669262,9.88408875823875e-05,0.15153914496043633,0.003737953621689864,0.00014917557453826812,0.030143446652040707,0.12054229092944091,0.0020075140026578585,0.00709499976487917,0.033420528656485406,0.004837805933285374,0.08465897892043839,0.004027800996962307,0.00468340373852283,0.05141613020673376,0.005328218448316169,0.0017692344453815094,0.0018073889003148488,0.0008371301366103159,0.009497032380105979,0.012714293439827102,0.0019330889984930002,0.035448784330950917,0.013559585790649389,0.007178818532939378,0.000613706765469995,0.003961946328592318,0.1018201612830688,0.016224923107332152,0.005253382646946788,0.0019846476800138026,0.0018936401249549267,0.006006267917908942,0.004003515438880053,0.0004593770339779389,0.003584544595702935,0.0036711815473028393,0.0007971417590772173,0.005824129729115793,0.12737428219235938
0.001500754517721027,0.017295171298211082,0.0011493368440909904,0.014589063538821879,0.0004229661127260515,0.029250370967502687,0.00010983037188538555,0.009205415995577036,0.0052827972469620295,6.024696093733959e-06,0.1564316219125816,0.004096167723038184,0.00025461879535520484,0.029029596677391186,0.12052198442215464,0.014505275821248866,0.0027793955081645604,0.033442551266325574,0.0057001223863603605,0.03890165571043615,0.0035951545532693172,0.005291590214152875,0.05147203859447692,0.0052085079520568485,0.0020027610196736807,0.01664428477304189,0.003264694026845503,0.012975446226933026,0.012188745123561107,0.004135500673849393,0.006870320891477519,0.007499504291744881,0.006889444686186208,0.00034626196375419916,0.0008173977101451249,0.09233013316187491,0.019586348533630723,0.007557226039211937,0.0006012572302565443,0.0018292765516685818,0.0058221415220451244,0.06245007829938712,0.005249838454914467,0.001875648042961924,0.00456555076813262,0.0012138153914057403,0.005521871581103428,0.12746419884788324
0.0008617679285942144,0.01923672357729766,0.005086857673511512,0.014651590835299802,0.0004474956049421233,0.029794000508401204,0.002099160233611492,0.008813393609955509,0.009718004187751523,0.0001668327137893234,0.002778876896410611,0.0038450124391575928,0.0002534213120624659,0.030915952416222175,0.012776977324664002,0.014722498619075399,0.007718058009911865,0.03307653681416881,0.002788649932289778,0.08475171954841579,0.013084008086962917,0.005266010921618555,0.05290918487246542,0.005242896138832109,0.003321223798475356,0.017529523658484276,0.003746534794603516,0.011948838500221394,0.012225542636003464,0.004097512192927404,0.0074068271983719165,0.013169901876719969,0.006542115033810156,0.003931439578618915,0.0034884527800789393,0.09304763881607372,0.018611113005048963,0.007082029483809054,0.001153250785415473,0.0016363116619932815,0.015066232633478973,0.0053854479245341045,0.0008808096380570319,0.00541743089367209,0.001167586574708552,0.035013587247920516,0.004729743960660254,0.12617037795586503
0.000368095957115215,0.01726838425487518,0.00112102617107848,0.008724513608944304,0.0004498642029083455,0.026518341413824833,0.14564814713367802,0.009021260847330584,0.005186462688398706,0.0006742666287507203,9.172555776711111e-05,0.0037108403589484144,0.0002876730199799364,0.03009502273723989,0.035489893184328915,0.013029986292938202,0.0007283076053840962,0.0334187129977002,0.006248978047492942,0.0613432013884315,0.004012069730400807,0.005294335494433071,0.05148129704042737,0.005326198541076114,0.002061807043480494,0.01664670387627517,0.0001852971517916813,0.01316504133976364,0.032670023813464004,0.004202251127325398,0.005792205928068524,0.007821015765513348,0.007190885049372452,0.0019644589582031935,0.0011215813592683258,0.0951977304403318,0.01629283473391173,0.002689098423855684,0.0006011707125028529,0.006169490436298894,0.00624886393035433,9.974171691581033e-05,0.000777231240213091,0.0020031563006517603,0.009561513642373246,0.000975439029705561,0.005521948523446328,0.23762149561734036
0.001500754517721027,0.017295171298211082,0.0011493368440909904,0.014589063538821879,0.0004229661127260515,0.029250370967502687,0.00010983037188538555,0.009205415995577036,0.0052827972469620295,8.482241782830562e-06,0.15320853085911462,0.004096167723038184,0.00025461879535520484,0.002394111934521711,0.1198062470203699,0.014505275821248866,0.0027793955081645604,0.033392013763521355,0.0057001223863603605,0.03895114305565937,0.01340275678626525,0.005291590214152875,0.05146535860368187,0.005207079807469641,0.011121595335930778,0.01675208734155659,0.003264694026845503,0.009340869245617642,0.012188745123561107,0.004135500673849393,0.006870320891477519,0.007531961060938632,0.006889444686186208,0.00034626196375419916,0.0008319139320934284,0.09233013316187491,0.019586348533630723,0.007557226039211937,0.0006012155942960137,0.0018292765516685818,0.005836715566581235,0.06245007829938712,0.005249838454914467,0.0018727938295517044,0.00456555076813262,0.0012138153914057403,0.005521120080071301,0.16546413934599574
0.00011938177716525294,0.015513187045310803,0.001525954449284568,0.008161673676172774,0.0009051521783679508,0.029745207366908184,0.14029121437395828,0.009112477462960518,0.0030344793304698716,0.00010114764704535504,9.482664033655364e-05,0.0051783931674457976,0.00015103545378542373,0.028764510357014342,0.03538358747860641,0.0022365144532219125,0.007317023358047915,0.03298028750172103,0.00269656580373303,0.053796544333908757,0.008494874389131688,0.005302921264796649,0.05118112854286627,0.005262563076022449,0.0019534675243140847,0.016956357222745383,0.0006187001804509697,0.01171241085896077,0.0017569106341076505,0.00195506489383721,0.006648951399479111,0.013559585790649389,0.006604364878773451,0.0006789513905069693,0.00460563097931787,0.1018201612830688,0.01623528563647303,0.005258668390643728,0.002023152446046162,0.0018931933846133438,0.0060221051091714555,0.0005118322268637401,0.005205418260250016,0.0038467563810683234,0.0012245935581363403,4.0956622373122635e-05,0.008177974541684684,0.16543198265694253
0.0007248626402735517,0.03715273428713514,0.029688345387636688,0.001768766993591682,0.0024813663944850627,0.11112338053421886,0.0022326548365207348,0.008995837345748364,0.0037592729815701586,3.738679015959388e-05,0.0028334497421548515,0.0037055975376700584,0.0002356002729906983,0.02909473703320046,0.011272622646925294,0.025710418806327035,0.002984272561405544,0.033264908297328824,0.0023034216912569045,0.12330528578521464,0.11278798342406426,0.0047336839169035165,0.052555873777046125,0.005217640526851241,0.003618509194219489,0.017069055618811304,0.005508909070450878,0.011223935473006385,0.031623178984955244,0.003933294347625194,0.0072991385164140315,0.008343588530704488,0.02471895348080573,0.012631880528822265,0.0009212911901033596,0.02985314501780096,0.017561923851852394,0.005403636473140063,0.0002705191351182835,0.008417768397797083,0.006057047485928157,0.005072451120672693,0.0002719327326587802,0.0018348381198898167,0.14691400775765895,0.0009454514844296456,0.005556519642335368,0.01198835922104627
8.10169347480048e-05,0.0004585216223698058,0.001730049760308966,0.002213420943924051,0.0005051591720298885,0.08360227087709274,0.0033192508889798916,0.0011446254229835404,0.00994687288394457,5.20885241114599e-06,0.002051082762044187,0.004306816920377231,0.0002473012765607819,0.02528519737798582,0.03734857539330862,0.0020908888526054124,0.002669977680602835,0.03327045855358688,0.0022995400529042765,0.053223552081373825,0.012896456069486717,0.005261035273325864,0.016575468341420336,0.005256285495621625,0.0020038795456548183,0.016626186468157743,0.005054369487447942,0.009422546716819864,0.0012894488799511626,0.003928820183964524,0.00723531873901024,0.008054059296031759,0.008180641086564897,0.001473713979644581,0.0009071880861148867,0.09629792957331675,0.016135746730904333,0.0054689714377063004,0.0012439600134421889,0.0020420119463020925,0.00550636406826387,0.004689851791397779,0.005273693399178441,0.0038849323966367775,0.018065234828020582,0.0009518462624000876,0.005072053811237042,0.004868371065954072
0.0015023086261971835,0.01814382055364117,0.0011586306836713195,0.014827067301108358,0.0009734039394156129,0.02635505506335451,0.13531628955015193,0.0005984825199185388,0.0030344793304698716,1.2911583782803672e-05,5.3939590505355794e-05,0.00021698645337075214,0.00025400415038381814,0.031201106234422814,0.07154707475442987,0.002190010350482564,0.0029889565672823813,0.03312065812919311,0.00269656580373303,0.12711677993043136,0.013166580260125805,0.005302921264796649,0.05111131899754872,0.005257284774259104,0.011150241531737996,0.02544249016101102,0.00023656910769376304,0.01025625305725026,0.002458972652770313,0.0025850077279279695,0.005301015562733151,0.030077531532170666,0.006585401249785315,0.000499530409631832,0.004644442607449016,0.10189963799912387,0.016078166220190142,0.006010717177806006,0.0005402252527249446,0.0018190480261116068,0.004233624433423374,0.005004237011023213,0.0007893316116712316,0.0013281102062482424,0.001196786533416446,0.001046767107690839,0.008234482863325877,0.18821704617103746
9.694418869674986e-05,0.01726838425487518,0.0008657197081079109,0.008583843632493553,0.0005147028436793754,0.02771817381628246,0.001554406759407673,0.000551932547874231,0.009839328525334434,4.401787041672352e-05,0.001251924399118553,0.004109385036751245,0.00028410750428607576,0.03147342604859783,0.037345276564362255,0.025863230870401387,0.015232291303937495,0.03414663116045126,0.0011026264942787267,0.053089784126166245,0.008865823875543265,0.004739564501479485,0.017940363697287406,0.005289360006620041,0.0041716918748362815,0.01774729963418385,0.0030198409811723367,0.010527771817506928,0.0014090320615562524,0.0037257842053797187,0.007508918647862651,0.005633031660940127,0.0039566841056435376,0.013509397966116474,0.003580810681652266,0.09495944460092265,0.019164921691829897,0.007122575686634058,0.0007377997296908447,0.0018319634936466514,0.005936897648985388,0.0014014662377735516,0.004950716797733437,0.00416483738298865,0.0016680035432400126,0.00021583797812415022,0.004527868683350441,0.011452451841409236
0.0014969166835406326,0.01735913560572674,0.001204581256956892,0.01441866562414954,0.0008920534197187713,0.029745207366908184,0.14029121437395828,0.002451670507164406,0.0031107121240625158,0.00018936233102649936,0.0035281920421674677,0.004850903848198664,0.00014677483507228697,0.03165596395471891,0.03538358747860641,0.002238537256473431,0.015001805033666698,0.03311804269728375,0.0026972782609682314,0.08441173703824259,0.00937487455085563,0.005295432790229683,0.05141613020673376,0.005330229278051012,0.004007376581967106,0.016916891533468793,0.04761540670264731,0.01308464979211466,0.03087771298396429,0.0017436433289778458,0.03676209231135379,0.007092233270096218,0.006885400561622932,0.014762231148414306,0.0046415218150357,0.10181595616211912,0.018930988603835387,0.005262756881447168,0.0011740931782573633,0.0009676204028340337,0.0059355624269990795,0.0007407666887296171,0.0005271199878320435,0.0012969011558680121,0.0012245935581363403,0.0002777416010577901,0.008149099215580836,0.16525637500093157
8.803970998371582e-05,0.01728199395353367,0.0012812065210237053,0.01392724051146571,0.0005087529676624762,0.03038064641916367,0.002686528827074779,0.0005516465052239772,0.009849784107677626,4.4241991561802e-05,0.002852506678516232,0.004196864178057126,0.0002843931954145768,0.029085379931989036,0.00800549164089343,0.02815803239314925,0.01551058749621601,0.014342958051663733,0.0012249315723605364,0.05322344786667094,0.014467528978034116,0.005072251840622215,0.05245872101446479,0.00408209678075841,0.004174793823609624,0.01774729242267223,0.004567499521226955,0.010330731543905883,0.031318028873899326,0.0037257842053797187,0.007508918647862651,0.008283910237521019,0.003956221368943478,0.0007025357692575375,0.003576052759927014,0.02275355570802031,0.01915614055769864,0.007141781713225013,0.0012439221716562749,0.0019342980927227306,0.00032521467508139464,0.0014014493734374862,0.0010151948502325507,0.003954132837078433,0.0016815773873747179,0.00017352631009041463,0.004535164057361445,0.01717128955784295
9.831987689345247e-05,0.017387580272549014,0.0050001067539371105,0.014651590835299802,0.0010019255192018506,0.029801086178830642,0.0015287427987114026,0.0003864700029489578,0.009845381128417194,0.0001733282792780167,0.002778876896410611,0.0038450124391575928,0.0002534213120624659,0.03098709162800815,0.1314263598012908,0.014722498619075399,0.015640873071631176,0.032811940440668555,0.002788649932289778,0.050252727893873764,0.014465566062256274,0.004390765539021515,0.05273542712829023,0.005242896138832109,0.004191237631908116,0.017523977135444537,0.0036813603929977596,0.010520041397115966,0.001200463522305236,0.0037239544205762624,0.0074068271983719165,0.013647725592263495,0.004261512778371182,0.0007963578639236151,0.003589953070318578,0.023321865285766984,0.019172051091736593,0.007082029483809054,0.001153250785415473,0.0022644358655325883,0.0071079631163152345,0.0053854479245341045,0.0008887494829704745,0.0020715270512575218,0.001167586574708552,0.0005896066351062232,0.005143142684595047,0.12617037795586503
0.0015248093628538167,0.01726699806616383,0.0015187549846677904,0.009378758800357875,0.00047296079613266427,0.026524265461461864,0.14110925142949474,0.004687451352158426,0.005202999412512946,1.4027344911934063e-05,0.005469444836298021,0.004099230838111082,0.0002928427212367012,0.028694782269547536,0.03534161437279743,0.01324605139444039,0.0025300822383222403,0.033117177624132764,0.0029910315382368153,0.051850868380097975,0.008763475383844591,0.0053140138152449135,0.05148601201592651,0.00520854291688999,0.0019398567402378233,0.01664670387627517,0.0030244024504533984,0.011733674728054802,0.030771280675102687,0.004182089175807876,0.008012433784850791,0.011356397719217155,0.0066164313952065245,0.0019885073247356546,0.0014731168420997788,0.05770390271518913,0.01629538701975263,0.0032386083261913756,0.0006231560298957892,0.006169490436298894,0.00624886393035433,0.06277942739415893,0.005061767850627574,0.0018514031273403797,0.0018637337889153547,0.0009772278163010623,0.007876268932068912,0.12948998756615882
0.0008101866341188329,0.015345276836253958,0.0012846912334251932,0.007305004195245251,0.0011173185116654316,0.12560934275034857,0.0023968324798487994,0.00823298072726529,0.010006367972340061,2.197165232791453e-05,0.0019787767983000873,0.004261400450661181,0.00023668404817762037,0.02936877566112235,0.0450596313032165,0.003882312984849102,0.0022774149482733047,0.032711042629848204,0.005055461908710753,0.05312880832456667,0.01328424883447882,0.004697730188976933,0.040151883070454066,0.005210593320016411,0.0041194088077102405,0.0007257979309833601,0.0034831953908801634,0.01286177038845814,0.03075109687440572,0.0036171958444920823,0.007965299893628455,0.009308986946037713,0.008014429251573233,0.0009462987480541862,0.0010655785236043762,0.058745362376778666,0.019023390891304913,0.0071569858227533934,0.000786187420846074,0.001690752890993912,0.005845966507131519,0.0002298664747288309,0.00535167679449616,0.004119866599778899,0.0043200649707045985,0.007760125717825729,0.008323115857036977,0.011417495513246044
0.000731636194220723,0.03373586141539976,0.0012087865712726365,0.014419717837777391,0.0006346696855460464,0.020083044875941772,0.006276092528124656,0.009068335387898741,0.005739618111371931,0.00018883351017908747,0.011240271918319606,0.00371119710149635,8.705998720063712e-05,0.030116647229475733,0.008551872361609349,0.0004814778424629077,0.013516564321300727,0.03325175904968512,0.006045939876685766,0.049141399286847354,0.01578738596643116,0.0046907970391547316,0.24231481314193054,0.005213692093724153,0.004037665643158093,0.0008701902184454647,0.05200830001396819,0.013193310530425372,0.03005787397343883,0.0046183239864494,0.005328752325029578,0.007268478541076778,0.004045550513024876,0.006293437036232655,0.0037054350412531437,0.09187270316729426,0.01910617769275306,0.019089236415350305,0.0019416861968484806,0.008735479073529354,0.004200798656361306,0.005372489038266284,0.0004767546402881244,0.001971235027527476,0.004459617926790814,0.000280103667131227,0.004425272629333882,0.010740634163291182
0.0014869342390635898,0.017834709652466287,0.0011493368440909904,0.014337744488996463,0.00042255775486646735,0.02830520456802656,0.00010983037188538555,0.009151728144222208,0.012652140843888424,8.432759780250572e-06,0.006085542779144748,0.004096167723038184,0.00025461879535520484,0.031024812483521496,0.0353633654932336,0.014505275821248866,0.0027821903384687534,0.033082309911210216,0.0057001223863603605,0.03818884775478532,0.013478138840830383,0.004716518180086005,0.051114544941331386,0.005253205557717978,0.002276615083925298,0.0009568539454242013,0.003264694026845503,0.009419327794453362,0.012188745123561107,0.0026882837013088015,0.00325421107070618,0.010889230760872542,0.006889444686186208,0.00034626196375419916,0.003610377018634729,0.0901779723754879,0.019586348533630723,0.007562511782908924,0.0005982736419694845,0.0020081297953399363,0.005837978713307638,0.05991882838631914,0.0007966713312283049,0.0018895290925400915,0.001294279462874685,0.1495226141213231,0.005529672229184383,0.1655218993124664
0.0007245677925090072,0.01793854712419138,0.026383952697398218,0.005184605549032453,0.002601753165208778,0.029730936776385174,0.0015282231272851186,0.000281270802269115,0.002535737508422928,3.477636211902211e-05,0.0018930589524945058,0.004085059582735123,0.00030396977101490504,0.02897012836238487,0.013888811622275607,0.03291571558866903,0.008001063281600456,0.0331629103730939,0.006004200800483649,0.04360979431487551,0.016428817834148412,0.004720334635723015,0.039916954745162,0.005257375602894879,0.004003214061428164,0.011764276212030276,0.00775209698346558,0.014681831372486423,0.029465377594543377,0.003945048477181043,0.00777035581756807,0.0066902114953389,0.003947213528729245,0.000814030841052839,0.003605977961921996,0.02525881878456035,0.016267208347864753,0.007148125781052151,0.0012480129932294745,0.0017727023531958208,0.006353879718037404,0.0014009300752481177,0.0008326773759281745,0.001984361036240341,0.0016447619098880052,0.008530485261253003,0.0006630080458331356,0.011006678289975879
9.274334140467266e-05,0.0011193920464266822,0.001605936607570687,0.008679231656699947,0.0004955292480327822,0.026543456043435033,0.0034214598462760266,0.0004982633169738192,0.0005240013852417201,0.00013183595861849336,0.0013076403125933528,0.004273337156961746,0.008310254572724437,0.03102236714955521,0.03619044717371655,0.025107402584791935,0.007949705345689685,0.014588029843413184,0.006114479314242656,0.05627592102501415,0.016524371076763036,0.004715959193265182,0.017265057051360652,0.005255126389888292,0.0036666068837580357,0.016969761068689516,0.008956649086130902,0.010517042220957886,0.0010735043127191434,0.0037044205099918503,0.007506772194517348,0.0006116610598823186,0.004090589434970401,0.0007126624316047107,0.003382482142966206,0.09421770308900929,0.016118346402219527,0.005579578146086252,0.0012176486337023803,0.0021427693030331143,0.006330864943608559,0.0052394089394290945,0.004943030198291236,0.002219804352621849,0.0016434600467876413,0.01530302578274349,0.005632143416347382,0.0223109377876888
0.0019511669178481463,0.03468996192071494,0.0012259681369276353,0.01441925825144393,0.0004406713819457839,0.07953002529004596,0.006275696418630378,0.009068335387898741,0.0009761115148719454,0.0007818503007342983,0.001275006633042754,0.00371119710149635,8.705998720063712e-05,0.0019634309087834083,0.049398601089692254,0.003967297887374325,0.013691350660870644,0.0331184543857967,0.006267877588106819,0.049141399286847354,0.015783314316005874,0.004764693772869271,0.23833183620568876,0.004296297155079642,0.003918385027203082,0.017954707188516023,0.00385172421395661,0.009643764800341152,0.02986502328025747,0.00406750665608974,0.0055703929172717034,0.005974671133687384,0.004045550513024876,0.014583402691010276,0.0014685662221092769,0.09187270316729426,0.018657422491458363,0.006743583843926711,0.0012513067471175707,0.008793471556630671,0.004200798656361306,0.0003220389501690352,0.0006336313013701458,0.001971313800578535,0.004488350629865133,0.000280682861843934,0.004966960878376582,0.025699805176461345
0.001422178009774562,0.019803399629561104,0.001233482528123974,0.008700867130084066,0.0053460253090959675,0.03126100340800869,0.02324896503427971,0.008260237403456295,0.00994141107142643,0.0008368483444091422,0.0016943577756520778,0.004295357337214131,0.0003075795393126813,0.03127606434059445,0.04434722482503754,0.012174732727967503,0.004158177688086823,0.03327727771490247,0.0010964585591125928,0.0827825118076734,0.013309414003353389,0.004756619128190855,0.021588974464609022,0.005218497892179069,0.0012909934513845329,0.00144460967567183,0.003516509278624298,0.14413993219743218,0.02894694655854635,0.0036122482039348076,0.007442796257275909,0.009279857137246692,0.0018486561564774544,0.01858886979789256,0.0013727543561402784,0.10139531457070539,0.019022355910689636,0.006514984334629467,0.0007083149678108059,0.0017827995647451498,0.005958017869970447,0.005433000833149241,0.0013452796760976544,0.009591080059860787,0.0015329169857685823,0.007837142442890252,0.006068735508842244,0.011082455359410886
5.0066941854246916e-05,0.017265211481052326,0.0012812029068659918,0.006718426136627239,0.0005167122997986793,0.02771817381628246,0.0013904536833666905,0.008971002151682169,0.0010248890937794661,0.0006817702794111691,0.0018586339550608526,0.0009954385368833613,0.0002843931954145768,0.031010518277455094,0.03740218916958581,0.025871380623161598,0.0027754127953603927,0.014307840174113025,0.006116180837234799,0.05322344786667094,0.014515940103105252,0.0046505911272193765,0.04023899298755945,0.005257275333980665,0.00410350297195146,0.017685402001461327,0.004567480498670474,0.010509294204196148,0.0015356529070200634,0.0037257842053797187,0.007508918647862651,0.005686283954167426,0.003928772627850912,0.01457712372492191,0.0037573783230509883,0.022562278310851117,0.015685024922697157,0.007138417469483989,0.0007377997296908447,0.001795603643309996,0.006333196298142039,0.0014014662377735516,0.005517555111845088,0.0018933139239558179,0.0012586575670074723,0.0001773815562123108,0.005482821676244034,0.0116388792011968
0.0001024932790478154,0.015350028602420702,0.0011975732144164555,0.006861634878620303,0.0005051591720298885,0.0784550874742173,0.0033246004908628274,0.00863930702043675,0.010098968454818329,2.006854153496578e-05,0.0020148176063691133,0.004230656938491546,0.00028419093289258596,0.028868708751033163,0.03734857539330862,0.02339808369555483,0.0023431726810751955,0.01325742682126987,0.00536587399595234,0.053233089353667586,0.014636898547828377,0.005313363129632216,0.016575468341420336,0.005260000396424207,0.0021414756787560686,0.017184307593220382,0.008981644955352485,0.009010772716973838,0.031185779202713284,0.003733180039155748,0.005714399070478785,0.0034489869836558627,0.007714276849827816,0.0016516545552065698,0.0015467437127819456,0.02212692561548129,0.019274242970551893,0.005468776755679946,0.000735640236753526,0.008969206409796688,0.005799327095528221,0.0005135795527093996,0.0007582033666765457,0.00388966148057577,0.0015309656265970507,0.01643034231331481,0.02494602441290004,0.02286417367273783
0.0014985457474910961,0.017835783646791753,0.000604912103400348,0.00833458165767394,0.0009768436168121992,0.029529929338841937,0.0019952708197394087,0.009112742285660565,0.0030344793304698716,0.0007318968526357356,0.005984164398713396,0.0037500165922777703,0.00015055516392523122,0.014360732001785363,0.03823852354663599,0.0012933208531189853,0.0029841727513340334,0.03312065812919311,0.006005008388933369,0.06175120847125191,0.013456306412851735,0.004741362203922417,0.05141613020673376,0.005358983806166378,0.011150241531737996,0.025414988482691567,0.0006032945887060794,0.013877624349606987,0.002274008086336399,0.0038352670245092157,0.03480372900868388,0.030077531532170666,0.006585401249785315,0.0019336961942096756,0.004644442607449016,0.1018201612830688,0.01893640418320249,0.004313397213306491,0.0019669573896841765,0.0022010749584402385,0.005841482052987368,0.0005404772827955035,0.000506551342785918,0.0012969011558680121,0.0012245740928417896,6.998700789139357e-05,0.008177974541684684,0.18821704617103746
8.10169347480048e-05,0.0004585216223698058,0.001730049760308966,0.002213420943924051,0.0005051591720298885,0.08360227087709274,0.0033192508889798916,0.0011446254229835404,0.00994687288394457,5.20885241114599e-06,0.002051082762044187,0.004306816920377231,0.0002473012765607819,0.02528519737798582,0.03734857539330862,0.0020908888526054124,0.029101272005817573,0.03327045855358688,0.0022995400529042765,0.053223552081373825,0.012896456069486717,0.005261035273325864,0.016575468341420336,0.005256285495621625,0.0020038795456548183,0.016626186468157743,0.005054369487447942,0.009422546716819864,0.0012894488799511626,0.003928820183964524,0.00723531873901024,0.008054059296031759,0.008180641086564897,0.001473713979644581,0.0009071880861148867,0.09629792957331675,0.016135746730904333,0.0054689714377063004,0.0012439600134421889,0.0020420119463020925,0.00550636406826387,0.004689851791397779,0.005273693399178441,0.0038849323966367775,0.018065234828020582,0.0009518462624000876,0.005072053811237042,0.004868371065954072
0.002002690211800602,0.01733668669045421,0.0018053397764465759,0.00567131026000885,0.0009632153429861946,0.026447882893622928,0.004421541890843306,0.009018835312056191,0.0026346460603612616,0.00021883493806835574,0.0012695060287649333,0.004071083751680526,0.00029378394057726943,0.024308314334251933,0.04878788879688449,0.014388424314515015,0.003048406837297183,0.03308337736773202,0.0010889635594162413,0.08201213620474504,0.013143504248918728,0.004735400593972787,0.05229495372768813,0.0028967907044453803,0.0037717922573195584,0.017069157256440627,0.0031643306402972587,0.011113710837574176,0.012322338342574016,0.0015182402609909143,0.008010542516269856,0.012932120924583283,0.006733288252284371,0.062445065528771285,0.004686779579800073,0.06918026033369534,0.018719119277263236,0.0067399943390872,0.0020458827650043326,0.006779223982840589,0.006206031001411191,0.00029310673079087834,0.07119394310463428,0.002746704266828718,0.001159341104127906,0.007922834287295753,0.012880588852064483,0.16527075562739507
0.0015001762934783614,0.017335952665790716,0.0018160621465665144,0.008566370657905997,0.0008661202356831879,0.02607296192626477,0.010298184772325587,0.005098016943333171,0.010027736669491812,9.918550596763771e-05,0.11128364003028457,0.0008602117039604206,1.7750241203485107e-05,0.0005047811408322167,0.03766903085181886,0.0016131805449638948,0.015383197928989512,0.03348255534766595,0.006184603888059677,0.06134255548681538,0.015548977784406634,0.0053199755349045705,0.052345486849907204,0.0053315924640686425,0.0037640062106449887,0.014645043044238477,0.0006169638255345135,0.010520958639615373,0.003952121297703946,0.0038998013395943544,0.03539665688869983,0.027657771748223942,0.0038321514267960154,0.014183080004757756,0.0036245202781774303,0.10449074148491541,0.018739727416042816,0.00702037286183063,0.0019007178290659558,0.0018445223363178218,0.00595601422079535,0.004762985153713486,0.005936171761581593,0.00424104338938522,0.0006515973380504334,0.009045590936084608,0.012479049357195498,0.011106427661585315
0.00017472230417549933,0.017268333534403348,0.0012855215973564436,0.014659203832814775,0.0010020636302282534,0.029813562360776133,0.001554406759407673,0.004559641250268424,0.009918406944655655,0.0007278424689079433,0.0074115508416960135,0.0009961795232085533,0.0002832216390958355,0.030037526822143727,0.067321770048168,0.009377644880689175,0.015510653322956598,0.033478311376230044,0.006196960488459055,0.05323102681628155,0.012998477786535548,0.004660113627869273,0.05236358491534138,0.005218292442042707,0.004193079039086077,0.017224261710832484,0.002990096260717812,0.010509106943999454,0.0012043261017183912,0.003723466773217184,0.007414556310456815,0.013599558310015272,0.004254992283796005,0.0007026173980454655,0.003448815092910024,0.10770220002837783,0.016099417563271604,0.0071385522358165775,0.0007205301187860885,0.0018445223363178218,0.006288242267310868,0.0014014662377735516,0.0004168747454429203,0.0036796038278385486,0.013914446315013809,0.00016584543353334114,0.005143254306338682,0.011497074290972438
5.0066941854246916e-05,0.017265211481052326,0.0012812029068659918,0.008899712402037846,0.0005167122997986793,0.02771817381628246,0.001554406759407673,0.008971002151682169,0.009849784107677626,0.0001296499234533068,0.0018586339550608526,0.0009954385368833613,0.0002843931954145768,0.03098975068083479,0.03740218916958581,0.025871380623161598,0.0027754127953603927,0.014342958051663733,0.006116383534180475,0.05322344786667094,0.01444770638595466,0.0046505911272193765,0.04022882691396308,0.005257275333980665,0.004102215192099543,0.018081215912841116,0.0045711312515070894,0.010509294204196148,0.0017842154032175757,0.0037257842053797187,0.007508918647862651,0.005633031660940127,0.003928772627850912,0.014583998616134117,0.003580810681652266,0.022617272265766483,0.015720830782499737,0.007138417469483989,0.0007377997296908447,0.0018321896529199621,0.006355359394182118,0.0014014662377735516,0.0007986050795335192,0.0018933139239558179,0.0012586575670074723,0.00016971049478255488,0.005482821676244034,0.011473598598923067
0.001239855249097949,0.03373586141539976,0.001225883412695444,0.01441925825144393,0.0006498026549072119,0.07953002529004596,0.006276092528124656,0.009068335387898741,0.02243778571131291,0.0007829946475256143,0.002849644333689128,0.00371119710149635,8.705998720063712e-05,0.028986753787907375,0.008551872361609349,0.0006359600551279539,0.013691350660870644,0.03323712550101111,0.006045939876685766,0.049141399286847354,0.01578738596643116,0.004763507680194948,0.22939944080375768,0.005213692093724153,0.004037665643158093,0.0008701902184454647,0.05200830001396819,0.016110396630003524,0.03005787397343883,0.004628840357473754,0.00558799253599502,0.005984902560389107,0.004045550513024876,0.006293437036232655,0.0014685662221092769,0.09187270316729426,0.01910617769275306,0.019089236415350305,0.0012513067471175707,0.008735479073529354,0.004200798656361306,0.005372489038266284,0.0007924765383093421,0.001971313800578535,0.004459617926790814,0.00027962462934485316,0.004425272629333882,0.025699805176461345
0.0015021565682046807,0.01814382055364117,0.0011586306836713195,0.014827067301108358,0.0009790287627289861,0.02635505506335451,0.13531628955015193,0.0005984825199185388,0.0030344793304698716,9.771508501420909e-05,5.3939590505355794e-05,0.003740037530486898,0.00023810209839630666,0.031201106234422814,0.07154707475442987,0.0022456082450870215,0.0029841727513340334,0.03312065812919311,0.00269656580373303,0.12711677993043136,0.013434210099148417,0.005302921264796649,0.051831922309406975,0.005331089470690739,0.011150241531737996,0.025414988482691567,0.00023656910769376304,0.01025625305725026,0.002274008086336399,0.0026318855779720795,0.005301015562733151,0.030077531532170666,0.006585401249785315,0.000501222666401133,0.004644442607449016,0.10196095060093903,0.01893640418320249,0.0049830801553385935,0.0005402252527249446,0.0018190480261116068,0.004233624433423374,0.005004237011023213,0.0007893316116712316,0.0013067700713505451,0.0012245740928417896,6.998700789139357e-05,0.008234482863325877,0.18821704617103746
0.0015360044766832327,0.017265211481052326,0.0012812029068659918,0.008899712402037846,0.0005159457785455498,0.02772379740840201,0.00027180506850498106,0.008971002151682169,0.009849784107677626,0.0001296499234533068,0.0029522418522461846,0.004275645514680352,0.0002843931954145768,0.029063438538955415,0.03740218916958581,0.025871380623161598,0.0027794816238631433,0.015547381710047185,0.006125870312367269,0.05371498891792072,0.003683605461960584,0.0046505911272193765,0.04022882691396308,0.005257275333980665,0.004102215192099543,0.01664532249627142,0.0045711312515070894,0.010509294204196148,0.0017842154032175757,0.00415851514255601,0.006845869013572848,0.005645951637544808,0.003928772627850912,0.0005067390085063614,0.003580810681652266,0.022617272265766483,0.015720830782499737,0.007138417469483989,0.0006007580017051081,0.0018320212980495669,0.006355359394182118,0.0020294932564072603,0.005180473746223554,0.0018753214825355433,0.0012586575670074723,0.00016971049478255488,0.005482350310201218,0.01305295779235141
0.0015479827757265937,0.0017338644309691119,0.001605936607570687,0.008679231656699947,0.0005107881671790296,0.02981933910989646,0.0034214598462760266,0.0004982633169738192,0.0005240013852417201,1.9885160521245903e-05,0.09136052279360964,0.0042441166869592265,0.0003066252477412984,0.028946328003606633,0.037000299796725464,0.03286653232380696,0.014947488553645787,0.033467605591352576,0.006000572159255187,0.07504058679291203,0.016057738363409183,0.005287397532725876,0.016809257555245684,0.005257284045549117,0.0036666068837580357,0.0121788040544667,0.010027171839949663,0.013159557573508583,0.0017764772019266475,0.0037044205099918503,0.0072317899712373455,0.0004302712989830838,0.0040535142566708125,0.0004784137086694257,0.004597565545012927,0.09421770308900929,0.016118346402219527,0.005542779805625705,0.0011738746782362199,0.0021427693030331143,0.006331670211375644,0.0014017798603628091,0.00024955076382977403,0.0015780541500303963,0.001172985855092851,0.007297132579170669,0.008150405312021875,0.022261109241299606
0.0015148048822401874,0.017819055867983477,0.0012902168631779773,0.008121057913040033,0.0009663383945793991,0.029770767502492225,0.12693510242427675,0.009112742285660565,0.0030344793304698716,0.0006649461932251415,5.3939590505355794e-05,0.0037393263141894508,0.00015055516392523122,0.024763374583241477,0.03549504226262744,0.002255933756895501,0.006962644568279105,0.03312065812919311,0.006319758341623079,0.0616102277653395,0.015544028672563794,0.005295147642856002,0.017727675389347726,0.005256991785168657,0.011495383141202051,0.015773785949840406,0.0004991758159748529,0.1419909069147982,0.03087771298396429,0.0034621187546573454,0.005798121072047418,0.021675221390917584,0.0065600586603004165,0.00012600614901734806,0.004692589936109438,0.0956280751452699,0.01622747539317305,0.018968956675376934,0.0005977389255434374,0.0021045080775199967,0.006027308489256691,0.0005254195698427533,0.0007773172334185626,0.0012969011558680121,0.0012245935581363403,6.868758312670448e-05,0.008177974541684684,0.16897401440031667
0.0008257738868058784,0.017046705679023777,0.004183712796356138,0.008681694780272572,0.0010037099334524614,0.02583731977929987,0.0032611467834871804,0.009044503240094716,0.03660567296378499,1.9624864790276126e-05,0.007177411616704118,0.004102528363822439,0.00029168991134323284,0.028587546333033734,0.037358834746156484,0.0025754411423500783,0.0019341611220947998,0.03315691716765893,0.0060926794794442345,0.05318364780106626,0.012993713756080504,0.004709259851058308,0.020997915623455002,0.005202120996878593,0.004018663885823597,0.0175596727039756,0.00885204779578266,0.009103653163875298,0.01518801063173935,0.004524899919489962,0.008075010973224496,0.033293423409594416,0.004356532815146575,0.04962099335942231,0.0014714499568141924,0.09265176222380198,0.016135746730904333,0.005468776755679946,0.0007050027575499009,0.0016968127950721971,0.00581896704069613,0.00015006042446051238,0.0026148934676670857,0.0038060002757062806,0.0013251809271289357,0.0010535714856947593,0.0058411401086482856,0.05196174492808695
0.0019644028017314925,0.017265363856347655,0.001221521933190039,0.007291562814940277,0.0004244819547693869,0.034342757282811796,0.0034278508155831957,0.008867609940139439,0.0026286659942599605,0.0008819375196014312,0.0012681423322181329,0.0010667609013094558,0.0003032549313624848,0.024879422883154957,0.04866371967131431,0.003994412935517661,0.006930631319694977,0.03312199319105729,0.001033570725758388,0.13101153914120583,0.01666430594155553,0.004653240130910518,0.016556238127707346,0.0031215571317677517,0.003919345361630562,0.017926986121755736,0.005172198099611024,0.009642637751202481,0.0015464747335296718,0.003552062367795924,0.006384358041526481,0.00658161605970224,0.0037384218875924197,0.05991783036177925,0.0035823494457652726,0.1325068701663992,0.0157315917439329,0.007079485974307272,0.0020476883841482703,0.0018325881960502969,0.006575452257571179,0.00022852654280926536,0.005382816806659034,0.0012894436878998074,0.0011630483959414468,0.00017996732650669078,0.004977352470383721,0.012924010477317303
0.00021873196889392988,0.01726838425487518,0.00112102617107848,0.008724513608944304,0.0004498642029083455,0.02653906138437807,0.0029610702267165723,0.004687451352158426,0.0052226250566979535,0.0006742666287507203,0.1538425726542603,0.004047671900004706,0.0002909695930672768,0.03009502273723989,0.03534161437279743,0.013029986292938202,0.0007283076053840962,0.03341966358333441,0.006248978047492942,0.051461818196113215,0.004012069730400807,0.005294335494433071,0.05148129704042737,0.005326198541076114,0.002085445871715413,0.01664670387627517,0.005578962636747681,0.013027560146395332,0.032677871525353876,0.004202251127325398,0.008012433784850791,0.007507346252178889,0.007190885049372452,0.0019232612773280098,0.0008170230919274358,0.05770390271518913,0.01629283473391173,0.0034305143038313177,0.0006011707125028529,0.006169490436298894,0.00624886393035433,9.974171691581033e-05,0.0007709335217291895,0.002033889217483831,0.0018552993989883896,0.000975439029705561,0.005521948523446328,0.23762149561734036
0.0008701447371020495,0.0011193920464266822,0.001605936607570687,0.008679231656699947,0.0004955292480327822,0.026543332586048855,0.0034214598462760266,0.0007439983552975217,0.010032612386653518,3.4653717274850946e-05,0.0016067846476938118,0.00111744987274847,0.00028368127847636386,0.03006037965214291,0.037000299796725464,0.03367377552288592,0.015694977254626902,0.014588029843413184,0.006000572159255187,0.057773105995595014,0.016440856370859847,0.005064630232002428,0.04917573649270415,0.005257284045549117,0.0036678286746268485,0.012194755443097043,0.008941184683004375,0.01058583470667287,0.0010605855148022728,0.0041516883129718895,0.007230189628047554,0.0006663244819492442,0.0039061319000924773,0.0007147339654589119,0.0015653120901254044,0.0943635960650327,0.016114645171246274,0.005579558514635064,0.0012176486337023803,0.0021427693030331143,0.006331670211375644,0.0014017798603628091,0.004943030198291236,0.003834995471494487,0.0016785646750701643,0.007560025863534376,0.0055946502101928575,0.022261109241299606
0.0014681166013966994,0.017343916099484342,0.0011479547736861903,0.00865253845321307,0.00042255775486646735,0.029250370967502687,0.0009224452046393775,0.009205415995577036,0.009806936837543356,8.432759780250572e-06,0.0024399999537592443,0.004097670724659722,9.402667210815422e-05,0.029228054363801312,0.036526608148398955,0.014505275821248866,0.01551173151859854,0.033082309911210216,0.0057001223863603605,0.03818884775478532,0.013478138840830383,0.004716518180086005,0.051114544941331386,0.0053290345986175425,0.011099277222755225,0.017074956938010102,0.003162350535006877,0.009419327794453362,0.012188745123561107,0.0026713392844590817,0.007372775890359988,0.010780165666533718,0.006889444686186208,0.0005926345894741829,0.0036113792019284423,0.0901779723754879,0.019586348533630723,0.006808167511633611,0.0021863826027198846,0.001828829811326999,0.005837978713307638,0.004401838014238088,0.005106593619073315,0.0012948653302107252,0.001294279462874685,0.00902594934078662,0.005529672229184383,0.1655218993124664
0.0007411772245071214,0.01726838425487518,0.0001971939990969933,0.014436680184123963,0.0004498642029083455,0.025834635220305605,0.0029610702267165723,0.004758183102902451,0.009177137906590613,0.0006742666287507203,0.006640864870353591,0.004047671900004706,0.0002909695930672768,0.030096018482655317,0.06888574280559442,0.013029986292938202,0.002466712441131241,0.03341966358333441,0.0061866354793025,0.051461818196113215,0.015652744047628748,0.005294335494433071,0.05269218140241219,0.005219520893847372,0.0022196035989532834,0.01664670387627517,0.005578962636747681,0.010347550427638637,0.03376406317083529,0.004222864893525817,0.007523801805509924,0.007507346252178889,0.004553006630648621,0.0008059604548816849,0.003915657607291588,0.05776690796755407,0.01629283473391173,0.005436030640958708,0.0006030986272621667,0.001855308813103917,0.006346834236020282,0.0015837844693798913,0.0007709335217291895,0.001978984948638124,0.0014629909543858169,0.0004207176833450143,0.005511159865709598,0.011105287243057012
0.0019644028017314925,0.01725552946129579,0.001221521933190039,0.008683666518765468,0.0009631390204748292,0.034342757282811796,0.0034325421625682456,0.009212747366864008,0.0026286659942599605,0.00021976024517057823,0.0012681423322181329,0.0011889085081461558,0.0003032549313624848,0.024879422883154957,0.04866371967131431,0.015166152862039345,0.006666780845611163,0.03311799652524878,0.001033570725758388,0.13101153914120583,0.01666430594155553,0.004652155865462182,0.015695079956675444,0.0031115584927613425,0.0019106006021280427,0.017023541080858975,0.005113064976228644,0.006583729481448695,0.001403165654778129,0.0035412444076000746,0.008292531328910974,0.00658161605970224,0.003653802591627114,0.05991783036177925,0.0035823494457652726,0.1325068701663992,0.018709300844020282,0.00700322676372825,0.0020476883841482703,0.009013867185786258,0.006575452257571179,0.0005340952545725264,0.005272545187981337,0.0038963066387239335,0.0015544051375858937,0.0007640579917944767,0.004787985219505221,0.013888395406541755
3.395600825188767e-05,0.01729325217716911,0.0012853973127582253,0.014589063538821879,0.0004237326339791809,0.02563846815779479,0.0014056435211643075,0.008854682459354014,0.00990736277590697,6.024696093733959e-06,0.15655662094540285,0.000818795255765899,0.00025461879535520484,0.030068573617412914,0.1231568562227422,0.014490742931798797,0.0027753266796618097,0.03223812771858977,0.005690635608173567,0.014146376439109556,0.014384244864447036,0.005291590214152875,0.05147203859447692,0.005208280405769884,0.0041504881838896335,0.01808017818961159,0.0028279570415991875,0.012968254560543244,0.0015356598817985075,0.0037027697366731026,0.007509359212256657,0.0074865843151402005,0.006893672313125988,0.014041377115720793,8.99118742221888e-06,0.1091382598323222,0.016299551604025367,0.007561303913782442,0.0007382990200961497,0.0018444695976893783,0.005835404073852322,0.06234880306100503,0.00086846946817922,0.002060034725534153,0.014030677744227721,0.00018389515750525613,0.005522342947146244,0.1259844694094757
9.209832705200325e-05,0.017308060888705238,0.001281613701748045,0.008580909979108715,0.000984024144708403,0.025721028748882848,0.0003335166165387625,0.004758183102902451,0.009849784107677626,0.0007302992696610884,0.0019765573094415955,0.0008338471403553128,0.0002843931954145768,0.030069775910590263,0.03740218916958581,0.000463951904141207,0.015475598611747835,0.03309585250980526,0.006163508316805602,0.05183642555336796,0.014588969263631353,0.005274368381589746,0.05197530652802477,0.005257275333980665,0.0037156479871119255,0.017754427739027134,0.005574996115898705,0.009958888844332655,0.012246225121384548,0.0037257842053797187,0.007507658862687678,0.0010370309077647466,0.00455147415456943,0.0011569024115149363,0.003580810681652266,0.09210960700962205,0.018569305724843155,0.007170940670064213,0.0007584797449188641,0.0018335142688706398,0.006356409317868326,0.0014014662377735516,0.0010329503203996573,0.0038373060780875464,0.013703035534939217,0.00011543019283700908,0.004527868683350441,0.12825694238237603
9.206124542097765e-05,0.015400671598392653,0.023574365055651428,0.00837348988029953,0.0004960674868283879,0.15921483404283865,0.0033814041004849257,0.00863930702043675,0.009949511494369881,8.59351271678297e-05,0.0018708780457968657,0.004106814663070449,0.00030799687366168813,0.029909218739512793,0.03734857539330862,0.0012974156860335413,0.0032561916686902176,0.03298259779398137,0.005914188302810927,0.053233089353667586,0.012996560829278853,0.004709259851058308,0.016579846815287808,0.005256285495621625,0.0018291608075339744,0.013678725562549269,0.0050421713517603,0.013354288140371654,0.0009072597798873972,0.002638321313801524,0.006820884082184151,0.03343845861205592,0.004072981744519312,0.001483558679044815,0.004663068278004855,0.06018823339136613,0.01650828693573525,0.0054470659530891155,0.0007639560711843598,0.009377261102713051,0.005497817491479227,0.0005135795527093996,0.005271605256868532,0.0038857722070458466,0.0012439727518714736,0.014875537781665768,0.005478171088838406,0.008303304330942311
0.000748993715625514,0.01556975231265907,0.03064105920508211,0.0017009561858029342,0.0004498642029083455,0.117699676193581,0.0040350540745281264,0.0049160865888935885,0.009940711683844309,0.0006834837961911101,0.002059733677983174,0.005197652370373898,0.0002487403488006108,0.03093765344915622,0.03534161437279743,0.01316091277107594,0.01506851074609678,0.03327242659866051,0.0022871184507385137,0.050664139775794315,0.015858958507439617,0.005294335494433071,0.037668179199237095,0.005326198541076114,0.0021636235333602257,0.016611661057959363,0.005584927541918573,0.01314828331655021,0.030236259559964722,0.013466870060307043,0.00330133512740463,0.007925861221277452,0.007910750665582712,0.0008059604548816849,0.0009052981211033512,0.014465635972315052,0.017574586912194025,0.007338265071517838,0.0012545876796565417,0.001844934384226646,0.006270273772513429,0.004784907524314923,0.00041034454535903396,0.0019628419132568975,0.018018320585623818,0.000969790008763302,0.005654012954555069,0.023172858892019477
0.00017411296888424419,0.01726838425487518,0.0012855215973564436,0.008570855943653432,0.000984024144708403,0.025721028748882848,0.001554406759407673,0.004758183102902451,0.009918406944655655,0.0007302992696610884,0.0074115508416960135,0.0009961795232085533,0.00028317839830568653,0.030037526822143727,0.067321770048168,0.01303656604632586,0.015443720316723449,0.033478311376230044,0.006194959972182075,0.05179919726154059,0.012998477786535548,0.005056570995054467,0.052328454305616334,0.005219808450912812,0.0037816207161629816,0.017224261710832484,0.005093774425332622,0.010520958639615373,0.0017218360911739564,0.0041569095521247915,0.007508918647862651,0.007196111297677624,0.0039163150821194615,0.0007026173980454655,0.0015526718245064321,0.10770220002837783,0.016114808729840557,0.007169926593451086,0.0007377997296908447,0.0018445223363178218,0.0063374321343841866,0.0014014662377735516,0.00527368649758739,0.0038373060780875464,0.01408595362517406,0.0010787765338035804,0.009981074865585849,0.020629684068297106
0.0015148048822401874,0.01784647236590067,0.0012239901631881838,0.008121057913040033,0.0009663383945793991,0.020882572917876686,0.1332862910865638,0.008867560536207362,0.0030344793304698716,0.0010129366314067466,5.3939590505355794e-05,0.0038122396196680584,0.00015055516392523122,0.024879486365643494,0.012246359463987548,0.002255933756895501,0.006962644568279105,0.03312065812919311,0.00269656580373303,0.06532768212295485,0.015544028672563794,0.005333383445761363,0.017540810506178065,0.005200667627615025,0.003972243557517617,0.0013753944329915474,0.0006047247697744224,0.1420669199124684,0.0002656218629672989,0.0034569930745864666,0.006394027544228232,0.0301839541989056,0.0037329231416309123,0.0013445725577886473,0.0036438755489096274,0.1018201612830688,0.01622747539317305,0.018958748987395514,0.0020465001051416885,0.009302547612715472,0.006022082246326802,0.0005404772827955035,0.0005171349493225275,0.0012888357727984415,0.0011587713281877182,0.00018178305879268335,0.008177974541684684,0.173395486355511
4.006551318688875e-05,0.017295816682714907,0.0012084258687774195,0.015119200247565313,0.0010168442562360157,0.026476165750339384,0.003172223759041189,0.00906548417674273,0.031009787451468884,3.496526412845151e-05,0.002748368271774471,0.004109819882522863,0.00025077021929919923,0.030932666261488204,0.030819607628841533,0.0006872091863981975,0.002777743857136486,0.03327740559490967,0.005738652211917759,0.052583375049846295,0.013163457615417786,0.004690956364895387,0.25208105262552283,0.005210521902353267,0.0014925365331154522,0.017083705807885565,0.0031851319819802444,0.013195506638396576,0.012225542636003464,0.004032877110319302,0.008251644172854728,0.006108946205851574,0.00403865948687805,0.0003425766931662651,0.0036052777776140314,0.09023414164089036,0.01899755972997131,0.013881394314133415,0.0007316281285326939,0.008882976449854597,0.0058221415220451244,0.0014830014732690564,0.001090379176750224,0.002367026373158599,0.00480577751632856,0.008503075525675792,0.005349991284713936,0.12746419884788324
0.0015001762934783614,0.01726924345715225,0.032604766790294046,0.008566370657905997,0.00047576011575731957,0.025972083962355196,0.010339980957475398,0.005090119975011146,0.009764999880383506,9.918550596763771e-05,0.012871334147126372,0.0008866499174458294,1.1900191445440194e-05,0.0010090620019378438,0.037667637639224524,0.02587608779436879,0.015560590591752936,0.03486531926915702,0.002372920121357564,0.05135972068035168,0.015548977784406634,0.005053923755642745,0.04073942794112979,0.005254165090271059,0.00417325773268034,0.0027444574954739506,0.0006182495190524395,0.010520958639615373,0.003952121297703946,0.004249345267000001,0.03569297931851382,0.027657771748223942,0.0038321514267960154,0.0145134254962737,0.0036489183350675303,0.10194575758779906,0.018739727416042816,0.005540970535098461,0.0019007178290659558,0.0018445223363178218,0.005554693878308321,0.004711062702262896,0.005960084174675981,0.0019910011785714745,0.0007043719651765889,0.008621227243808274,0.012479049357195498,0.011106427661585315
0.0014968334859784829,0.017266425825318864,0.0012812538994380301,0.008780513812355168,0.0009582744669926872,0.026370292558690535,8.327591580254215e-05,0.009081319452215422,0.010562089157816902,1.8953726609215768e-05,0.013471216873470733,0.00406699645587691,0.00013402952437086086,0.03079019328087351,0.03533480296516292,0.01443400409183047,0.002568966757340338,0.0333991792511995,0.0010877283380186765,0.08201213620474504,0.00864301505384011,0.004737217470835206,0.019328263013829335,0.004813055615126648,0.003964280342596494,0.01665575536126873,0.005634423606904085,0.15168910606872416,0.013021077818455476,0.004262766729581192,0.008010767123943533,0.012918714292228043,0.004584301146107443,0.0008013339772841133,0.004605775576437873,0.10012179064276581,0.016101137138521217,0.005477086866167847,0.0006284220848951218,0.0018924394552836577,0.005937912086849401,0.005174439031357976,0.004546593136417356,0.004165673661566978,0.0014774805270699376,0.007832997501169971,0.005434884679332535,0.16527088367369408
0.00013529334877600795,0.018229491992226204,0.0011496414447516275,0.008158408402799593,0.0008692434065620448,0.02976000328982439,0.0035117968316749487,0.009112477462960518,0.003035347840628114,9.789781746193923e-05,0.0007284799571777856,0.003737953621689864,0.00015048696028289972,0.030302060054838622,0.03717359744322701,0.0013827313541461238,0.00709499976487917,0.033420528656485406,0.004837805933285374,0.06277279167980093,0.004027800996962307,0.005315827808668004,0.05112498327705796,0.005328218448316169,0.0017692344453815094,0.0015998712914013942,0.0008371301366103159,0.013160526228690947,0.012714293439827102,0.003443599171605763,0.035448784330950917,0.013559585790649389,0.007178818532939378,0.0007290874273214866,0.003961946328592318,0.102386256912808,0.016224923107332152,0.005253382646946788,0.0019846476800138026,0.009239221860491295,0.006005632484352027,0.001369682363370256,0.0004228753159936077,0.003584544595702935,0.0036711815473028393,0.0008110589154072276,0.005824129729115793,0.12737428219235938
0.0007951860796942727,0.017313318454633513,0.0018204282048498077,0.007353184790823341,0.0008661202356831879,0.02607296192626477,0.010330817396359836,0.005098016943333171,0.010027736669491812,9.920783692971989e-05,0.003227170859833907,0.0008602117039604206,1.7750241203485107e-05,0.0005047811408322167,0.04482253843702268,0.0016131805449638948,0.015383197928989512,0.03275928382222163,0.006150824897855339,0.06134255548681538,0.015548977784406634,0.0053199755349045705,0.040575919545668936,0.0053315924640686425,0.0037640062106449887,0.00017117783553966415,0.0006169638255345135,0.010520958639615373,0.003952121297703946,0.0038998013395943544,0.00792251832857216,0.027657771748223942,0.0038321514267960154,0.014183080004757756,0.003439650431801597,0.10449074148491541,0.01905957789990944,0.00702037286183063,0.0019007178290659558,0.0018445223363178218,0.005846296120635,0.004762985153713486,0.005872327152847331,0.00423466590466853,0.0006515973380504334,0.009045590936084608,0.00829895305610142,0.011106427661585315
9.694418869674986e-05,0.01726838425487518,0.0012812029068659918,0.01392724051146571,0.001006242953295141,0.02771817381628246,0.001515151745483164,0.00047595165844207914,0.009849784107677626,4.554251182442229e-05,0.0017820507563849858,0.0041941840290172444,0.0002843931954145768,0.03098975068083479,0.03740218916958581,0.02567139272626161,0.015568975393232784,0.014342958051663733,0.006116383534180475,0.05322344786667094,0.014467528978034116,0.005054917199277427,0.020739122051490932,0.0052566844592195905,0.004179302806310259,0.01774729963418385,0.004567499521226955,0.01317988589494561,0.031318028873899326,0.0037257842053797187,0.007508918647862651,0.005633031660940127,0.003955995546462539,0.0007017557457209694,0.00031662630353247994,0.022617272265766483,0.019168734571384887,0.007218886394270227,0.0007377997296908447,0.001856149159882269,0.0063567308835394696,0.0014014662377735516,0.0010329503203996573,0.003990588714710837,0.0016537205207608047,0.00016971049478255488,0.004527868683350441,0.011452434785906641
0.0008882119605955811,0.019268810256371595,0.0011939116858408444,0.008651645188950313,0.0009580960253305347,0.029794000508401204,0.003487593498291865,0.008813430890437563,0.009718004187751523,0.0001668327137893234,0.002778876896410611,0.0038450124391575928,0.0002534213120624659,0.030905999364988126,0.03586660655561275,0.014717656656722247,0.007718058009911865,0.03308522620059475,0.002790099513063263,0.08477104711182012,0.013084008086962917,0.00473542493351851,0.01836840212081666,0.005242896138832109,0.0032948489747963196,0.017529523658484276,0.003746534794603516,0.011948838500221394,0.012324322044286299,0.004097512192927404,0.0074068271983719165,0.013169901876719969,0.00657663072803372,0.007683844176351949,0.0034692258677292377,0.09304763881607372,0.018611113005048963,0.007082029483809054,0.001153250785415473,0.0016363116619932815,0.015066232633478973,0.0053854479245341045,0.0007013369308884517,0.005374232617946663,0.001167586574708552,0.0076901354144408825,0.008797403989240024,0.12617037795586503
0.0015148027370553662,0.017819055867983477,0.0012902168631779773,0.008121057913040033,0.0009663383945793991,0.02961747013294662,0.0056381157228470105,0.009183592713399292,0.0030344793304698716,0.0006649461932251415,5.3939590505355794e-05,0.004063891558800756,0.00015055516392523122,0.02475682903875483,0.036423438039608576,0.002255933756895501,0.006961684846711557,0.03312065812919311,0.006319758341623079,0.06223601685514988,0.015544028672563794,0.005295147642856002,0.017727675389347726,0.005256991785168657,0.003879933727829285,0.015773785949840406,0.0004991758159748529,0.1419909069147982,0.03087771298396429,0.0034621187546573454,0.0058165733970994785,0.01117989014619616,0.0065600586603004165,0.00012600614901734806,0.004692589936109438,0.0956280751452699,0.016209596029670443,0.019867620360053864,0.0005977389255434374,0.017141540492226645,0.006027308489256691,0.0005254195698427533,0.0007022529743454129,0.0012969011558680121,0.0011680783252304863,6.868758312670448e-05,0.008177974541684684,0.1695079375800904
0.00013832272211090728,0.017297060815025658,0.001290206818202049,0.0067024050270706095,0.0009376577369152115,0.02999610790410283,0.0013904536833666905,0.009728653228817729,0.0006558114435075507,0.0006818477560384869,0.002023902193601141,0.0009806212641701583,0.0002960206425844135,0.03103025465424571,0.11814217958925459,0.014587583400491698,0.016411621091826225,0.014307840174113025,0.0026625657835287653,0.08595366420621275,0.013158135297362246,0.004759039766672618,0.05221974492677027,0.005257275333980665,0.003756801530878794,0.047693090972638796,0.004583008879655445,0.14566227539127996,0.0015372399214257624,0.0037257842053797187,0.007994622453928674,0.005590084736429621,0.0038829485960034087,0.0009401201084450264,0.004555322763410476,0.060147291082576326,0.015668952231155157,0.005413892308104448,0.0020834691151613615,0.001795603643309996,0.006027686025465671,0.005215792145205025,0.004915110581447058,0.0013658538865824832,0.012941001768133436,0.00022206144137080098,0.005639560037385236,0.01247240575013038
0.001500754517721027,0.018179796280952912,0.0109283377474128,0.019275729329228407,0.0002964603124050108,0.02985484621151303,0.00010983037188538555,0.0008478639419266568,0.012440674744510478,8.432759780250572e-06,0.0023866017122813753,0.0040535504508068376,0.0002464378914435215,0.029148826065702158,0.12284589024358131,0.014505275821248866,0.008082502725420021,0.0330823049582966,0.0010449491793471976,0.058914433403361874,0.01316556757565495,0.00277050045377887,0.051114544941331386,0.005190240486343334,0.0037920447199955927,0.0025023166656125747,0.003235474561309612,0.00939986754013666,0.012188745123561107,0.0025608790747263382,0.006885767384337132,0.02783928007388336,0.0038380223997619635,0.00046513132429480854,0.0050939882922991335,0.0901779723754879,0.019129238194691294,0.0077476625007066365,0.0005982736419694845,0.007228087405226269,0.005807729131978097,0.06923006869618688,0.0050795523149533995,0.00921209405589839,0.00456555076813262,0.00875178573862353,0.005528113810219894,0.13141774693764088
8.388214476924311e-05,0.01713613232862895,0.001286172497322631,0.008573470852226447,0.000984024144708403,0.02607296192626477,0.0014824479138963783,0.004758183102902451,0.009918406944655655,0.0007302992696610884,0.11544166560960964,0.0008338471403553128,2.886869275106369e-05,0.030069775910590263,0.06726381466149489,0.013327870156241164,0.015383197928989512,0.0334890111053093,0.006184603888059677,0.055854043337699624,0.015656451525566703,0.005056570995054467,0.05234554702948498,0.0052193914491565335,0.0037640062106449887,0.014645043044238477,0.0031916037354563446,0.010520958639615373,0.003952121297703946,0.003690077892577055,0.007508918647862651,0.027657771748223942,0.00348512116209875,0.01439231078439892,0.0036430585014138694,0.10449074148491541,0.016114808729840557,0.00702037286183063,0.0007378579459611717,0.0018445223363178218,0.006337164426402275,0.0017772277359951664,0.005785392688289328,0.0038373060780875464,0.014858142675692278,0.0010787765338035804,0.012479049357195498,0.011106427661585315
0.001500754517721027,0.017268694894368324,0.0011493368440909904,0.013917058769536514,0.0009831415662689704,0.029250370967502687,0.00010983037188538555,0.009332611726574753,0.0052827972469620295,8.540204403670625e-06,0.0075264856369408745,0.004096167723038184,0.0002534037737587277,0.005321106293138181,0.1198062470203699,0.014505275821248866,0.0027793955081645604,0.033392013763521355,0.0057001223863603605,0.038862491235507855,0.013409152175136566,0.005291590214152875,0.0501757694272158,0.005207079807469641,0.01115050845497502,0.016763097481917063,0.003264694026845503,0.013200212139031416,0.012188745123561107,0.004106186639384654,0.006819770827272479,0.007507640898975488,0.00391371963727828,0.0003409061111123204,0.0008319139320934284,0.09261900561887815,0.034884081487914005,0.007542991688733598,0.0006080763858223367,0.0018292765516685818,0.0063512807284267815,0.06245007829938712,0.005249838454914467,0.0018160930694731904,0.0016429302112540055,0.0012014468273758448,0.0046201252040518935,0.016794901803997064
9.208331208154671e-05,0.0003231104745969821,0.0008134304546634388,0.004463009052071641,0.0005051591720298885,0.08010554939963774,0.0034282375941981844,0.008527686764704046,0.012726406125058131,1.1177214684334456e-05,0.001842809274199502,0.004306816920377231,0.00030656330024519127,0.028877631129162775,0.03734857539330862,0.0007146795091266599,0.0024444238675523384,0.032976112307000455,0.005947107289213661,0.13201986775871874,0.016620014474223854,0.0047141530574234276,0.016575468341420336,0.0052555534911448015,0.0021656339864518925,0.017086244825430322,0.00504291369855763,0.009322083326894826,0.0018387846673514855,0.003928820183964524,0.006391469418468648,0.03314946286514759,0.008180641086564897,0.001473713979644581,0.0036180809349092916,0.09629792957331675,0.016127890119451524,0.0056234570074697515,0.001243714061474674,0.0020521914485856435,0.00550636406826387,0.0004951192486678986,0.005540341100698861,0.003752745285842636,0.0015490127014760357,0.00017865818993415973,0.005090532490157705,0.012533356032210698
0.0008602219492695719,0.01767054517133984,0.0006064288651483427,0.014736213623075822,0.0010188329826080408,0.02662012406517902,0.0019502696922388068,0.00923624195497292,0.006006703614999942,0.0007722933895430372,0.15611780830286615,0.005163591848857617,0.00030193009086137366,0.0016935699498205684,0.07085970102405036,0.0012972427329815545,0.002479599846127712,0.033242349994219454,0.005985770238705209,0.05824767007808008,0.013401514672761556,0.004716152093618781,0.05182972980054068,0.005359032773212782,0.002085318280401204,0.016931595643538924,0.005168320396004635,0.008820082092086835,0.00039580569631529703,0.0037394784252242244,0.0057952078159526355,0.033737963899433676,0.0070408979291335105,0.0019120537781945556,0.0010002510668973993,0.08702069714169852,0.016133215145247334,0.004346331379615726,0.0006594065092744935,0.0021957569581251796,0.004322195639922665,0.004987037422737493,0.000841664308824749,0.0020050009112916904,0.0013043928942828578,0.0002061970511838566,0.008829895758127638,0.010997462259453611
0.0008308822118304603,0.017295778926439565,0.001296693080558019,0.009000463472849805,3.7927567876644246e-05,0.020268922917350246,0.0031463894822022706,0.008996285132415002,0.010044243204552196,3.531802079691041e-05,0.011386551161453403,0.0009662589877509336,0.00029408492741358593,0.028913711534886213,0.11487255575127867,0.032701811879713126,0.003390026830787326,0.03421377907347683,0.006002476379193006,0.03184048429917468,0.013272561307562882,0.004650814554934315,0.03975140543599662,0.005258406974605513,0.004038396479741687,0.0120694024560434,0.05145392722652724,0.01057808668991113,0.003120443987480211,0.0037262356471096996,0.007233936424582649,0.005411156816846408,0.004099668252572926,0.006195053794823779,0.0018653413707132094,0.020820577357800102,0.015720830782499737,0.01891917694024806,0.0007377997296908447,0.009013246271725167,0.004168756745714183,0.0012578580532456684,0.0008054712852946094,0.003737117885560729,0.0012599594301078364,0.007627970819449373,0.005489988497150803,0.011423770055212017
0.0015148048822401874,0.01784647236590067,0.001525954449284568,0.008121057913040033,0.0009663383945793991,0.029770767502492225,0.1343940128941918,0.009112742285660565,0.0030344793304698716,9.78992067295485e-05,5.3939590505355794e-05,0.0037393263141894508,0.00015055516392523122,0.024884433111656726,0.011491240328750985,0.002255933756895501,0.006962644568279105,0.03312065812919311,0.00269656580373303,0.0616102277653395,0.015544028672563794,0.0053094975524608685,0.01753085682185694,0.005258244191992533,0.011495383141202051,0.0016047129516886553,0.0006047247697744224,0.1420669199124684,0.03087771298396429,0.0034569930745864666,0.005852067129692096,0.0301839541989056,0.006589551212983078,0.00012600614901734806,0.0036438755489096274,0.1018201612830688,0.01622747539317305,0.018968956675376934,0.0020066303690844836,0.009302547612715472,0.006022082246326802,0.0005404772827955035,0.0004848579875317482,0.0012969011558680121,0.0012245935581363403,6.868758312670448e-05,0.008177974541684684,0.16897401440031667
4.155082161346683e-05,0.017265211481052326,0.0012812029068659918,0.006718426136627239,0.0009611325334607855,0.027749732758125985,0.0013904536833666905,0.008971002151682169,0.0010248890937794661,3.9118714451262786e-05,0.0018586339550608526,0.003753101972115126,0.00014233817418916664,0.031397879724300755,0.03740218916958581,0.025871380623161598,0.0027754127953603927,0.03295299520350126,0.006116180837234799,0.05322344786667094,0.014526557329192152,0.0046464761333303095,0.04019530800641383,0.005256986887834848,0.00410350297195146,0.017685402001461327,0.0006359027565752261,0.0069264669519104455,0.0015356529070200634,0.0037257842053797187,0.0075113737571974315,0.005751856720326224,0.003928772627850912,0.01457712372492191,0.0037381229805549298,0.022562278310851117,0.015685024922697157,0.007138417469483989,0.0007377997296908447,0.0017888671538966745,0.006323741095704903,0.0004863805694086907,0.005517555111845088,0.0019115013662892608,0.0012586575670074723,0.00017721939346794253,0.005482821676244034,0.16313694514951224
0.0014985457474910961,0.01783597471777591,0.0011586306836713195,0.008075625849443524,0.0009737926193902655,0.029713579705665474,0.0016296898842208113,0.009112742285660565,0.0030344793304698716,9.177044036891756e-05,5.3939590505355794e-05,0.003737661376993775,0.00015055516392523122,0.030082848066657696,0.03823852354663599,0.0021916322539008177,0.0029841727513340334,0.03308333770164679,0.00269656580373303,0.06160206276808023,0.013337968701200062,0.004715803193460395,0.05141613020673376,0.005329703187854345,0.011151116669567798,0.025414988482691567,0.0006032945887060794,0.013950863580456403,0.002274008086336399,0.0026318855779720795,0.03480372900868388,0.030077531532170666,0.0065476032732963005,0.00034647914339440883,0.004644442607449016,0.1018201612830688,0.01893640418320249,0.0052087338423750145,0.0019669573896841765,0.0018190480261116068,0.005841482052987368,0.0018932640978516213,0.0005088529630081367,0.0012969011558680121,0.0014027099552643052,6.998700789139357e-05,0.008177974541684684,0.18821704617103746
0.001497030755486655,0.017340672339047472,0.005185206007186721,0.008778055081568533,0.0009622943504038822,0.14133566437855327,6.954759205737675e-05,0.009014989068617314,0.01061263135509055,1.8953726609215768e-05,0.013498234656963887,0.004068770279212742,0.00023363939901267187,0.055475310363671274,0.03652388315219862,0.014403155719251675,0.0030916997354786813,0.03469091870289917,0.0014643832350639966,0.04958654719983094,0.009064809724942429,0.004737217470835206,0.01757980292558292,0.004813055615126648,0.003964280342596494,0.017069157256440627,0.0030370062206617945,0.014726977107332631,0.013565952148006084,0.001952516940154294,0.008010767123943533,0.011805447543187594,0.003902780504050518,0.0003559572787379438,0.004605775576437873,0.09984128589699262,0.019077201306445773,0.0067399477902932185,0.001217123757512482,0.006682082827841532,0.005937912086849401,0.0051739637423498285,0.004958002864211772,0.004166695047014219,0.0005869416091981131,0.007832997501169971,0.001369607886946355,0.16527088367369408
0.00017411296888424419,0.017268333534403348,0.0012855215973564436,0.008570855943653432,0.000984024144708403,0.025721028748882848,0.001554406759407673,0.004758183102902451,0.009918406944655655,0.0007302992696610884,0.0074115508416960135,0.0009961795232085533,0.0002832216390958355,0.030037526822143727,0.067321770048168,0.012275634422465067,0.01551205368111584,0.033478311376230044,0.006196960488459055,0.05323102681628155,0.012998477786535548,0.004660113627869273,0.05236358491534138,0.005220530151677982,0.0040976590355036755,0.017224261710832484,0.002990096260717812,0.010509106943999454,0.0017218360911739564,0.0037435164850335356,0.007508918647862651,0.007169920767322087,0.003916635903821971,0.0007026173980454655,0.0034467671084656816,0.10770220002837783,0.016116711880455794,0.0071385522358165775,0.0007377997296908447,0.0018445223363178218,0.006337367750795506,0.0014014662377735516,0.0004168747454429203,0.0036741782328078352,0.01408595362517406,0.00016584543353334114,0.005432572108362815,0.011497074290972438
0.001422178009774562,0.01976843404295896,0.001537478653178852,0.008122873767201035,0.005166597505758777,0.13662161182174742,0.002399571822709242,0.008260237403456295,0.01001398336844071,0.0008392898880014121,3.338094182179271e-05,0.004273841848387267,0.0003075795393126813,0.03140145378432559,0.0444345282688198,0.012174732727967503,0.0069071649003460455,0.033272297513866046,0.0050671044052505295,0.05312742895747752,0.013279216002972424,0.004733040484402304,0.021927466421875742,0.005331552434136192,0.0012909934513845329,0.00144460967567183,0.003501235887599342,0.012916722041451676,0.028915829087164273,0.0036122482039348076,0.009362988068482176,0.009279857137246692,0.0018418588495373155,0.0007878834925783586,0.001048223667581354,0.10136780628074263,0.016271014880680848,0.00426818571745722,0.0006881310687730317,0.0016878842272030825,0.0059598476935468925,0.005433000833149241,0.0013452796760976544,0.010099964568309937,0.001534089960050972,0.00021607377322592058,0.00807960513224905,0.011082455359410886
0.0008511907763697175,0.017308060888705238,0.001281613701748045,0.014501066935179326,0.000984024144708403,0.025721028748882848,0.0004149744570245598,0.004758183102902451,0.009849784107677626,0.0007302992696610884,0.16596076792487102,0.0008338471403553128,0.00028206620786951666,0.030069775910590263,0.03740218916958581,0.0012994555424253845,0.0034423501112614656,0.03309109390801523,0.006157502158315128,0.05183642555336796,0.014588969263631353,0.004711635813440408,0.05197530652802477,0.005257275333980665,0.0037156479871119255,0.017875736830665352,0.005564686347364768,0.009965334521777407,0.011263979427604901,0.0037386214705590164,0.0047264370027441166,0.0010370309077647466,0.006974133455394839,0.001176705318610501,0.003580810681652266,0.060835881504045855,0.018569305724843155,0.007097802075562882,0.0007524032803606918,0.0021148728165286427,0.006356409317868326,0.0014014662377735516,0.0010329503203996573,0.001982223083989232,0.013703035534939217,0.00011543019283700908,0.004527868683350441,0.12825694238237603
9.206124542097765e-05,0.015183557984299814,0.023574365055651428,0.008674322220485626,0.0002829940843084509,0.0743858603926072,0.0033246004908628274,0.00863930702043675,0.009949511494369881,8.59351271678297e-05,0.0018708780457968657,0.005213773565230532,0.000302731743991254,0.030052442909375546,0.03734857539330862,0.0012972502351340516,0.002462767434804239,0.03298259779398137,0.005913615404458238,0.053233089353667586,0.012993170792527497,0.004709259851058308,0.016579846815287808,0.005256285495621625,0.0018291608075339744,0.01694711409308161,0.00504291369855763,0.008892387710495534,0.0009363534895296407,0.002638321313801524,0.006820884082184151,0.03343845861205592,0.04659260519862307,0.0014690618353152534,0.004663068278004855,0.08599916593727552,0.016135746730904333,0.0054689714377063004,0.0007635891608933023,0.0020507068166695924,0.005497817491479227,0.009179981201887268,0.005271605256868532,0.0038857722070458466,0.0012439727518714736,0.00019908828239317616,0.005478171088838406,0.008232398181308853
5.0066941854246916e-05,0.017295157783231055,0.00114949248207364,0.008899712402037846,0.0005195127964411331,0.02761830670027677,0.0001587010793304499,0.008971002151682169,0.009692679678714611,0.0001296499234533068,0.008916709639261222,0.0008009349301404298,0.0002843931954145768,0.0290373910086382,0.03740218916958581,0.02602181950690623,0.0027754678427805483,0.01430843278053125,0.005708521575443586,0.05322344786667094,0.01444770638595466,0.005297812381225692,0.05068791965221467,0.005257275333980665,0.004102215192099543,0.018081215912841116,0.0031930562112689707,0.010570605607874452,0.0018762167905484383,0.0037257842053797187,0.007508918647862651,0.00760829745251293,0.003928772627850912,0.014583998616134117,0.000921049246114659,0.022617272265766483,0.01568946945436917,0.007138417469483989,0.0007377997296908447,0.0018321734341329905,0.0058304297911412626,0.0014014662377735516,0.0007986050795335192,0.0018933139239558179,0.0012586575670074723,0.00016971049478255488,0.005482821676244034,0.11980662252871183
0.0012530911329818046,0.01631126339345517,0.001221437208957848,0.007291562814940277,0.0006086575047466673,0.037839479326218915,0.0033242137122478383,0.0014862834244347327,0.009920157705340863,0.0008947872887963984,0.002870848809952863,0.0010667609013094558,0.00030331769812311595,0.02498597968660086,0.03581360946448983,0.002383334249317289,0.006930631319694977,0.033247149793252606,0.0009305890744807622,0.05222476328841564,0.012940747536818396,0.004644800888560658,0.009552721440816273,0.0031222891362551,0.0038768715375193394,0.000903329251333844,0.053457784282122334,0.00942101938635128,0.0012786407073473382,0.003552062367795924,0.007228207362068073,0.006591847486403963,0.0037384218875924197,0.05164788236084824,0.001465733221674201,0.1325068701663992,0.01573944835538571,0.019270676179485895,0.0020476883841482703,0.001777164521296272,0.006575452257571179,0.005302476696854163,0.005278287054259168,0.001421631383704516,0.0011630483959414468,0.00019256741391131848,0.004435664221341022,0.005209932120153341
9.694418869674986e-05,0.017246126577601592,0.0012837039305854377,0.008583843632493553,0.0005246280107747593,0.027969317833974185,0.0015993609737742097,0.0007100691878391342,0.009849784107677626,4.4359234922393984e-05,0.001103160316594869,0.004106704887711364,0.0002841867412255548,0.03098975068083479,0.03740218916958581,0.0004519900849305168,0.01392701585810641,0.014342958051663733,0.006116383534180475,0.05323309610742687,0.014632896213325702,0.005058998663821343,0.040273833473872686,0.005281491817341472,0.004188492748460997,0.017770381220100738,0.004567499521226955,0.009129531403076081,0.0007849559914384872,0.0037257842053797187,0.0057028085032700395,0.003269995000820699,0.0039566899149630986,0.014392194992516228,0.0002931771377132513,0.022617272265766483,0.01907364746314369,0.0054271114546829875,0.0007377997296908447,0.0018319634936466514,0.005716868838088885,0.0005403034812308959,0.0007448353231115118,0.003887140999949971,0.0012406426756638499,0.00016971178738759947,0.004527868683350441,0.12284396884531694
0.00023495594179339578,0.017925477326405963,0.0010242959549542946,0.014327723089093376,0.0009748845939077156,0.028265876061054036,0.0029133214149317417,0.009150448186784049,0.03718918509005837,3.342085530783007e-05,0.15558303242667215,0.003776461343384861,0.00030284645857423946,0.03115907771480574,0.03557319698177697,0.0012973148374429728,0.003273330665931444,0.03324980582482171,0.006091368693036773,0.05149350235982615,0.0037579023429560876,0.004715974291080747,0.05177385076349573,0.005257272452515621,0.002073830111428165,0.0012686256236171297,0.009071462379135278,0.0045094271308128205,0.014441780606341242,0.0037379176197146536,0.0032972981815671894,0.03368283063966221,0.00711828532310397,0.0008123678834751513,0.0014515870200789674,0.058434539356267544,0.01613810297439364,0.005493324203739961,0.0005995887250831428,0.002009327129121368,0.005488032907203778,4.857690036226374e-05,0.0008439056186619653,0.001881458814403946,0.001226302377248781,0.012535550721127156,0.0055272164325685085,0.24176935186157625
5.164539145563777e-05,0.018551846009715288,0.004424130592644663,0.01405056537425367,0.0004474956049421233,0.027183463787910808,0.002099160233611492,0.011042075308362036,0.009194686273683366,0.0001668327137893234,0.002778876896410611,0.003302062003444596,0.0002854345253274325,0.030918801549886913,0.03440781701745824,0.025964160885076814,0.007914349209052358,0.03307653681416881,0.002788649932289778,0.08417847195736856,0.013084008086962917,0.005266010921618555,0.05178865752663998,0.005242896138832109,0.0036060509160605577,0.017529523658484276,0.003703543803070113,0.01062942052673066,0.0011928742372331602,0.003723987721258174,0.007650297578111252,0.013647725592263495,0.007137008750950389,0.0008244413746707972,0.003589953070318578,0.09305005113735713,0.01864297369990527,0.007082029483809054,0.0011536035370625192,0.008900405159418699,0.015066232633478973,0.0011728529569835647,0.0008808096380570319,0.0020715270512575218,0.0014652792099412836,0.016393726929507066,0.004982387121435343,0.12377762056603302
0.00010150844335478018,0.017887658785432678,0.0006064288651483427,0.008515224326677631,0.0010097412969334182,0.02662012406517902,0.0019257257578552257,0.00923624195497292,0.006006703614999942,0.0007722933895430372,0.000670801654596917,0.004056632946697534,0.000309522208076868,0.030947740565362414,0.07085970102405036,0.0004619046417620452,0.015306464837233224,0.033247108596009496,0.005992349295548372,0.05824767007808008,0.013404904709512912,0.005278884661768118,0.05182972980054068,0.005359032773212782,0.002085318280401204,0.013541898021368369,0.005177887817741244,0.013275536844517277,0.0014144738624221513,0.0037266411600449263,0.0057952078159526355,0.033737963899433676,0.03652245955145134,0.0019067477148311425,0.0010002510668973993,0.09248349010137132,0.016505755350078255,0.0043975644895083025,0.0006658498841237232,0.009241067784449513,0.004322195639922665,0.004987037422737493,0.000841664308824749,0.0038600839058945957,0.0013043928942828578,0.01459778743289978,0.008829895758127638,0.011068368409087067
0.0015930431976561884,0.01726860710529972,0.001220270087068806,0.008683666518765468,0.0009829549831297099,0.03435315708325134,0.0034156407641310078,0.000685964197103945,0.0025886864295666303,0.00021893081906730426,0.0012681423322181329,0.0011889085081461558,0.0003032549313624848,0.024879422883154957,0.04866371967131431,0.01271186642578703,0.006666780845611163,0.013256264087842551,0.0009483126802408023,0.08630306186996758,0.014560764656665644,0.005071956417619277,0.015695079956675444,0.0031115584927613425,0.0018455618473761071,0.017784502294732083,0.005113064976228644,0.0064289231366250945,0.0014190819092378979,0.003541675947063805,0.008292531328910974,0.00658161605970224,0.003653802591627114,0.05991783036177925,0.003580813573486661,0.1325068701663992,0.018713504684652625,0.00700322676372825,0.0007387628694325111,0.0012188551941159156,0.006575452257571179,0.000539176416562451,0.005295339733980251,0.004006598019013128,0.0015543133446482772,0.0007640579917944767,0.004495086867113361,0.013888395406541755
8.88445197809072e-05,0.01729828377505502,0.005017444830016903,0.014651590835299802,0.00044702871827471903,0.029794000508401204,0.0003647158946230297,0.0047438706964110944,0.009718004187751523,0.00016043871952060623,0.002778876896410611,0.003858092905236323,0.0002534213120624659,0.030915952416222175,0.012776977324664002,0.014722498619075399,0.007718058009911865,0.033096025332338276,0.002788649932289778,0.08538159369410481,0.013084008086962917,0.005266010921618555,0.052939634985459894,0.005242896138832109,0.003321223798475356,0.017529523658484276,0.003746534794603516,0.011854633689759149,0.012225542636003464,0.004098889744926095,0.007509940392406575,0.013169901876719969,0.006570459769426212,0.003931439578618915,0.00349730333288481,0.09304763881607372,0.018611605822982713,0.007082029483809054,0.001153250785415473,0.001847416124258482,0.015066232633478973,0.0053854479245341045,0.0008808096380570319,0.00541743089367209,0.001167586574708552,0.035013587247920516,0.004730690374732226,0.12617037795586503
9.694418869674986e-05,0.01726838425487518,0.0012812029068659918,0.008583843632493553,0.0005167122997986793,0.02771817381628246,0.001554406759407673,0.00865271680338775,0.009849784107677626,0.0007248734926802189,0.0018586339550608526,0.0009954385368833613,0.0002843931954145768,0.03098975068083479,0.03740218916958581,0.025871380623161598,0.015568975393232784,0.014342958051663733,0.006116383534180475,0.05322344786667094,0.014467528978034116,0.005056570995054467,0.016638498379264524,0.005257275333980665,0.004179302806310259,0.01774729963418385,0.004567499521226955,0.010509294204196148,0.0017978669808597775,0.0037257842053797187,0.007508918647862651,0.005633031660940127,0.003928772627850912,0.014392194992516228,0.003580810681652266,0.022617272265766483,0.01915866999500758,0.007138417469483989,0.0007377997296908447,0.0018321896529199621,0.006356409317868326,0.0014014662377735516,0.0010329503203996573,0.003990588714710837,0.0012586731144349616,0.00016971049478255488,0.004527868683350441,0.011473598598923067
0.0008602219492695719,0.01767054517133984,0.001160147445505767,0.014477257815113205,0.0010210181285248278,0.026803988924142548,0.13685696915939308,0.00923624195497292,0.006006703614999942,0.00013827059913603854,0.15332835647353704,0.005151236633573627,0.00030193009086137366,0.030471596062435213,0.07085970102405036,0.0022598556367733015,0.002479599846127712,0.033242349994219454,0.0026773276666920195,0.0580985243749084,0.015489236932473614,0.005277711154493012,0.05182972980054068,0.0053311384377371426,0.002085318280401204,0.016931595643538924,0.005168320396004635,0.008820082092086835,0.00039580569631529703,0.0025360969786874365,0.0057952078159526355,0.033737963899433676,0.0070408979291335105,0.00047958973860179723,0.0010002510668973993,0.08702069714169852,0.016133215145247334,0.005016014321647829,0.0006594065092744935,0.0018137300257965478,0.004322195639922665,0.004987037422737493,0.0008415416293279612,0.0020050009112916904,0.0013043928942828578,0.0002061970511838566,0.008829895758127638,0.010997462259453611
0.001536603587857451,0.01559392107509995,0.029139136467255175,0.008899712402037846,0.00045235671923823495,0.11752958050404289,0.00027180506850498106,0.008886895806894175,0.00993683224574609,0.0001296499234533068,0.0021287655690200398,0.0051773411859715795,0.0002843931954145768,0.029063438538955415,0.03740218916958581,0.025871380623161598,0.0026674691041708156,0.015547381710047185,0.0024683713520378394,0.05363134245815834,0.003683605461960584,0.0046505911272193765,0.037700732284454794,0.005257275333980665,0.004118938672813997,0.016611487818665747,0.004552083275636005,0.010509294204196148,0.0013870198640091973,0.00415851514255601,0.006845869013572848,0.00798268369996319,0.003928772627850912,0.0005067390085063614,0.003599113442261613,0.022617272265766483,0.017578177897083058,0.007138417469483989,0.0006007580017051081,0.0018443995319446045,0.0062773682371282495,0.0020294932564072603,0.005226246929367856,0.0018753214825355433,0.0166331014283647,0.0010154398634159198,0.005482350310201218,0.01305295779235141
0.001239855249097949,0.03373586141539976,0.001225883412695444,0.01441925825144393,0.0006248469319230561,0.07953002529004596,0.006275696418630378,0.009068335387898741,0.011014955936314363,0.0007818503007342983,0.002849644333689128,0.00371119710149635,8.705998720063712e-05,0.0019634309087834083,0.0365484908828677,0.0006359600551279539,0.013691350660870644,0.03323712550101111,0.006163870514036853,0.049141399286847354,0.015783314316005874,0.004761073713882853,0.22939944080375768,0.004296297155079642,0.004037665643158093,0.0008701902184454647,0.05200830001396819,0.009420873329660729,0.03005787397343883,0.00406750665608974,0.0055703929172717034,0.005984902560389107,0.004045550513024876,0.006293437036232655,0.0014685662221092769,0.09187270316729426,0.018657422491458363,0.019089236415350305,0.0012513067471175707,0.008735479073529354,0.004200798656361306,0.005374646050797575,0.0007924765383093421,0.001971313800578535,0.004488350629865133,0.00027962462934485316,0.004425272629333882,0.025699805176461345
0.00021873196889392988,0.01726838425487518,0.0011208522407963922,0.008724513608944304,0.0004495156604791044,0.02653906138437807,0.002925210415771217,0.004687451352158426,0.0052226250566979535,1.2671954376026193e-05,0.1538425726542603,0.004097858145611495,0.00029098284194278775,0.03009502273723989,0.03534161437279743,0.012995617614811533,0.0026624366798043133,0.03341966358333441,0.005132271667566791,0.05138530210881131,0.004012069730400807,0.004694496288971094,0.05148601201592651,0.005326198541076114,0.001755623661305248,0.01664670387627517,0.0032427616928941035,0.009518296249200009,0.012607860865075107,0.004160113275461408,0.008012433784850791,0.011356397719217155,0.007190885049372452,0.0019232612773280098,0.0008293173501152146,0.05770390271518913,0.01629283473391173,0.0032386083261913756,0.0006011722630417483,0.006169490436298894,0.00624886393035433,0.06277942739415893,0.005061767850627574,0.0035489126746226824,0.0018637337889153547,0.000975439029705561,0.005522424119499894,0.12948998756615882
