ADANIENT.NS,ADANIPORTS.NS,APOLLOHOSP.NS,ASIANPAINT.NS,AXISBANK.NS,BAJAJ-AUTO.NS,BAJAJFINSV.NS,BAJFINANCE.NS,BHARTIARTL.NS,BPCL.NS,BRITANNIA.NS,CIPLA.NS,COALINDIA.NS,DIVISLAB.NS,DRREDDY.NS,EICHERMOT.NS,GRASIM.NS,HCLTECH.NS,HDFCBANK.NS,HDFCLIFE.NS,HEROMOTOCO.NS,HINDALCO.NS,HINDUNILVR.NS,ICICIBANK.NS,INDUSINDBK.NS,INFY.NS,ITC.NS,JSWSTEEL.NS,KOTAKBANK.NS,LT.NS,M&M.NS,MARUTI.NS,NESTLEIND.NS,NTPC.NS,ONGC.NS,POWERGRID.NS,RELIANCE.NS,SBILIFE.NS,SBIN.NS,SHRIRAMFIN.NS,SUNPHARMA.NS,TATACONSUM.NS,TATASTEEL.NS,TCS.NS,TECHM.NS,TITAN.NS,ULTRACEMCO.NS,WIPRO.NS
0.004318589366404401,0.024130483286377128,1.682305694902797e-06,0.006092482084239687,0.04840119374141003,0.04058424197503663,0.0028562058844874964,0.009184026162259766,0.00999432557937123,0.001677977612790733,0.04693667032428256,0.004073492363959617,1.103042483246411e-05,0.05601326871402487,0.007894028546926458,0.01287815015601092,0.00032675591963329635,0.03393120916650554,0.006357937362059918,0.13358553044658625,0.059438087705698944,0.0027533442317807582,0.05564847003453034,0.0052545360803258985,0.01329309403059558,0.09750660931686286,0.005519379344144851,0.011334359869170566,0.03000551396198819,0.01852374360130399,0.007275858324326288,0.084904978294038,0.0016431765133804004,0.014279685238542677,0.004618198734561434,0.033890494756439384,0.018866404784928226,0.005796709350640333,0.000680077119090758,0.008891045860427231,0.005281348019375549,5.368547464808596e-05,0.0002490335060366846,0.035358712810805756,0.00087297021137654,0.009325302269211109,0.007718425886694171,0.010598947018453278
2.287425211448572e-05,0.00018912495633193263,0.0006510303077284037,0.007480351239831807,0.00018585473782282644,0.053007722900628725,0.002417866100569801,0.008824083550163226,0.010031023970145676,0.0009816710481770298,0.0027711180465778374,0.0049661600864276435,0.0003117610941712306,0.03259010140290229,0.03275799364564858,0.012558019686229757,0.004460294429564949,0.03326497270327556,0.000898704043206701,0.011201360396967446,0.08555713285128341,0.005087769386206362,0.05841329653649627,0.005242520300319597,0.008279677183301951,0.010626853973628416,0.005540954250550791,0.00919051830622496,0.017749658044469634,0.023097519562600793,0.00392676844749803,0.007795400670490931,0.10783859407609914,0.00037255335753549456,0.004595294593927886,0.033160684676707554,0.018335989073236015,0.0020431603086561423,0.0007048929069679183,0.006573224349245011,0.0026136345954454916,0.0006984943188953562,0.00034502253807690893,0.0057594921003870855,0.0012600764099459192,0.008968326722947052,0.0013922268161828894,0.00022817279569112628
0.003840334660952527,0.0012367866932943476,0.0006514412737548784,0.00818867453928914,0.0005225651002777592,0.04224451582945594,0.002415463154365376,0.008397314627359343,0.004416131773458672,0.001951342659242666,0.0011312751474747249,0.22641356054302286,0.000354561626793435,0.032185550318688146,0.15579439127980335,0.01341212440365657,3.898290483777753e-05,0.021274157904365057,0.0007648651228838702,0.1287990622985552,0.016842975657614785,0.004536412705409722,0.0410772032182612,0.0052590954958355906,0.008232883209867791,0.01662832592138973,0.0054445616535161775,0.009143135971973124,0.005950620771933717,0.00016980735787999534,0.014858937017229106,0.008494205067139698,0.003440935122492183,0.016555256334413734,0.008322413706272395,0.05865785611896822,0.0073740873675603395,0.0011940597473798502,0.001267078681274713,0.0030137297753485143,0.004652789403061939,0.004774928381261171,0.0004662842722060982,0.03771256478413998,0.0011111834740463655,0.008005396578374284,0.007780347756941598,0.04442894601022814
1.4061288497780461e-05,0.0009725986560140429,0.004268180267526287,0.0067970200969536,0.00019033242718886467,0.04212240953639762,0.002419358351140752,0.008910863735362255,0.0050437706238927885,0.0009117898706697466,0.01029058310838803,0.009687192587714284,0.00035486034469369413,0.003974291932300995,0.018875942032598472,0.012889849429482977,2.4685468413275817e-05,0.033265384120962034,0.0007640335750365153,0.017121712818322674,0.013342425558440521,0.0045303813667629455,0.0402064922016304,0.002347366705594888,0.008486134089161488,0.011342948330387813,0.005940210439580677,0.009964061301556495,0.0029745207227917566,0.020554285235373195,0.004782034816880191,0.007805446852440087,0.0028502386979719838,0.012396762580898429,0.0024174504873305156,0.03186348597366159,0.0194164666028905,0.0012129684156373744,0.0007708665742468183,7.694390819610849e-05,0.005336234590952755,0.0015819812977757952,0.0004546088493527462,0.0051648018140386,0.0011115499464773382,0.0001537961553091903,0.007897605364849994,0.00028670318263373205
5.1771010873691585e-05,0.001651182592318369,0.0005452347739828081,0.007483111725686658,0.0005231262980954442,0.024720913708968745,0.0004743769977924143,0.009589387568207385,0.00437270828377442,0.0017517130800777637,0.08672890799576977,0.20854914095581611,0.0003557429144487061,0.03217780485612117,0.11732106484370396,0.014163871456866189,0.004540354403329146,0.033813404758114396,0.0012230869000737642,0.0009403535725088369,0.01676446984905426,0.006056337087105934,0.1378532612450692,0.0052575929052168435,0.008367700710922665,0.016419906911570144,0.00459638618661605,0.0007104789828878888,0.002770138415816222,0.0013282352615518664,0.0035130836181897843,0.009387664482164729,0.002921753414672663,0.016762086624349727,0.0034470335448175144,0.0908148435733601,0.019407741203740714,0.0022625590621383153,0.0007900554678684825,0.0032135134002057326,0.006059122324892679,0.004711493391690434,0.00023693011055398832,0.036273421621795594,0.001370482681434116,0.008961931972981275,0.007964166734333415,0.010629662097250223
4.705807871983942e-05,0.0012239844333672093,0.0005333966546284345,0.00818867453928914,0.0001660957287255542,0.10738750826708815,0.002591922556742008,0.008185594896759775,0.004416131773458672,0.0009259077867219707,0.00647142110738133,0.22641356054302286,0.000354561626793435,0.032185550318688146,0.02037895701847222,0.013418729833542873,0.00015967006694539822,0.021274157904365057,0.0005701713704425795,0.1287990622985552,0.013186167554602722,0.004617127760479761,0.050556455010834805,0.005259496958117165,0.008187075890573103,0.016430109166737556,0.005452475685119127,0.009143135971973124,0.005888416679455148,0.00016013787204777544,0.014936371748433278,0.008494205067139698,0.003440935122492183,0.016555256334413734,0.0034357146366781155,0.058298750151009895,0.0073740873675603395,0.001200942917468309,0.0012403912549843717,0.006131564039864615,0.004659734215438546,0.004774928381261171,0.0004904170876570374,0.03771256478413998,0.0011111834740463655,0.008263574628459974,0.0011888488166655747,0.04333387715786734
2.17122467157563e-05,0.0008756834686560206,0.003998938820991999,0.007490179723741767,0.00018877532660930554,0.05445185284881827,0.0016695025466641768,0.008823412769842977,0.0037895357993630403,0.0009009644735002572,0.0019664543786298253,0.05389712265100667,2.3457347753659747e-05,0.01781647276867352,0.024588196053447156,0.013996248475458146,0.004712360529881518,0.03326492958321502,0.0059575857220631745,0.010419345335657512,0.013172746350135203,0.004582936399833301,0.040504458019639956,0.005283891691319713,0.008496989053928263,0.015446766768242045,0.005473946437443541,0.004217955418719304,0.0021779490231297535,0.012504247738221654,0.007828655384748277,0.00847703802395565,0.1114909171425972,0.0005517936242024563,0.007812287692753304,0.012538609820567873,0.0031222408878604415,0.0011972202457362852,0.0012579188974209663,0.006546641639473735,0.0053367609477329575,0.0011195258358182199,7.493706635076968e-06,0.00494253002871297,0.0011082229277973937,0.00012597190761644804,0.008844870044930188,0.009391805313114858
0.0002555058039764021,0.0004164571872882321,0.0040370136086369714,0.00749308939921335,0.0009399652907422689,0.04216956496123234,0.002544319579166024,0.008277728249444357,0.004458513555299302,0.0016718596261217048,0.0020054873235404447,0.21511037699320024,0.00035083476888348884,0.03195046169098571,0.1616981436299441,0.013243350750170132,0.00020223690850964133,0.0332756766423458,0.0005798531157104102,0.004371133632236441,0.013359137713319702,0.004550348277067051,0.05406749244475279,0.005262298454506024,0.008266472862702705,0.0173175545637656,0.004845982662931719,0.009143112590494391,0.002358709311858277,0.012708923146352311,0.01439393294251432,0.008894806608172188,0.004267331280415287,0.016740811133560234,0.0052402522131878015,0.057558132921651614,0.006854635747803446,0.0011895489022835555,0.0012586174272143384,0.00306411069357407,0.004572749173460635,0.0015963010633232141,0.0003109179743015429,0.08239921106621476,0.0011115150257887461,0.0093136398903163,0.008762264735695694,0.010304755342245547
0.00027788789974524136,0.018146362490481516,0.0007093861229311629,0.015423492515009407,0.028976205252891272,0.040922454868709705,0.0009419149307945273,0.08172768697594954,0.010476952421149873,0.0016396312969100097,0.00197850951486791,0.07549367953518293,0.01184635459599306,0.017857921540662645,0.15571278139686812,0.014206511079542291,0.004436606862950391,0.033873781399655044,0.005798411712906628,0.12656358934892661,0.0151608731323318,0.004579489474506325,0.04124704068722636,0.005259221623217659,0.008308381708261892,0.010895625121168555,0.00571408554519063,0.010661903390623714,0.0037438085258082914,0.019709302874839293,0.003728515753619208,0.01258213250211888,0.002056646044709856,0.011661157834089005,0.002210247096840769,0.06241945105729438,0.019229600246293728,0.001172165444582438,0.0018757150784657018,0.000756427449022865,0.00557979421622136,0.001392121340780967,0.0001831705250213352,0.03629629838183649,0.0017102148260457009,0.040928613017226556,0.007086029405462126,0.011303153022539179
5.6389086067757635e-05,0.017625135883922532,0.004735575066445691,0.007971646689257709,0.00023569498516535017,0.05421902791633288,0.0028031946016827333,0.009925593306947691,0.009381489868807276,0.001243612134272545,0.0024665241966312468,0.004478490051333862,0.00013046776137805763,0.05781875513423209,0.15008067046002543,0.02484603561929039,0.0003516709741430091,0.03325420406785703,0.0030308108113639284,0.1336050284757965,0.05791480858687002,0.004634411368195597,0.041161472145960575,0.005217154139333902,0.008195597190547285,0.016712665055145688,0.005521953315424631,0.003549957214932689,0.025108642469723837,0.0197384172017954,0.007642249383167236,0.03851371257154491,0.0033507591800124095,0.01510589727323393,0.005217061083819416,0.08943532420008847,0.019234730018965713,0.0011391321079221343,0.0017766822911674737,0.007247104949307897,0.005589581770117179,0.0014522494275342052,0.00035591699149006145,0.04066151341111778,0.007748740410775522,0.009689114839735294,0.022542698507803945,0.010713062230132528
0.0010621281007748662,0.03524393903391134,0.0028057080177583305,0.014904283165247313,0.02567607133557198,0.06910090243898669,0.0012737086831911802,0.01729865182338269,0.004446445521465378,0.0017206036728331132,0.0029122862344516313,0.06389438012117507,0.00028760952493932744,0.03332930742325052,0.03481747035377927,0.004602496915507471,0.013660959833515677,0.0332473974486279,0.00572386002292843,0.13049630896332737,0.058486331776842336,0.0050612359445115435,0.04171285416200601,0.005245223461934719,0.009241957810630504,0.06358254401377002,0.02586226465563566,0.011573114425211728,0.030733122270102897,0.01915986479708411,0.0035001894910918234,0.03879128839884605,0.007909671188980177,0.014440059874196817,0.005374658690873738,0.056039913947591724,0.019121968534187437,0.000752657170437816,0.001251053552377934,0.008750473523022839,0.005194213811989284,0.004984434008245937,0.0003705183326082116,0.036660875185266194,0.0012214857213110441,0.015530343501533673,0.008781729424125998,0.0015999055486892655
1.7343936495083805e-05,0.01811686482896841,0.0032139633873465977,0.00740606820845349,0.007024608433731377,0.10346830523348671,0.0012593498302794267,0.009184526775651654,0.004764276700974374,0.0008426245482218062,0.0027066009298018895,0.037761171121581165,0.0003751903423163079,0.03293113616564751,0.15648649346676657,0.012709232783200849,7.652589952044973e-05,0.03323820972023668,0.006115911334539698,0.13358233464594912,0.018118998530713807,0.0036473009198940863,0.05603618048358472,0.005263360217592914,0.008399400954402073,0.017533092632720237,0.0038725137520125735,0.010337394188194618,0.030408531378667388,0.02016911228014471,0.007375019997418651,0.04947124889382423,0.003461140893849498,0.009793285755833953,0.0019147264381260617,0.0972688387082079,0.019356349438570404,0.0011542267878811186,0.0007408310931650721,0.0035035076077994014,0.005742294534974867,0.004684300353815787,0.0008772962728655666,0.01750471170440892,0.0009355575880191958,0.009406723447608893,0.008678005860431336,0.005199349973781563
0.00024370055185187113,0.0010911962424127904,0.004333076545355146,0.008230854756042828,0.0002914972805033287,0.03998668210229961,0.0025532381971985095,0.008888140157452694,0.010212538380949359,0.0015832565708834819,0.001921306841320473,0.04426881580187944,0.0003211582305016468,0.01769417389473209,0.04199153040083555,0.021878978968134708,0.00014707830595608483,0.03326535600156125,0.00098237492191271,0.00441926152785764,0.0068681984358357215,0.004548578477405063,0.05426816555092412,0.0052811750439126295,0.008274056236814686,0.01081727313794478,0.005407996988019611,0.001260407046806209,0.0025891353249848023,0.0031212777576066168,0.014891667332970824,0.007660961538083254,0.004428741498054647,0.015906674020070462,0.005105333920749873,0.09390245465066399,0.0022009766497617404,0.0011568157018728073,0.001234306793885119,0.0066998871410357775,0.005365776020242388,0.005161079377706684,0.00031457026496136493,0.03792965806246979,0.001032874677219188,8.768927141584743e-05,0.007905704498960915,2.1020159991485404e-05
2.0579343338167583e-05,0.0002580483069940887,0.003905799749606168,0.008259819569445166,0.003146891569380532,0.053007722900628725,0.002478705920692101,0.008824324745747868,0.01003202940123037,0.0009816710481770298,0.0029297518205964393,0.0385279581606959,0.0003117610941712306,0.015422070895167207,0.10977370728884028,0.013391911448991736,0.004442001406349021,0.0332651014765955,0.0008803920149239282,0.011374147277929849,0.00961360618671277,0.004551855907322301,0.05841329653649627,0.005218544301228555,0.008487114461645864,0.01039901118348281,0.005538824874153866,0.0006850179690887637,0.017484054268151458,0.02306909579632297,0.015519452236618284,0.008478171785559716,0.0034389584396789866,0.0011607606813018832,0.003346606657339579,0.011648969976008125,0.006768616298762967,0.04428159644348112,0.0007053079081602665,0.006596104781942016,0.0024470268622537924,0.0005926596775393785,0.0004404693213619701,0.03781450806000548,0.0014210496880729575,0.009093535019854364,0.009473972549511812,0.0003900919618077354
4.6154659882221225e-05,0.001039504475739821,0.0039519875985755066,0.008202957943302069,0.00018991706939573916,0.0277746926419142,0.002396049237052651,0.008998261794482891,0.004303808361955711,0.0011546975523621988,0.002708891323651724,0.00560892506795074,0.00014130137413689538,0.020684026003980404,0.034460259570822056,0.004793608095206576,0.00016845373963328688,0.03390703585837893,0.0062034808805370625,0.010096545106809192,0.015774391790581592,0.004447926546609891,0.050602712515063264,0.005129725785471874,0.00847704791281545,0.010451085790616148,0.004846030591077909,0.010182090014460271,0.0018688702737594352,0.015382322387773243,0.0034520028324745546,0.010008916688020368,0.10578387378568024,0.01643278236349605,0.002616210376851241,0.03136324679031386,0.017255794195257315,0.0012574539459417626,0.001227203429208322,0.00011214648016869173,0.005308666288152731,0.0015517889438086804,0.006958890364112586,0.006710111512804134,0.001493496542068748,0.009215691412622375,0.0056317396006693,7.320319172785175e-05
3.772458550413737e-05,0.001039504475739821,0.00374144832443948,0.008215282139514762,0.0001887807984015753,0.05585198781429983,0.0024314465173416316,0.008978953222604297,0.004303808361955711,0.0017015721999339684,0.002597441044241311,0.007418161510201063,0.00014130137413689538,0.02067528187455055,0.034460259570822056,0.004335382821173406,0.00016845373963328688,0.03390703585837893,0.005885940081198891,0.010122519332822238,0.015807309706086754,0.004447926546609891,0.050602712515063264,0.005129725785471874,0.00847704791281545,0.015911861848287044,0.004846030591077909,0.010182090014460271,0.0063098543443878856,0.015382322387773243,0.0034527582104883063,0.009411399528629094,0.10483515566155,0.01643278236349605,0.002616210376851241,0.036192679131270916,0.017255794195257315,0.0012574539459417626,0.003958025609703097,0.00011214648016869173,0.005308666288152731,0.0015517889438086804,0.0001879692817240543,0.006710111512804134,0.0015016266504293467,0.009215691412622375,0.0056317396006693,0.043454372941145736
5.848186125103014e-05,0.0004096835298139484,0.004107758547411233,0.00749308939921335,0.0009327786872737022,0.042345029322789274,0.002544319579166024,0.008998261794482891,0.004465654733444914,0.0016690001445250741,0.00272266453165528,0.038738313651127294,9.593505521207846e-05,0.03195046169098571,0.16064765951636112,0.00531796656457121,0.00016364771575560935,0.03320564104941302,0.0010048981301083218,0.004371133632236441,0.01673945254245755,0.004547969569675856,0.053875054322724145,0.005155414923632465,0.008266472862702705,0.0173175545637656,0.004845982662931719,0.009138579016467302,0.002358709311858277,0.013248478814338473,0.014459038319677237,0.008808351473651822,0.004267331280415287,0.0006485958940694973,0.005145696577681145,0.09040027088625092,0.02318379128082313,0.0011895489022835555,0.0007780928226924196,0.00306411069357407,0.006059324288003165,0.0015963010633232141,0.0003113937757710101,0.08239921106621476,0.0013776551924720767,0.0093136398903163,0.008028048556538827,0.010304755342245547
0.0002349636529303829,0.003342927330204899,0.002804716200341078,0.00749308939921335,0.02540194815460716,0.042437184381040736,0.0018361715232073938,0.007955361973422278,0.004421478867016081,0.0008850120512706074,0.0020056964078840347,0.21511037699320024,0.00035083476888348884,0.01835933634175195,0.1616981436299441,0.013249355749179612,0.004656166834916035,0.033264404103476634,0.006037750807148487,0.009191808021588099,0.013359137713319702,0.004540159258224408,0.041840912987468636,0.005260826694649715,0.008262558237544765,0.0173175545637656,0.004681183716891276,0.004423560131823448,0.002176630263072813,0.012291525550994914,0.01439393294251432,0.04029728756143862,0.007090992719316382,0.016740811133560234,0.005373952522715113,0.0583785752018176,0.0066858356997327685,0.0011895489022835555,0.0012586099089225541,0.008739970568038047,0.005194659194949467,0.004952010079953113,6.573154234593121e-06,0.035467314277604196,0.0011115150257887461,0.015618444803026956,0.008843411319033125,0.010304755342245547
0.00016172970733760103,0.0008756834686560206,0.003998938820991999,0.007490179723741767,0.00018877532660930554,0.0406256023140233,0.0017030788931399494,0.008823412769842977,0.0037029966814564317,0.0008509221959012636,0.0019664543786298253,0.028863159464821056,1.1130326946350476e-05,0.01781647276867352,0.024588196053447156,0.012888410993010375,0.004783523093104319,0.033261975903090046,0.0059575857220631745,0.010419345335657512,0.013172746350135203,0.002701936070395557,0.040504458019639956,0.005283891691319713,0.012816737696786517,0.015446766768242045,0.005473946437443541,0.004217955418719304,0.0025416618637661963,0.018472997481148685,0.007835732558812935,0.00847703802395565,0.1114909171425972,0.01431844523786245,0.007812287692753304,0.012595847494283864,0.0015254055035240303,0.005838725720316599,0.0012559157040376988,0.00916912375117989,0.005332948928465965,0.0011195258358182199,7.493706635076968e-06,0.034241634270810166,0.0011082229277973937,0.009409985554939392,0.00891205737840398,0.010625895944985642
4.8095830045139155e-05,0.0013663362770492873,0.0015737372756774266,0.007858752454042342,0.00032559562474168403,0.031067547257376524,0.0026283191781764884,0.008879219323366648,0.006726080020963577,0.0008938927465159783,0.0027249666586322994,0.03631292276562115,0.0003931779413057649,0.01774946899940969,0.041788062124292244,0.012857948709814326,0.00016503442403691405,0.03389391984050711,0.005932893993906832,0.00984808538056278,0.005758368933645662,0.004608321002128199,0.04046205856387359,0.005219553114150408,0.008274005519895553,0.0009329341335990605,0.005407996988019611,0.001270126322135385,0.02923005866735243,0.015490669592388893,0.0014343598380685122,0.01003014704074073,0.0019093398688603477,0.015888871747028264,0.0029596765819474816,0.030591873194293552,0.019386554669435483,0.0012136043662706467,0.0007842910135181279,0.00646561180598484,0.004676277498996576,0.0016024086776128658,0.007815442202507595,0.002108242397508781,0.001472806279933769,0.012140969187328968,0.008078986774910597,0.012649613757231927
2.285657034658127e-05,0.0011849530148028736,0.004268180267526287,0.007480472317134125,0.00020294820130845273,0.054421517178739394,0.002422149032825055,0.008396313062284567,0.0050437706238927885,0.0009117898706697466,0.0019937586978951995,0.005587455103485829,0.00035486034469369413,0.03281626593579863,0.019116054933386306,0.01334711877545901,0.0037568090097052182,0.033266317682179976,0.0005711453408452145,0.01718577102618621,0.013185243106872836,0.004597467963764717,0.05725488684065591,0.005260183303606023,0.00818332939428613,0.011280353340186646,0.005479959629921405,0.009187853733271512,0.002802892306962822,0.00132023480995337,0.004921452519344681,0.007798438075225024,0.0028502386979719838,0.013787249564694,0.007848839052827145,0.03186348597366159,0.0070504998932124745,0.0012128925404605883,0.0007708616057894632,7.694390819610849e-05,0.005377854361012532,0.0015819812977757952,0.00010522030654792208,0.00494253002871297,0.001261560535780015,0.0014378630296051301,0.007905704498960915,0.00028670318263373205
0.00011540097963761529,0.0005445090546793002,0.004195091596713423,0.007947483895784167,0.00014011723868315515,0.04201136317992436,0.0015501220020099895,0.008993264499370096,0.010538108604967846,0.0012011593081539059,0.0023166887433757025,0.03966154036426181,0.0003954010417541796,0.03206826450922715,0.01927747850546984,0.0066694101545334665,0.00013836611206293864,0.006619175408519036,0.0007180261703648574,0.01143712213069887,0.015636115338080604,0.005074029494724722,0.06065841704849713,0.0052682983236928506,0.008367727093566538,0.016223210448303636,0.00449471194648925,0.0005189674120859144,0.002406039770307647,0.013580404377234956,0.007112734554858103,0.006199295550201114,0.0032697894494564442,0.016311672854738633,0.004505408890099309,0.031898233566218216,0.018315260638969752,0.0012082880545035732,0.0011833605552911983,0.006485093001234066,0.00557570675107621,0.004674149421103539,0.00048633893557894527,0.03749989731346077,0.0014158903923999545,0.004299547817900894,0.0014106302098263785,0.009423727649783546
0.0017442642852880154,0.0012239844333672093,0.0005333352836228139,0.00818867453928914,0.00032117428189834454,0.05305182280295997,0.002578933896608312,0.008198798787210224,0.004416131773458672,0.0009259077867219707,0.006538201910154279,0.2167065969125374,0.000354222356493492,0.032185550318688146,0.10649473164921083,0.013418729833542873,0.00015967006694539822,0.033275500636736836,0.0005701713704425795,0.12353913341112865,0.015114033146048256,0.004596466367829731,0.050556455010834805,0.0052598234152880325,0.008190832639990103,0.016430109166737556,0.00546089422040136,0.009128785379207362,0.017407790058656565,0.00016013787204777544,0.015218493708687015,0.00865164692779996,0.0013211794778929167,0.016551172350417205,0.003389040278407981,0.058063845874396794,0.0073740873675603395,0.001227113833394862,0.0007311835572411708,0.006600893644674209,0.004659734215438546,0.004774967723601967,0.00044119918587137924,0.03771256478413998,0.0011111834740463655,0.008271096443049205,0.008864798565648405,0.04602945923594072
0.000243578429589803,0.01802738269761693,0.0005452347739828081,0.007483111725686658,0.0007857544873293789,0.024720913708968745,0.0003180919276114718,0.009634727378230856,0.00437270828377442,0.0017493918345353027,0.08672890799576977,0.042683096648640964,0.0004498506763127858,0.03217733144222386,0.15575574605351175,0.014163871456866189,0.0044937774329009954,0.03381507447097708,0.0012231121463496294,0.0009403535725088369,0.01676446984905426,0.006056337087105934,0.1378532612450692,0.00525854774509415,0.008367700710922665,0.01720359892629616,0.004573865999851415,0.0007104789828878888,0.002770138415816222,0.0013513924347106198,0.0035130836181897843,0.009387664482164729,0.002921753414672663,0.016762086624349727,0.0034470335448175144,0.0908148435733601,0.019407741203740714,0.0022625590621383153,0.0011156484212437312,0.003203441035586184,0.006059122324892679,0.004711493391690434,0.00023693011055398832,0.03630603000143784,0.00047150556322199107,0.008961931972981275,0.00796682748319292,0.011068086088862826
4.8095830045139155e-05,0.0004203962101739438,0.004034951223113027,0.007541893388926165,0.0009318726150804174,0.04173379212325549,0.002631799982911495,0.008882179929611607,0.004444032434436963,0.000881386578963242,0.0019824211827367123,0.04103198128753979,0.00036114268691740344,0.018336845284679076,0.16070451610384134,0.004930518055041508,0.0002985723597217242,0.033843752933630906,0.0009974182620963196,0.017406632037895636,0.01722328286933476,0.00461151544433139,0.04080848908358581,0.005133302635888583,0.008271399414562392,0.015941854401552685,0.005378755993948238,0.00921940994725352,0.0021542186926816267,0.01208934257295417,0.0023965235406645173,0.009477558440622072,0.0014087264367182376,0.016357676171428057,0.003412650312108235,0.09018691897813585,0.01937961276607187,0.001180206711771204,0.0007749527136015188,0.002811651697324899,0.0053690590418628515,0.004750303193426534,0.00046128982787997555,0.07850228481103826,0.0011082229277973937,0.012086802198428144,0.007998714281839335,0.010304046523839695
5.819258365785638e-05,0.018146340805388923,0.0005279939950020511,0.007489668386832816,0.00018585473782282644,0.05623410342070634,0.0014362800410387963,0.008824083550163226,0.010099151418750694,0.0017273343262835658,0.00303628194308696,0.0049661600864276435,0.0003108550370784701,0.01769718986451515,0.03791348214173529,0.012866988209420942,0.0006823661184143554,0.03328955226842671,0.0010950189745483306,0.011580091375490438,0.016743911093272876,0.005191571127676702,0.028504742586347734,0.005251469980309861,0.0006595323928866438,0.016715631452129277,0.004555584336568076,0.00919051830622496,0.006112601655647112,0.023097519562600793,0.00392676844749803,0.007971376497667519,0.0029214654065671895,0.0008529738386126578,0.0033787195187321723,0.03418952962398823,0.019299426185516336,0.0012331252125386163,0.0008000682133198894,0.006859937317794029,0.005401266273384656,0.0006984943188953562,0.0004574703686612789,0.036272579573469806,0.0012551977726860907,0.008968326722947052,0.0017313935873137535,0.042649833339478666
0.00024363740984442565,0.0010674498978296924,0.004333076545355146,0.0075420105105412465,0.0002914972805033287,0.040547640912440314,0.0026228410705948914,0.008880798232624993,0.007764980076627386,0.0015832565708834819,0.001921306841320473,0.04426881580187944,0.00036114268691740344,0.017705206723897225,0.04199153040083555,0.014061934391482084,0.004477766182389233,0.03326535600156125,0.0010262010375600584,0.00441926152785764,0.007113884909151987,0.004548569164034265,0.05426816555092412,0.0052811750439126295,0.008274056236814686,0.01081727313794478,0.005407996988019611,0.001260407046806209,0.0025891353249848023,0.02342111702256969,0.014891667332970824,0.007660961538083254,0.004428741498054647,0.01584991710075773,0.005105333920749873,0.01262236424884253,0.01646242782684924,0.001165024092142155,0.001254128652988219,0.006704597546965255,0.005365776020242388,0.005161079377706684,0.00031088004144150705,0.032062233594999406,0.001032874677219188,8.768927141584743e-05,0.007905704498960915,2.1020159991485404e-05
0.0002449909654326333,0.0026926637211196697,0.0005333352836228139,0.008219994275623192,0.0007915615515787736,0.05557633538058853,0.0014428796549208044,0.008202438895414166,0.010089619820018837,0.0017373354184883017,0.0073105060484480525,0.007494353725590874,0.0003214978273665395,0.017214122624913945,0.15528023402606345,0.022065830039277368,0.00015967006694539822,0.033289608510006,0.0005666403543911659,0.011598509837300822,0.016879547695907722,0.004554898970261864,0.050556455010834805,0.005258413202988194,0.00819430382288541,0.01593893725324589,0.004565748850955446,0.0089178186473574,0.005982024415184979,0.001330548517236446,0.0035549204515307837,0.03447963809592489,0.0029216134726460763,0.015904485325052425,0.003446945605769857,0.09082954972800195,0.0025911401790666396,0.0012568374431609533,0.003837794229564189,0.003204214075927971,0.005644559599800793,0.00471487722066509,0.0001743789185570417,0.03742537313828558,0.0011109115244175532,0.008828563011504031,0.00910111654576896,0.043608151693481284
0.00026987677061412584,0.0009767329548589386,0.0040370136086369714,0.007491464860285773,0.0009399652907422689,0.04216956496123234,0.0023552150868760566,0.008267695854893765,0.004454679404970368,0.0008624294535896377,0.002703665627476792,0.21511037699320024,0.0001356079400177399,0.03195046169098571,0.15939775415061275,0.004896939349967112,0.00016925905332843623,0.0332756766423458,0.006601205773326041,0.004315377590886501,0.013357285514510375,0.004530917253618628,0.05406749244475279,0.005062698062708882,0.008480845669720096,0.0173175545637656,0.004845982662931719,0.009143112590494391,0.002347520515656182,0.012708923146352311,0.0029456399169733175,0.008900585492400307,0.004267331280415287,0.016740811133560234,0.0052402522131878015,0.057558132921651614,0.007061353961305825,0.0011496537274715188,0.0012966205277064528,0.00015206635073199896,0.0057621007308124505,0.0015963010633232141,0.0003275603191014737,0.01097967793025123,0.0011138572330765004,0.00921792179466785,0.008643266281174506,0.010621381393473649
4.703437924257665e-05,0.0009731515457278971,0.0007851152653656475,0.0020975494667249657,0.0001687636033795393,0.04167616930875061,0.0013076323864317876,0.0851635367354498,0.004442093024859933,0.0008591506952074712,0.0020600301467763654,0.08082929887148682,0.00039239639599204643,0.03152155366109626,0.15459230763003276,0.01341470444893774,5.7380902273797346e-05,0.033717263498331755,0.006202597382676213,0.0340525305426996,0.00577607636603881,0.004661630663777028,0.0413968937357229,0.005110187261822093,0.00824812594046842,0.016633446311852356,0.00589116426042885,0.001280092160139127,0.005782198792032468,0.0007176153781116067,0.007921131537357871,0.009477035216598777,0.003420070529348398,0.015828149707438323,0.002142730851052762,0.058666984834132595,0.019424891564818636,0.0012004952691049618,0.00077064163495657,0.00308985820427993,0.005322753211255603,0.039424510422542226,0.00045858957757266734,0.03773945536891305,0.0011047899830172818,0.01215228517511502,0.008426616193346967,0.011215419155732657
0.0002493861577908086,0.0004164571872882321,0.0040370136086369714,0.00749308939921335,0.0009327786872737022,0.04216956496123234,0.002544319579166024,0.008998261794482891,0.004465654733444914,0.0016690001445250741,0.0020054873235404447,0.04478181942195644,0.00011610838532877832,0.03195046169098571,0.16064765951636112,0.005027849075649996,0.00020377188040197696,0.03320629896398649,0.0010048981301083218,0.004371133632236441,0.01673945254245755,0.004550348277067051,0.05406749244475279,0.005155414923632465,0.008266472862702705,0.0173175545637656,0.004845982662931719,0.009138579016467302,0.002358709311858277,0.013100259432081159,0.014459038319677237,0.008894806608172188,0.004267331280415287,0.016356035157609052,0.005145696577681145,0.09040027088625092,0.0184085287642368,0.0011895489022835555,0.0012556005868380859,0.00306411069357407,0.006059324288003165,0.0015963010633232141,0.0003109179743015429,0.08239921106621476,0.0013776551924720767,0.0093136398903163,0.008762264735695694,0.010304755342245547
0.0002492376469874764,0.0026926637211196697,0.0005333352836228139,0.001762219166773697,0.008005859254853098,0.05557633538058853,0.0011591450945302882,0.008201557842412057,0.010089619820018837,0.0008200356111664047,0.0073105060484480525,0.008375108724818567,0.00010057002552789488,0.017606327504810837,0.1632453294842048,0.022065830039277368,0.00015967006694539822,0.033219085381639604,0.0005376652308129489,0.011598509837300822,0.016879547695907722,0.004542619329931064,0.050556455010834805,0.005258413202988194,0.008191420687136113,0.01593893725324589,0.004565748850955446,0.0089178186473574,0.00631533753180187,0.012630721265699505,0.003455424259525114,0.03447963809592489,0.0005653243864014931,0.015904485325052425,0.003368852478714933,0.09082954972800195,0.008146519347977528,0.0013610025372652748,0.0008746489204491136,0.003200955710100071,0.005094770230939962,0.00471487722066509,0.0001743789185570417,0.037426169678569224,0.0011109115244175532,0.008661224972394915,0.009107428283261084,0.043608151693481284
0.0002230129269143244,0.01768787661017367,4.669949921436937e-05,0.007434801978806803,0.00048287108916436,0.04014924818911808,0.0013138603344564543,0.00887694385864362,0.010190366343505872,0.0009313284151065935,0.11147046052005022,0.0043251744343259825,0.011189666591703945,0.030063814833384463,0.15524570384319855,0.02179251681206348,0.0002359411912662042,0.03584949802395535,0.0015330239664549836,0.016476767514465744,0.0532348299391503,0.0046481039982537165,0.05602156455862513,0.002873690867096083,0.00837113131639931,0.01664973492586601,0.00429589139182995,0.0012663231912130573,0.00963156631396837,0.019768286797307393,0.002920605818454998,0.03832327766626647,0.10965759905872705,0.016322632536786126,0.0062212489882562515,0.0624093292580604,0.018528852222524105,0.0012220365446467538,0.0012540645338837595,0.00016842016492865089,0.0033730233468967277,0.001381914576742978,0.0004322946113734222,0.035969646064438,0.001375016329379912,0.008929262471153922,0.008695348791187881,0.010427406837015804
2.17122467157563e-05,0.0008756834686560206,0.003998938820991999,0.007490179723741767,0.00018877532660930554,0.05445185284881827,0.0016695025466641768,0.008823412769842977,0.0037895357993630403,0.0009009644735002572,0.0019664543786298253,0.041879180234842064,2.3457347753659747e-05,0.01781647276867352,0.024588196053447156,0.013996248475458146,0.004712360529881518,0.03326492958321502,0.0059575857220631745,0.010419345335657512,0.013172746350135203,0.004582936399833301,0.040504458019639956,0.005283891691319713,0.008496989053928263,0.015446766768242045,0.005473946437443541,0.004217955418719304,0.0029894375138185478,0.012504247738221654,0.007828655384748277,0.00847703802395565,0.1114909171425972,0.0005517936242024563,0.007812287692753304,0.012538609820567873,0.0031222408878604415,0.0011972202457362852,0.0012579188974209663,0.006546641639473735,0.0053367609477329575,0.0011195258358182199,7.493706635076968e-06,0.00494253002871297,0.0011082229277973937,0.00012597190761644804,0.008844870044930188,0.009391805313114858
2.0815306981567665e-05,0.00034071660439447503,0.004185211403489162,0.006155738589655762,0.00046194666303075527,0.05304252308274696,0.001145641033864202,0.008811715404837819,0.010031023970145676,0.000911264280757051,0.0027711180465778374,0.005349810208116534,0.0003117610941712306,0.015803061098279586,0.15758207057274912,0.012490431696071213,0.00044706199287555576,0.03387075386289799,0.0006234983435430301,0.017190922707023805,0.011732131003413885,0.00510600987893173,0.058385579911393155,0.005222176412225364,0.008279677183301951,0.018216715906034017,0.005470338467833324,0.0012058475997509064,0.0030220260820990135,0.023151038277098333,0.003990685314869524,0.038586685806536646,0.09567679989788186,0.00011499146973137711,0.004863827130954345,0.033160684676707554,0.018335989073236015,0.0012977416705205465,0.0012647455407639896,0.00030360312173263043,0.005617398673102449,0.0015704999411176805,0.00020402022197497975,0.07918181165445659,0.001263306560197415,0.009093535019854364,0.021608536439143584,0.00028474540234358216
2.17122467157563e-05,0.0008756834686560206,0.004268180267526287,0.007490179723741767,0.00028975816366853894,0.054421517178739394,0.001631858077393979,0.00884787996636701,0.004444032434436963,0.0009009644735002572,0.0019664543786298253,0.041879180234842064,0.00035565862338318016,0.017858719670694308,0.024588196053447156,0.013343578413358979,0.004596789181390356,0.03329236761391761,0.0059575857220631745,0.016469280369606494,0.013172746350135203,0.00455767784504013,0.04169944587600391,0.005283891691319713,0.008486134089161488,0.015283685839235646,0.005479959629921405,0.004217955418719304,0.0029895328514279963,0.012504247738221654,0.007828655384748277,0.00847703802395565,0.0059279666692451365,0.0005517936242024563,0.007812287692753304,0.012538609820567873,0.019268986500173235,0.0011972202457362852,0.0007764262828381194,0.006527895002902937,0.0053367609477329575,0.0016742104268740391,0.0002718539399437286,0.00494253002871297,0.0011082229277973937,0.0001774011682230403,0.007905704498960915,0.009407903167190236
0.001567761953990104,0.017866793160850224,0.00043217889663602917,0.007450837072905035,0.006809719128783694,0.05401071463748282,0.0023590944443941104,0.009614199357540378,0.01043220872552985,0.0008977836723557625,0.0026428434635556533,0.00257718531347665,2.9699098647102505e-05,0.019343245433652876,0.15773362812952504,0.013969613493212863,0.015204715191533942,0.0332636775182518,0.005952511159974292,0.13033688518622222,0.013747635075482465,0.005223784685127222,0.056270406395770176,0.005267603356025519,0.008497264116709887,0.017360155352750067,0.004552252719542455,0.010008368453141644,0.005262722946016239,0.019471101378348142,0.007609115021082063,0.008551320678626712,0.11151181826106389,0.0011531796756793986,0.003515864637098719,0.03376177285723518,0.0035507237769128166,0.0007513756315743063,0.0012555274580370419,0.0006210672703196871,0.005319818365489087,0.026754370216953323,0.000174631791629453,0.034935879744555025,0.0014288381024275768,0.009309890356530695,0.00883059313991322,0.010691893301876185
4.7332970011446167e-05,0.00020069383852436631,0.0015907457716957444,0.007858752454042342,0.0002850395280207348,0.031067547257376524,0.0011692191457134955,0.0088347066115542,0.01100469369652031,0.0009732489679904766,0.0027249666586322994,0.038989286798820674,0.0003931779413057649,0.01774946899940969,0.041788062124292244,0.012857948709814326,0.00016503442403691405,0.03328825208881465,0.005932893993906832,0.008590260928402234,0.005758368933645662,0.0046067391812079665,0.04046205856387359,0.005128773000059715,0.008274005519895553,0.0009329341335990605,0.005407996988019611,0.0007550748343451317,0.02923005866735243,0.023996386134083704,0.0015614523116428464,0.010029605344842835,0.0019093398688603477,0.0009195527650852613,0.002941117364962062,0.030591873194293552,0.01953498419718863,0.002028580906935277,0.0007842910135181279,0.006480644098118144,0.004676277498996576,0.0016024086776128658,0.0003007238498062264,0.002108242397508781,0.001481378145190653,0.012140969187328968,0.008078986774910597,0.012649613757231927
2.287425211448572e-05,0.0002580483069940887,4.988144214800792e-05,0.008157648846380715,0.0008627046202012189,0.05446195545347145,0.0024709065414909607,0.008847385372284447,0.009960794037709,0.0009816710481770298,0.0029297518205964393,0.04233775293145217,0.0003117610941712306,0.03257811912461694,0.15634912587862984,0.013319427028387443,0.00022016155813141692,0.033788357072234966,0.0009109569454839013,0.018498956818392122,0.010860407494146336,0.005087924122476673,0.05815213226291298,0.00506698037416022,0.008280884435023969,0.010901495446588949,0.0058678931639154185,0.0010761423176674396,0.025258672895851535,0.02306909579632297,0.0019519480723346144,0.008337436326991807,0.005401353960381661,0.015683291241327252,0.004604744544256714,0.060965344848519266,0.018359865173114873,0.0006644334587465862,0.0007048929069679183,0.006573224349245011,0.0024470268622537924,0.0006022030946214794,0.00015454585371962003,0.006013341630459662,0.0014210496880729575,0.009090932860529161,0.0015838439466676702,0.0007062582962141936
4.8095830045139155e-05,0.0004985062723435914,0.004604997859493055,0.007541893388926165,0.00029086241775158703,0.04173379212325549,0.002631799982911495,0.008882179929611607,0.004444032434436963,0.0008938927465159783,0.0019824211827367123,0.04103198128753979,0.00036114268691740344,0.018336845284679076,0.1486632756424749,0.004930518055041508,0.00029829885178000006,0.033843752933630906,0.0009974182620963196,0.017406632037895636,0.00577607636603881,0.00461151544433139,0.04077717813528047,0.0051323977928403345,0.008271399414562392,0.015941854401552685,0.005407996988019611,0.00184127544285874,0.0021542186926816267,0.01208934257295417,0.0023965235406645173,0.009477558440622072,0.0014087264367182376,0.015892830813068425,0.003454903246511534,0.01262236424884253,0.019374597838960013,0.001180206711771204,0.0007708309982267777,0.002811651697324899,0.005342184514953805,0.004807898957434808,0.00046128982787997555,0.03639506843377363,0.0011082229277973937,0.012086802198428144,0.007905704498960915,0.01021893955893913
2.285657034658127e-05,0.0009725986560140429,0.004268180267526287,0.002253047157038642,0.00019010818981645656,0.041776544970616024,0.002419358351140752,0.008910863735362255,0.0050437706238927885,0.0009117898706697466,0.001983599921163616,0.005989607984885216,0.00035486034469369413,0.015545778539557038,0.018875942032598472,0.012889849429482977,2.4685468413275817e-05,0.033265384120962034,0.005750554289542881,0.017121712818322674,0.013342425558440521,0.004529871667076916,0.0402064922016304,0.00524981578623362,0.008486134089161488,0.011342948330387813,0.005940210439580677,0.009964061301556495,0.0029745207227917566,0.020554285235373195,0.004782034816880191,0.009423622889343793,0.0028502386979719838,0.013787249564694,0.0024174504873305156,0.03186348597366159,0.0194164666028905,0.0012129664828220707,0.0007708665742468183,7.694390819610849e-05,0.005336234590952755,0.0015819812977757952,0.0004546088493527462,0.005164060595195393,0.0011047185961313968,0.012230552908237685,0.007897605364849994,0.00028670318263373205
2.9901361355518476e-05,0.0004164571872882321,0.004038393232224708,0.00749308939921335,0.0009327786872737022,0.04216956496123234,0.002544319579166024,0.008998261794482891,0.004465654733444914,0.0016690001445250741,0.0020054873235404447,0.006178914600942342,0.00011610838532877832,0.03211653842675832,0.16064765951636112,0.005027849075649996,0.000341622778033021,0.03320629896398649,0.0010048981301083218,0.011422809538710811,0.01673945254245755,0.004618303806552849,0.040161445426875615,0.005155414923632465,0.008266599191238984,0.0173175545637656,0.004845982662931719,0.009138579016467302,0.002358709311858277,0.01307699257310454,0.007491941725526172,0.008951002321821848,0.0012459301559703533,0.016356035157609052,0.0034592576402415792,0.09040027088625092,0.0184085287642368,0.001188823255062263,0.0007649891708957361,0.00306411069357407,0.006035732782714582,0.0015963010633232141,0.0004586275104327111,0.08667228315561992,0.0013776551924720767,0.0093136398903163,0.008762264735695694,0.010146600101232688
0.0014151363576892506,0.000697337267148988,0.000730571499975869,0.0075117610793476565,0.00034871887163555364,0.25641316515945733,0.0025331401806810883,0.009126852986190714,0.009759622176078944,0.0016790189286582844,0.0835222503035828,0.007217797255682374,0.00011839621474995046,0.017854043049294808,0.03222426332204813,0.013453721596527668,0.00026925744380846325,0.03373155087931721,0.0006312888771707511,0.017067295409353516,0.013189471987568136,0.004556326447437007,0.04093853693186204,0.005126979610267345,0.008483659864616926,0.01591405805677497,0.0046800625344297665,0.010221475153813928,0.0019469947814906268,0.023184901684221756,0.004786297586135436,0.007916768097424741,0.0028501332605216354,0.013774850643062593,0.00306159869135705,0.032665718908869365,0.0038903281288465395,0.001255312339752935,0.0007669836113865342,0.003042045172603011,0.005281013314557636,0.004715393095028933,0.0006090396674225601,0.07812208749200264,0.0012662339635815235,0.008583059399194112,0.009154484073051621,0.0010212761508883942
4.830404915401825e-05,0.01822849926128834,0.0006855255531075499,0.00749057835342487,0.0002874533658419499,0.0540117860050695,0.0008735173671694578,0.008836188322241171,0.010674206542525056,0.0010286443908080725,0.002945585409388961,0.005284944002138805,0.0003481132299282177,0.02051249368006121,0.16349643390905547,0.012555785429143568,0.004975147227293855,0.033304843523979014,0.005797415332432043,0.008909674747233573,0.01568174766716529,0.005193251111965409,0.13138418118512232,0.008352211821059623,0.008190911483392583,0.015803026941748278,0.004628552134617369,0.009175235350869712,0.006448677193907662,0.023840591329397934,0.003938937335711903,0.010028637808137165,0.10603736832339501,0.0016766887205090612,0.004578584454403701,0.061215654098325384,0.018290511829328275,0.002052596380302046,0.0013242467068766586,0.0026121777509989807,0.000961601639985374,0.0015391647011262256,0.0003358532182670148,0.03661381557929925,0.0012637613593650195,0.00925972021496289,0.00864142066645332,0.0017258095597932135
5.848186125103014e-05,0.0004096835298139484,0.004072417586231981,0.0075357652525393296,0.0011543128476024216,0.04234211763958178,0.002544319579166024,0.008180792028172644,0.004465654733444914,0.0016690001445250741,0.00272266453165528,0.038738313651127294,9.593505521207846e-05,0.03196367528082604,0.16064765951636112,0.00531796656457121,0.00016364771575560935,0.04825123688700826,0.0010048981301083218,0.004371133632236441,0.01673945254245755,0.004597426239710862,0.053875054322724145,0.005144236735537831,0.008266472862702705,0.0173175545637656,0.004845978017298244,0.009138579016467302,0.002358709311858277,0.013248478814338473,0.014459038319677237,0.008808351473651822,0.004267331280415287,0.0015881105709091735,0.003463548985367698,0.09040027088625092,0.02331135469206151,0.0011895489022835555,0.0007780928226924196,0.006134492611147414,0.00608439843801203,0.024863341119916248,0.0003113937757710101,0.08096467776122447,0.0013710999456875356,0.00915813041290907,0.008028048556538827,0.04248856260184865
4.7982634586918226e-05,0.0012615734594303922,0.0007068019245569266,0.007480516640666933,0.0005381781845785672,0.044175966464835084,0.002422149032825055,0.008411902247978298,0.009582991241384124,0.0019032841916720024,0.0017731004061451866,0.005587202155471335,0.00035486034469369413,0.017683615743069443,0.018875942032598472,0.013357147838794131,0.004675809401407376,0.033275497125292396,0.00062702163733162,0.01155669812151566,0.016777052351346432,0.004520890278177103,0.058910608536623756,0.005259508597602036,0.008402663170079018,0.011287775665043983,0.005563659174352055,0.00994170514412442,0.0029745207227917566,0.0008925014251216206,0.004782034816880191,0.007472538110025982,0.0028502386979719838,0.013787249564694,0.00814909138513233,0.03186348597366159,0.0074650788471255945,0.002078894325295049,0.0007762829994260561,7.694390819610849e-05,0.005257377878621364,0.0015819812977757952,0.0001083584997129564,0.00494253002871297,0.001261560535780015,0.0025175945562620826,0.007905704498960915,0.00028670318263373205
1.1071766562286903e-05,0.0009624309363557484,0.0031947403783857964,0.007847979678493894,0.00022009268665515967,0.055056371168559444,0.0012965938927134739,0.00866786250477877,0.009759066258243871,0.0016227758181489467,0.0009517024839459536,0.0797184325378486,0.0003772650007097403,0.013683178812166163,0.15978926532902513,0.014050122599652694,0.00010091181044060804,0.0332656188229681,0.005705749129433163,0.12601385270439594,0.013397582614338164,0.004658891635516054,0.05781498043841057,0.002384889631309983,0.00824837481159996,0.010869027239679035,0.004522886262570397,0.009839241681362671,0.005557911709501855,0.015485628542116606,0.00570041450930543,0.007985538435511728,0.002849566479165617,0.0007372367680414009,0.0030007465795389675,0.02256236137961669,0.016720531210624667,0.0011500815337150702,0.0018743119519295313,0.0031303516814666877,0.005965901745907682,0.005023630174128917,0.0006142920316441324,0.03588992631944468,0.001271322799892201,0.0013887701674610608,0.008395223138599072,0.00045350266070289576
0.0002349636529303829,0.0004164571872882321,0.0040370136086369714,0.00749308939921335,0.0009565447185138043,0.042437184381040736,0.0017574880556690002,0.008277728249444357,0.0038050799173086724,0.0008850120512706074,0.0020056964078840347,0.21511037699320024,0.00035083476888348884,0.01835933634175195,0.1616981436299441,0.013249355749179612,0.004656166834916035,0.033264404103476634,0.0005798531157104102,0.009191808021588099,0.013359137713319702,0.004550348277067051,0.05422656608692643,0.005261992176660133,0.008262558237544765,0.0173175545637656,0.004845982662931719,0.004423560131823448,0.002176630263072813,0.012708923146352311,0.01439393294251432,0.008435473519378898,0.007090992719316382,0.016740811133560234,0.0052402522131878015,0.0583785752018176,0.006854635747803446,0.0011895489022835555,0.0012586099089225541,0.00306411069357407,0.004572749173460635,0.001133752723788687,9.129439714636393e-06,0.004483613740486905,0.0011115150257887461,0.0093136398903163,0.008843411319033125,0.010304755342245547
4.2454686645244905e-05,0.0008756834686560206,0.003998938820991999,0.007490179723741767,0.00017225013116114096,0.054184233429009875,0.002456334070161331,0.008823412769842977,0.004442969437353669,0.001687812048501002,0.001966245294286235,0.05389712265100667,2.3457347753659747e-05,0.031407598118272505,0.024588196053447156,0.013990243476448665,0.0002769431552362943,0.03327620212208419,0.0059575857220631745,0.005598670980630797,0.013172746350135203,0.004582936399833301,0.04034538437746633,0.005284197969165605,0.008500903679086201,0.015446766768242045,0.005473946437443541,0.008937507885586952,0.0023600280719152183,0.012504247738221654,0.007828655384748277,0.008936371112748939,0.10917378728847046,0.0005517936242024563,0.007812287692753304,0.01171972244670183,0.0031222408878604415,0.0011972202457362852,0.0012579264157127504,0.006546641639473735,0.0053367609477329575,0.001582074175352753,0.00031185243074053563,0.08314931177216797,0.0011082229277973937,0.00012597190761644804,0.008763723461592755,0.009391805313114858
0.0002493861577908086,0.0013533267717994683,0.0037979388049879455,0.006306220898300412,0.0025248655972399305,0.04216956496123234,0.002544319579166024,0.008998261794482891,0.004465654733444914,0.0016690001445250741,0.0036217075917539254,0.07835671644490833,0.00028412476151335906,0.03195046169098571,0.16064765951636112,0.005027849075649996,0.000179769136421372,0.03320629896398649,0.0061209297314575705,0.023033316065928643,0.016750830355879105,6.786686113229154e-05,0.05404152896588136,0.00502813822256417,0.008246145262036958,0.010806593223952343,0.004838085060575425,0.009138579016467302,0.002358709311858277,0.011574941398607767,0.0035613893534215497,0.009661510875720132,0.004209234252810564,0.0006926713196049091,0.0035828769474420836,0.07310738073437308,0.016890179926031555,0.0011273504682521357,0.0012556005868380859,0.0031870053016045084,0.005966524675294342,0.0015980425647202216,0.00038951875334252394,0.031633686931069056,0.0005063627371154864,0.009475420673070951,0.008423236845855874,0.011460568777828766
0.00028751581552055616,0.018146340805388923,0.0006790964348190338,0.007480351239831807,0.00018617645937958442,0.05366159870326555,0.0009137869910171869,0.008824083550163226,0.0039037617251880532,0.0010324657959806256,0.001984015339744358,0.0049661600864276435,0.00031401023121473603,0.01768328700153835,0.15964984552194694,0.01258966323717682,0.0047531749586312375,0.03330484455487454,0.0008806297509337535,0.011201360396967446,0.013320734638532311,0.004579681413615821,0.03599771968189404,0.005243805999362675,0.00827893813219608,0.015433186422403341,0.004446079408595457,0.003861515407452356,0.002319527566251674,0.023030255932251536,0.007872969742981182,0.008506561120640384,0.11464344567174509,0.00019561526217599609,0.004595294593927886,0.05142073338843383,0.018958871648768902,0.0020431603086561423,0.001257826823399795,0.0026753503793543517,0.0008673423352253002,0.0006984943188953562,1.0166031571823888e-05,0.0366985730365817,0.0012551977726860907,0.0002551072585500582,0.001482623574956785,0.00022817279569112628
0.00011540097963761529,0.0005827425391361329,0.0009998995701034179,0.007947483895784167,0.0001656586372205915,0.04201136317992436,0.0015501220020099895,0.008993264499370096,0.010538108604967846,0.0012038011642290251,0.006386900274455829,0.036721118602825883,0.0003954010417541796,0.03206826450922715,0.01927747850546984,0.0066694101545334665,0.0001381240696001832,0.021653647584145407,0.0005697404937970452,0.0035354973936205236,0.013169144965041239,0.0046168197739463734,0.06065841704849713,0.005268473416243326,0.008367727093566538,0.016225094096297875,0.005427168435265148,0.0005189674120859144,0.005981825006696564,0.013580404377234956,0.01534257849675168,0.008595434084871994,0.0032646977818663165,0.016311672854738633,0.003486977804546409,0.030773366639097653,0.007739475508099855,0.0012082880545035732,0.0011833605552911983,0.00612303569138938,0.004701173083025699,0.004674149421103539,0.0004903533034398785,0.03750705977969094,0.001418932425744827,0.004299547817900894,0.0014218791339493846,0.04254319505500019
4.4023253802017985e-05,0.01750086024074148,0.00048510634662412297,0.007480864663082431,0.01651208183161799,0.028556491283708445,0.0011360820226878868,0.008992244461378505,0.010188742642749127,0.0017949541353990855,0.08672890799576977,0.042683096648640964,0.00030341110237341255,0.031955164622481345,0.15535273664701912,0.0050206209191089235,0.00038060454408521145,0.03381507447097708,0.006355553566093396,0.12342376922031356,0.015734793291289306,0.006059321874381666,0.05060872504972834,0.005125533439572451,0.008368111715664308,0.0192078701989629,0.004575280976368828,0.009533912899596746,0.004966307801248919,0.0013513924347106198,0.0035130836181897843,0.006591342570029503,0.10423458106800676,0.01662770399488581,0.0034470335448175144,0.06152920532233733,0.01666454448723093,0.014910242923954715,0.0012556372220155006,0.0031949836050927938,0.006044288522908621,0.004711493391690434,0.00029438098372945283,0.006161764778117347,0.0012559168928656787,0.008961931972981275,0.007126695027339469,0.011104609937551614
4.531784656444827e-05,0.0012195168595416223,0.0005333966546284345,0.007841863759603641,0.0001645005964098937,0.103145142259578,0.002591922556742008,0.008160934288576989,0.004416131773458672,0.0009259077867219707,0.00647142110738133,0.22641356054302286,0.000354561626793435,0.032185550318688146,0.02037895701847222,0.013418729833542873,0.00015967006694539822,0.03355251353755213,0.0009600764529379096,0.15300087713318045,0.013186167554602722,0.004617127760479761,0.050970988781860564,0.005259496958117165,0.008248699209505807,0.016683628463893697,0.004487138938953403,0.009843388022349353,0.005888416679455148,0.00016013787204777544,0.014936371748433278,0.008494205067139698,0.0034446692074853766,0.0007128248155448616,0.0034357146366781155,0.02374381353848004,0.016742171873278675,0.0012018122488543267,0.001868299002729528,0.003185003204028077,0.004639273158826549,0.004774806074587137,0.0004904170876570374,0.03771256478413998,0.0012887401831617681,0.0014701830105633366,0.0015890390110017446,0.04333387715786734
2.7792756096295844e-05,0.000945336492217063,0.0015742735471114251,0.007341037630889617,0.000290890772335928,0.05044906653222727,0.001088734211026482,0.008847752601857757,0.004443726389216187,0.0008582028061112685,0.0019836248204386023,0.03970999379237359,0.0003910571638311352,0.017872231324942336,0.01943167531584667,0.012844548608426671,4.722100958982187e-05,0.033265382591705785,0.006325778802329296,0.034661771134546646,0.00577607636603881,0.004557339600780484,0.04116420663408133,0.0052153940469983635,0.008266607638461378,0.015256938476128627,0.005408858615085374,0.0012702469810946903,0.005289069293972106,0.011263752000898096,0.0037976341802363938,0.01003636385969451,0.0035102886741834594,0.046871326301878555,0.002298228232835108,0.03187622071669257,0.019265788592049554,0.0012136043662706467,0.0007655155911938333,0.006714905267714525,0.0053285316141610355,0.004586245918320183,0.007815442202507595,0.04279321813629045,0.0011081722637115146,0.012140969187328968,0.00780209874788026,0.010384183900325718
0.0001146971073676051,0.0005483296498571787,0.0005018804412245106,0.007946202879295615,0.006836316338645548,0.04201136317992436,0.0015501220020099895,0.008836499191994347,0.010538108604967846,0.0008963479919773113,0.002678396878197126,0.03954987936669352,0.0003954010417541796,0.033076688429981335,0.01927747850546984,0.06751310220605974,0.014168508200086513,0.03381543739943622,0.0007456265578886356,0.012961607714069824,0.015636115338080604,0.005088905664827198,0.05938428124833826,0.0052682983236928506,0.008368952969804128,0.016223210448303636,0.00449359547182748,0.0005189674120859144,0.005853525069017749,0.019574162627531835,0.001906326098306826,0.00848900096942361,0.0032697894494564442,0.015126314485031246,0.004558572193072133,0.03373518781509877,0.0036834761545653967,0.001208203392549656,0.015045328577343009,0.000533802491363184,0.00557570675107621,0.004818359377134792,0.00048633893557894527,0.03497829064702503,0.0014162410516456775,0.008431976109263516,0.0014106302098263785,0.0005961647911356389
4.777198092624995e-05,0.018229744741784855,0.0007145652513109371,0.007475347495779606,0.00018715109022495932,0.04418415759347907,0.000898437005672818,0.008896975066937035,0.009566728933535575,0.0009025328349123888,0.08354847701800776,0.004966385069883551,0.00031229438409201347,0.017725644770835818,0.15573908285485275,0.012777878647969991,0.004663430881688188,0.03380682539095998,0.0011551365584629041,0.13285107459447162,0.011622793164620244,0.005277836535638923,0.05886204720197191,0.005212902003891556,0.0007410327751651885,0.017003358642611214,0.004469441276371709,0.00954363324277244,0.007191305989255018,0.023097337787183626,0.002477288407957235,0.007789995709456728,0.1071871655771883,0.0008600139380919718,0.004601036610157805,0.08708583174459572,0.01642507108100594,0.002118269605438837,0.0012997936538787515,0.006839559071181392,0.00602158590477023,0.0015211094742925155,0.00020255435399010575,0.03451266543650106,0.0014257004767900074,0.008952053166967084,0.007722697836171567,0.010445076088234782
4.691396165838823e-05,0.0008756146519188529,0.0006393743919756644,0.008174723533990305,0.00028975816366853894,0.0546250119824453,0.001637919015228099,0.008967943583224633,0.004444146043234055,0.0009009644735002572,0.0017233115302336976,0.041879180234842064,0.00035565862338318016,0.033474255003835406,0.024588196053447156,0.013344590196862975,0.004596789181390356,0.0332920042071511,0.0059575857220631745,0.016437203713980244,0.013185994574186214,0.004594831493962992,0.041226580886449954,0.005283918783233773,0.008486134089161488,0.015283602768235621,0.005479959629921405,0.004217955418719304,0.0029895328514279963,0.012539174019993814,0.00789000531649857,0.008650189695193341,0.0059279666692451365,0.0005517936242024563,0.007812287692753304,0.052790332998950446,0.019216051446605514,0.0011972202457362852,0.0007698009791778928,0.006591525085971475,0.005355869746313931,0.0016742104268740391,0.0002718539399437286,0.00494253002871297,0.0011082229277973937,0.0001774011682230403,0.007905704498960915,0.009407903167190236
0.00011263700108847718,0.0005483296498571787,0.00050181907021889,0.007947483895784167,0.0003203801391820972,0.04201136317992436,0.0015501220020099895,0.008849703082444794,0.010538108604967846,0.0011570769192685074,0.006651252607257587,0.03003265718163753,0.00039544330126798326,0.033076688429981335,0.10861645436750236,0.06751310220605974,0.00013398664316716314,0.03332935562722071,0.0007327071363147968,0.01240063838055249,0.015636115338080604,0.0050533681020746915,0.05938428124833826,0.0052682983236928506,0.008367727093566538,0.016223210448303636,0.004500077532804447,0.0005189674120859144,0.005853525069017749,0.019574162627531835,0.0025699246435342367,0.008646442830083874,0.0011500348231421815,0.015295833508979258,0.004511897834802001,0.03142463732771889,0.018315260638969752,0.001208203392549656,0.0007851923851757308,0.003564431545599929,0.00557570675107621,0.0048183987194755865,0.00043712103379328713,0.03749989731346077,0.0014158903923999545,0.008439497923852748,0.009089542390437508,0.002340750317458354
0.0017155233444838174,0.001961450559729771,0.0005249653247306704,0.008284416045674158,0.0003325382744265648,0.05301131082860122,0.001270222544741597,0.008198798787210224,0.004396503255309686,0.0009243386065523479,0.006538201910154279,0.21934592496385538,7.90002856028855e-06,0.01869170193803318,0.10649473164921083,0.013661665465289014,0.00015967006694539822,0.033275500636736836,0.0005701713704425795,0.01831353618149386,0.015114033146048256,0.004668013417215544,0.050556455010834805,0.0052598234152880325,8.513943218401918e-05,0.016443338340221603,0.005471762339542483,0.009569565490286413,0.0176485489013735,0.0007551635179476567,0.015218493708687015,0.03771707500355674,0.006935528491959532,0.015971293978765108,0.003389040278407981,0.058063845874396794,0.0073740873675603395,0.0011170099084973984,0.000843455661889014,0.006600893644674209,0.005076634247222347,0.0012532167258484117,0.00044119918587137924,0.03771256478413998,0.0013815797905822288,0.008932390470905483,0.008967615461088338,0.04602945923594072
4.531063340528756e-05,0.0012669061798945176,0.01253069114005029,0.007483256909122136,0.000295189125261761,0.05557633538058853,0.0014428796549208044,0.008805772723922491,0.009979055291231737,0.0010298574519680404,0.002629001864593544,0.23803524601295534,0.00031240413142609474,0.032182843319965106,0.10286484005057489,0.013341348488202029,0.00020361842826781853,0.03326595610524763,0.0005810706334236672,0.011696149103002746,0.01982078140538823,0.00459259045742457,0.050467308193097346,0.005262443220732259,0.00817511669588062,0.017330597667586052,0.004843270437417552,0.009187271763038843,0.006204486203153731,0.0007628702425101341,0.0013768921272704591,0.038811428882154136,0.004251450895747398,0.01669241150783131,0.0036095133443494686,0.05756945718192816,0.02013062540904457,0.0011938557027407455,0.0012989433630964096,0.0031359233618905077,0.004563959101696217,0.0016249243533814116,0.0003455088432660366,0.08084016572652428,0.02777241145804616,0.008420766681743786,0.007900371202352988,0.050197505887741266
2.2900606889826236e-05,0.0009731515457278971,0.0043344561689428835,0.0020975494667249657,0.0003025964554372981,0.04167616930875061,0.0013076323864317876,0.00888378720607429,0.004442093024859933,0.001813993693532394,0.0019330036588424623,0.08082929887148682,0.000392186056560546,0.032469174272222026,0.15459701211735422,0.013704797880397976,5.340760802492913e-05,0.033264810290988864,0.00583265998946517,0.0340525305426996,0.00577607636603881,0.006099585260690313,0.13215370394533038,0.0023170830852552466,0.00824812594046842,0.016636642733260206,0.004636067407792672,0.001280092160139127,0.0020335008332032466,0.01193527354831231,0.007921131537357871,0.009477035216598777,0.0018986779849477656,0.00022299684547683139,0.002142730851052762,0.060407279976579506,0.019661599411589764,0.001924752969334138,0.0012555673265989874,0.00308985820427993,0.005342626463647938,0.039424510422542226,0.00045858957757266734,0.036501506292421465,0.0011047899830172818,0.008671146152179973,0.008426616193346967,0.00041488678979231027
2.691665015052059e-05,0.01808838218374393,0.0005769130658109698,0.006332930401526727,0.0023531651105900475,0.02827351064183806,0.0013047128048848324,0.00822096559044739,0.009769983188478978,0.0017055873523567147,0.0009517024839459536,0.08183301908755423,0.0010762148519644734,0.034797898645783525,0.15523800579583566,0.014050122599652694,0.0003615164332808592,0.033936302153141966,0.006160359840423834,0.12556299449850303,0.01475318466185855,7.373764914484545e-05,0.13336621256563183,0.002384889631309983,0.008185429874848136,0.011083041697079318,0.004522886262570397,0.011192952015369805,0.0021201487637996855,0.0009847189280040945,0.014456702095791642,0.034435262833805914,0.0020968522624287248,0.0007088817672385832,0.00212916556108127,0.05835207434208056,0.0072445309609464196,0.0012552244415632385,0.0018710411778992873,0.0032665426923004165,0.006035692213777357,0.005129551155744245,0.0061095994562799984,0.03630235036483095,0.0005513503094918418,0.00012030813187061809,0.008414571751828569,0.010411805856089598
4.406146291996894e-05,0.0008756834686560206,0.003845190824587938,0.007490478511324887,0.00017225013116114096,0.054184233429009875,0.002456334070161331,0.008823412769842977,0.004442969437353669,0.001687812048501002,0.001966245294286235,0.042670788725430314,2.3457347753659747e-05,0.031999119066955795,0.15840922001601143,0.004577159442881282,0.00027828329762227594,0.03327620212208419,0.0059398753239678,0.13301457081053536,0.01309262138874677,0.004582936399833301,0.04034538437746633,0.005281852051333627,0.008500903679086201,0.015446766768242045,0.00441780017432118,0.008937507885586952,0.0048873708181740375,0.012504247738221654,0.007828655384748277,0.006633805715363572,0.10902283357144091,0.00039045854576202563,0.007812287692753304,0.013072592115864302,0.0017665336391528112,0.0011972202457362852,0.0012579264157127504,0.006546641639473735,0.0053367609477329575,0.001629584999455284,0.0003115188337333007,0.08472893319685584,0.0011139934243812343,0.00018819144862589066,0.0087668486580648,0.009391805313114858
2.2876191161533887e-05,0.0012579096140557348,0.0006518835565339353,0.007448690494121259,0.0001661033964208869,0.04224451582945594,0.0024222135317370497,0.008567799282510148,0.004416131773458672,0.0009819825558802589,0.0011312751474747249,0.2167966252176941,0.0003121954094251627,0.032185550318688146,0.15579439127980335,0.013418729833542873,0.004526877459192574,0.021274157904365057,0.0008960211636510083,0.013023494222555922,0.01303921506259843,0.0046123623652748295,0.0587958012813346,0.005242440748363195,0.008247187627901397,0.01068220807752544,0.0054445616535161775,0.009143135971973124,0.017828467469645982,0.00016980735787999534,0.014858937017229106,0.008494205067139698,0.0054191980787841945,0.016555256334413734,0.0034506061846099074,0.05865785611896822,0.007758179803815759,0.0021009307327725813,0.0012403912549843717,0.0030304296870969295,0.004659734215438546,0.005020694240980809,0.0004899719291636138,0.03771256478413998,0.0012617419014653262,0.007984352882400222,0.0011845576105515385,0.04333387715786734
2.17122467157563e-05,0.016878137343665577,0.003973671924096829,0.007490179723741767,0.0008900357170841467,0.054391000507209936,0.0016695025466641768,0.009191736698341986,0.0037895357993630403,0.0008980403346435949,0.0019664543786298253,0.002985794673761439,2.3457347753659747e-05,0.01773233000501234,0.026270738117388392,0.013996248475458146,0.004768280050876737,0.03378940271216692,0.001012547702188503,0.010419345335657512,0.013172746350135203,0.005232858373502617,0.040504458019639956,0.005282796365440871,0.008360884242671285,0.0154883424845042,0.00588453260898223,0.004217955418719304,0.0029894375138185478,0.01255471939056144,0.00782194864449748,0.03860041448013081,0.1040356107560735,0.000320303251052167,0.007812287692753304,0.06184281909781987,0.003216469979103716,0.005678933596374037,0.0012579188974209663,0.0010152436525802302,0.005097826019316596,0.0011195258358182199,7.493706635076968e-06,0.00494253002871297,0.0011082229277973937,1.8865517134583273e-05,0.007062545791373799,0.040495493319824334
2.17122467157563e-05,0.0009674809561077841,0.0039910503531926066,0.007490179723741767,0.0001901947862134076,0.05441965848537615,0.0016695025466641768,0.00867817538074176,0.0037895357993630403,0.0017023680441554483,0.0019668891444252737,0.041715717887184006,2.3457347753659747e-05,0.01770084454367635,0.019584344173869752,0.013996248475458146,0.004787997930684761,0.0332648841169828,0.0059575857220631745,0.010812415237905701,0.013172746350135203,0.0045046768737203235,0.05761249149231515,0.005283891691319713,0.008486653255530763,0.015446766768242045,0.005473946437443541,0.004217955418719304,0.0029893282943664976,0.012570266663455678,0.007787558514263664,0.00847703802395565,0.005365676802363099,0.0005517936242024563,0.007812287692753304,0.012538609820567873,0.01848346840088411,0.0011408456070970499,0.0012579188974209663,0.006546641639473735,0.005336774815363574,0.0015844710655694115,2.986169389315019e-05,0.00494253002871297,0.0012494309138298067,0.00012597190761644804,0.008844870044930188,0.009391805313114858
4.777198092624995e-05,0.018254304742312495,0.0007145652513109371,0.007475347495779606,0.0007364522997802387,0.04418415759347907,0.000898437005672818,0.008896827364882755,0.00411953554891456,0.0009025328349123888,0.08812072626718288,0.004361818499618467,0.0002973260397076396,0.017725644770835818,0.15575574605351175,0.012768040136394654,0.0044937774329009954,0.03325135221881919,0.0011551365584629041,0.13285107459447162,0.010689476656998195,0.02304044818904497,0.14117882164573664,0.005217942472954381,0.0007410327751651885,0.017003358642611214,0.004469441276371709,0.009169369806832379,0.016789110051475632,0.023094345519099363,0.002477288407957235,0.007789995709456728,0.0019849209296621192,0.0008600139380919718,0.004548885151493005,0.08708583174459572,0.016508739335283656,0.0006893838803045086,0.000800133461377873,0.006869225903440867,0.00602158590477023,0.0014676432947085937,0.0004342307395128932,0.0363858322958441,0.0014257004767900074,0.009559216038466838,0.007722697836171567,0.010541246638975113
0.0002493861577908086,0.0004945672494578797,0.0046070602450169985,0.00749308939921335,0.0002917688189958682,0.04216956496123234,0.002544319579166024,0.008998261794482891,0.004465654733444914,0.0016815063122201735,0.0020054873235404447,0.04478181942195644,0.00011610838532877832,0.03195046169098571,0.14860641905499467,0.005027849075649996,0.00020349837246025723,0.03320629896398649,0.0010048981301083218,0.004371133632236441,0.005292258587334676,0.004550348277067051,0.05403618149644746,0.0051545100805842166,0.008266472862702705,0.0173175545637656,0.004875223657003093,0.0017607549801279439,0.002358709311858277,0.013100259432081159,0.014459038319677237,0.008894806608172188,0.004267331280415287,0.01589118979924942,0.00518794951208491,0.012849212026552218,0.018403513837124942,0.0011895489022835555,0.0012514788714642015,0.00306411069357407,0.006032449761094118,0.0016538976014011295,0.0003109179743015429,0.04029199484171482,0.0013776551924720767,0.0093136398903163,0.008669254952817276,0.010219648377344983
2.3182082326610748e-05,0.017459815215255976,0.0005452347739828081,0.007483111725686658,0.01651208183161799,0.028556491283708445,0.00031973044881402165,0.009634727378230856,0.010188742642749127,0.0017949541353990855,0.08672890799576977,0.042683096648640964,0.0003111516552963238,0.0324137569806422,0.15575965810484796,0.013683959153337763,0.00038060454408521145,0.03323522703603476,0.006355553566093396,0.12342376922031356,0.015734793291289306,0.006093760262044147,0.134338251936341,0.005249128289415018,0.008368109240161117,0.01678002430332142,0.004568866715702384,0.0011999266536700751,0.01745049132055814,0.0013513924347106198,0.0035130836181897843,0.0076796889999717205,0.002921753414672663,5.437814036207063e-06,0.0034470335448175144,0.06152920532233733,0.01660330158111322,0.0019227673870274567,0.001255400433504499,0.0032138029553583076,0.006056566106936237,0.004711885709199967,0.0002383403866267522,0.0362834738920984,0.0014256670453434996,0.00908794149241267,0.006181282030706899,0.0002568029085313816
0.0002449909654326333,0.0034374554246224464,0.0006458802572492791,0.007485281979715935,0.00018877919858591342,0.05557633538058853,0.0012918583507470203,0.008207592462822683,0.010089619820018837,0.0017373354184883017,0.002598819622073807,0.007494353725590874,0.0003214978273665395,0.017213424520012243,0.15528023402606345,0.022065830039277368,0.000639686830182018,0.033289608510006,0.0005666403543911659,0.011197977094817563,0.016879547695907722,0.004561197609752743,0.050556455010834805,0.005180183618173874,0.00756645498322203,0.01595024749389142,0.004560677319472349,0.005232369370905975,0.005900290876653991,0.001330548517236446,0.003549064519581255,0.03447963809592489,0.0029216134726460763,0.0005724483859590873,0.003446945605769857,0.09082954972800195,0.021263217831945992,0.0012568374431609533,0.003837794229564189,0.0028420328357847808,0.005638264009936721,0.0007026803386440787,0.0001743789185570417,0.03742537313828558,0.0011118664728192455,0.008837179908664165,0.0010985523989310922,0.043608151693481284
4.809834573742919e-05,0.01821663465313878,0.0007145652513109371,0.007475347495779606,0.00031141713161413477,0.031105756802105658,0.000898437005672818,0.008896827364882755,0.004452377852672786,0.0009023318654216296,0.08812072626718288,0.004361818499618467,0.00039318124919559655,0.017726399601121684,0.15575574605351175,0.012857914323818293,0.0044937774329009954,0.03325135221881919,0.0011551365584629041,0.011154198046598639,0.010836643302310402,0.004745210209355491,0.14117882164573664,0.005217942472954381,0.0007410327751651885,0.017003358642611214,0.004510460043922806,0.009169369806832379,0.02906852146141359,0.015476718875140249,0.002477288407957235,0.009894755973048914,0.0019849209296621192,0.0008600139380919718,0.0028815030108445463,0.03197987435746706,0.01657997545614498,0.001175548874756637,0.000800133461377873,0.006869225903440867,0.00602158590477023,0.0014676432947085937,0.00038684390051099736,0.0363858322958441,0.0014257004767900074,0.009559216038466838,0.007722697836171567,0.010541246638975113
0.0016904311512492961,0.0005313377388694238,0.0006510303077284037,0.007480351239831807,0.00018585473782282644,0.053007722900628725,0.002427776066228193,0.008824083550163226,0.010031023970145676,0.0009816710481770298,0.0027907789627416614,0.0020624768904597204,0.0003117610941712306,0.03259010140290229,0.03844411828153582,0.012558019686229757,0.004460294429564949,0.03326364699550536,0.000898704043206701,0.011201360396967446,0.08555713285128341,0.005088937864509502,0.05942069340416833,0.005242520300319597,0.008279677183301951,0.010631490018944046,0.005540954250550791,0.009952076195281058,0.017749658044469634,0.012795533317897586,0.003595946602526095,0.007795400670490931,0.10136606290869613,0.00048074243225276064,0.004595294593927886,0.03312220682724654,0.018276437036326518,0.0003564259643532775,0.0007313561408590284,0.006573224349245011,0.0028030246791188266,0.0006984943188953562,0.0003454976478493727,0.0057594921003870855,0.0012890545151019572,0.008968326722947052,0.001144806401158661,0.00022817279569112628
4.7058223697517584e-05,0.0012367866932943476,0.0005317532032843434,0.00818867453928914,0.0001661033964208869,0.04224451582945594,0.002591922556742008,0.008567799282510148,0.004416131773458672,0.000926843338209381,0.0011312751474747249,0.22641356054302286,0.000354561626793435,0.032185550318688146,0.15579439127980335,0.013418729833542873,5.6745056288624335e-05,0.021274157904365057,0.0007648651228838702,0.1287990622985552,0.01303921506259843,0.00461671959478783,0.0410772032182612,0.005259496958117165,0.008247187627901397,0.01662832592138973,0.0054445616535161775,0.009143135971973124,0.005888416679455148,0.00016980735787999534,0.014858937017229106,0.008494205067139698,0.003440935122492183,0.016555256334413734,0.0034506061846099074,0.05865785611896822,0.0073740873675603395,0.0012005023190210014,0.0012403912549843717,0.0030304296870969295,0.004659734215438546,0.004774928381261171,0.0004899719291636138,0.03771256478413998,0.0011111834740463655,0.007984352882400222,0.0011888488166655747,0.04333387715786734
2.658146258119731e-05,0.0009404655503120508,0.004006111356713065,0.0073411989455133865,0.00029086241775158703,0.052824083465343945,0.0011680351535398048,0.00884787996636701,0.004461141671034094,0.0008588586545058791,0.0019825691170788223,0.040985821002630915,0.0003798989717357598,0.017871283458960552,0.019952595412277986,0.013349818344754478,0.00026937207813150727,0.03326485678578696,0.0010262010375600584,0.019102005506236648,0.013163932242873693,0.0045563935655701755,0.04115750845543019,0.005127997167792707,0.008486134089161488,0.015296875708591657,0.005408666200285334,0.0011395285957017487,0.03238380894096121,0.012820279923030331,0.0038259926402814826,0.01006048566022587,0.10410194745820431,0.016588334688749703,0.0034231176702198187,0.07745957614589191,0.01927449055492672,0.0011972202457362852,0.0007696794098830628,0.001487872602072541,0.005086821489535687,0.004702831606785914,0.0002962016297371918,0.041644579945586596,0.0011082229277973937,0.012227285580509045,0.007905704498960915,0.01022239571385438
0.0014399387436032159,0.017628984198177006,0.0007181977218801816,0.007498802392687369,0.000344849157496661,0.05373903185642608,0.004049929082284428,0.00914692786328281,0.009759622176078944,0.0011691729976676382,0.0066176345187773655,0.0072372046884559595,0.00011839621474995046,0.01810688821910001,0.032242108441044165,0.013453396615853482,0.0002047997166567119,0.03328133398701551,0.0004691098410202258,0.01292549067037797,0.01569748810565548,0.005072387490734492,0.060375930105617565,0.005131330447335699,0.008491581585109634,0.015891290338114327,0.004451674046791684,0.0005148343733428244,0.00608209212819627,0.01957843892457683,0.001753374918925966,0.006115801256354471,0.0028854705733803335,0.015983549821272782,0.003551050414118319,0.07205905312147269,0.004411007981050784,0.0012531694638091805,0.0012504502377418637,0.006490526483464455,0.005630900928181448,0.004715393095028933,0.00017720996161988092,0.07812208749200264,0.0012527227506353958,0.012362119145661711,0.00150215310145574,0.0015134231320286448
0.0017442642852880154,0.0012239844333672093,0.0005333352836228139,0.008192879246031157,0.00032265802117138813,0.05305182280295997,0.002578933896608312,0.008248071685338807,0.009344044836718782,0.0009259077867219707,0.006619059434352149,0.22185244929680076,0.0003621463936789392,0.032185550318688146,0.040009247196361,0.013418729833542873,0.0001602660905492855,0.03327549501508521,0.00047383271165003197,0.009657599474760123,0.01507774724316032,0.004586239629268091,0.060171312282599795,0.005129398191543352,0.008499028577458928,0.016430109166737556,0.00546089422040136,0.0002046140182879767,0.017943466556110368,0.00023502655514636046,0.015218493708687015,0.00865164692779996,0.0013211794778929167,0.01653396985205141,0.0035465371350545502,0.058063845874396794,0.0073740873675603395,0.001227113833394862,0.0012436443896890676,0.006599440282896243,0.004606573706679314,0.004712052599111828,0.0002036869503570961,0.03771256478413998,0.0011111834740463655,0.008431626005477267,0.008864798565648405,0.04602945923594072
0.0001146971073676051,0.0005483296498571787,0.0005018804412245106,0.007947483895784167,0.00016530158597955722,0.04201136317992436,0.0015501220020099895,0.008836499191994347,0.010538108604967846,0.0011570769192685074,0.006652372837863851,0.03966154036426181,0.0003954010417541796,0.033076688429981335,0.01927747850546984,0.06751310220605974,0.00013398664316716314,0.03381543739943622,0.0007327071363147968,0.012961607714069824,0.015636115338080604,0.005074029494724722,0.05938428124833826,0.0052682983236928506,0.008367727093566538,0.016223210448303636,0.004491658997522213,0.0005189674120859144,0.005853525069017749,0.019574162627531835,0.001906326098306826,0.00848900096942361,0.0032697894494564442,0.015126314485031246,0.004558572193072133,0.03142463732771889,0.018315260638969752,0.001208203392549656,0.0012561938731947238,0.006485093001234066,0.00557570675107621,0.004818359377134792,0.00048633893557894527,0.03749989731346077,0.0014158903923999545,0.008431976109263516,0.0014106302098263785,0.0005961647911356389
2.285657034658127e-05,0.001184140065565532,0.004268180267526287,0.007480472317134125,0.00019033531041195284,0.054421517178739394,0.002422149032825055,0.008396313062284567,0.0050437706238927885,0.0009117898706697466,0.0019829774816074058,0.005587455103485829,0.00035486034469369413,0.015545778539557038,0.018875942032598472,0.013349818344754478,0.0037568090097052182,0.033265384120962034,0.00062702163733162,0.01718577102618621,0.013342425558440521,0.004529871667076916,0.05725488684065591,0.005283208287514537,0.008486134089161488,0.011287775665043983,0.005479959629921405,0.009964061301556495,0.0029745207227917566,0.020554285235373195,0.004782034816880191,0.007798438075225024,0.0028502386979719838,0.013787249564694,0.007812287692753304,0.03186348597366159,0.0194164666028905,0.0012128925404605883,0.0007708616057894632,7.694390819610849e-05,0.005336234590952755,0.0015819812977757952,0.00010522030654792208,0.00494253002871297,0.001261560535780015,0.0014378630296051301,0.007905704498960915,0.00028670318263373205
1.4009022256046799e-05,0.0007335498767495931,0.004423348484518633,0.006155784249157508,0.008673777936776716,0.053230431299563445,0.002568170412792189,0.008696221798121868,0.00443209725892618,0.001635150948781002,0.006729710539091264,0.08834998683952207,0.0003324942447488918,0.015545778539557038,0.01347016155749494,0.013358395465734332,0.0003372050803200008,0.03320087527221556,0.0006267890163107597,0.01689783941221982,0.013342425558440521,0.004530388304833469,0.05725488684065591,0.0023741014315916166,0.008307043001532472,0.0007510701146229044,0.005437451341014954,0.0090388622273771,0.005346702581834172,0.020735884419292444,0.014596074151994588,0.008472720296737953,0.0027822174465754962,0.013048872783014313,0.008598453207022159,0.05807429784736361,0.01664713135863642,0.0012247094905730445,0.0007754997829096459,0.0015627866532027723,0.005096728101738606,0.0015384521276800367,7.821613464647787e-05,0.002955625915815721,0.0011111785307860939,0.00022412652695965457,0.008685199330814991,0.0020424482646073426
6.512244233454608e-05,0.0012239844333672093,0.0005333352836228139,0.00818867453928914,0.00032117428189834454,0.053072382589737316,0.002579067178225478,0.008198798787210224,0.004416131773458672,0.0009259077867219707,0.006538201910154279,0.2167065969125374,0.00035422971617098825,0.032185550318688146,0.10649473164921083,0.013418729833542873,0.00015967006694539822,0.0332743165558098,0.0005701713704425795,0.12812288991126108,0.015114033146048256,0.004596466367829731,0.050556455010834805,0.00525981329877771,0.008190832639990103,0.016430109166737556,0.00546089422040136,0.009142670524073138,0.017481692554448806,0.00016013449073310284,0.016144489053891646,0.00865164692779996,0.0013211794778929167,0.0006278383661277049,0.0034096273977289623,0.05806238494385044,0.007209531502721671,0.0012277018431244918,0.0007280129108632698,0.0031331882865976136,0.004659734215438546,0.004774967723601967,0.00044119918587137924,0.03771256478413998,0.0011012887946489096,0.008271096443049205,0.008864798565648405,0.04602945923594072
4.531063340528756e-05,0.0012669061798945176,0.012699702396534358,0.007483142551461972,0.000295189125261761,0.05557633538058853,0.0014428796549208044,0.008816121078412599,0.0101116047781209,0.0010298574519680404,0.007119641230717668,0.004694930959790263,0.00031240413142609474,0.032185550318688146,0.10362331777655501,0.013341348488202029,0.00015967006694539822,0.0332660759334991,0.0005810452916509188,0.011696149103002746,0.01982078140538823,0.004594360913008311,0.050467308193097346,0.005244120551089498,0.008171961436290636,0.016433161250602287,0.005534688822131606,0.00919106731593406,0.005889009331913722,0.0007628702425101341,0.0013768921272704591,0.036712325800368366,0.0009572890196825837,0.01561108964451925,0.0036095133443494686,0.058324247346102226,0.02013062540904457,0.0012491453186444595,0.0012989433630964096,0.0031359233618905077,0.005674509884376496,0.004714749061434764,0.0003455088432660366,0.03742537313828558,0.0014063907418262686,0.008416084555161275,0.007894880564818928,0.050197505887741266
4.8023315465143656e-05,0.0012239844333672093,0.0005333966546284345,0.008488754313978424,0.0001660957287255542,0.04457621166215528,0.002591922556742008,0.0089061584797041,0.004442688402959779,0.0009240785927924055,0.00647142110738133,0.22641356054302286,0.0003553900445249593,0.032185550318688146,0.02037895701847222,0.01290692113793155,0.00015576429565833242,0.021274157904365057,0.0008982204169159257,0.1287990622985552,0.013186167554602722,0.004617127760479761,0.050653025596569784,0.00504783626692267,0.008187075890573103,0.016634190180304143,0.005918220088580645,0.00876990384557061,0.001736151173116028,1.3814075123389294e-05,0.014936371748433278,0.009454958230380549,0.003440935122492183,0.015821318342228198,0.0034357146366781155,0.012491438948030096,0.019590713308329972,0.0012009615597749518,0.0007442999380739901,0.003067815542990403,0.0053330468421043786,0.004774928381261171,0.0004904170876570374,0.037687386434369974,0.001110803751862644,0.008263574628459974,0.0011888488166655747,0.04333387715786734
1.1071766562286903e-05,0.0009624309363557484,0.0016294967520497498,0.007847979678493894,0.00021952601529795965,0.055056371168559444,0.001299107918751499,0.00866786250477877,0.0093848296290709,0.0016227758181489467,0.0009342448562537306,0.04257011624763764,0.0003772650007097403,0.013683178812166163,0.15978926532902513,0.014050122599652694,0.00010091181044060804,0.0332656188229681,0.005712852698655894,0.034322482258835364,0.013397582614338164,0.004658891635516054,0.052228705227003486,0.005166318372721497,0.008262197926906543,0.01587633221191253,0.004522886262570397,0.0005116933645475602,0.005557911709501855,0.015485628542116606,0.00570041450930543,0.007970223561793737,0.002849566479165617,0.0003415007143115073,0.0030007465795389675,0.023205411094639986,0.016784484754840196,0.001196918018131637,0.0018703612598186645,0.0031303516814666877,0.005965901745907682,0.005016264592091977,0.0006142920316441324,0.03588992631944468,0.001271322799892201,0.0015830256300029752,0.00840809782577049,0.010395943341054238
4.514051444119409e-05,0.018146340805388923,0.0006531587228927637,0.007480351239831807,0.00018585473782282644,0.04195714833142762,0.0024269637811788246,0.008824083550163226,0.010099623031657273,0.0010367585307175951,0.0027636874705781692,0.0049661600864276435,0.00031123561486920935,0.017701717039603035,0.03791348214173529,0.012866988209420942,0.0006755723621841207,0.03326497270327556,0.0010950189745483306,0.011201360396967446,0.08555713285128341,0.005191571127676702,0.028504742586347734,0.005184025523940354,0.0008304546235268894,0.016715631452129277,0.005409562334167956,0.00919051830622496,0.017749658044469634,0.023097519562600793,0.00392676844749803,0.007795400670490931,0.0029140350646791185,0.0008529738386126578,0.004522749887952232,0.033160684676707554,0.019299426185516336,0.0020431603086561423,0.000708798004782976,0.006859937317794029,0.0054013155874212595,0.0006984943188953562,0.00045708518794440047,0.03637661471847964,0.0012551977726860907,0.008968326722947052,0.0017313935873137535,0.001705012215545876
1.666524762630193e-05,0.0010822292661130928,0.0003881357140907006,0.00754236749565663,0.00029086241775158703,0.04155286117269931,0.002655757819482328,0.00869099142311791,0.005037251884129071,0.0008938927465159783,0.002013815946800368,0.04103198128753979,0.0003317624497776689,0.015603631223403018,0.019056708207862854,0.012943330347172573,0.0001366056604042942,0.03326464154956173,0.0006264685870708729,0.01718563499489186,0.013110730786192869,0.0046114025362633025,0.04155245738826759,0.005128070704749221,0.008274182565350965,0.015878563926202974,0.005408301508038568,0.001270126322135385,0.0021241692486986857,0.01208934257295417,0.007913963393010632,0.0366458467346923,0.0014063204683343307,0.015892830813068425,0.003454903246511534,0.01262236424884253,0.019373300453202503,0.00020913096990544922,0.0007708309982267777,0.006821614385704892,0.005335523994385973,0.00486669488487909,0.0004657609564275499,0.03487431097155232,0.0010819478219387002,0.009590900937212047,0.008362991864566047,0.010219117495827136
2.691665015052059e-05,0.01808838218374393,0.0005769130658109698,0.006332930401526727,0.0023531651105900475,0.02827351064183806,0.0013047128048848324,0.0046102246921387955,0.009769983188478978,0.0017055873523567147,0.0009517024839459536,0.08183301908755423,0.0010762148519644734,0.034797898645783525,0.15523800579583566,0.014050122599652694,0.0003615164332808592,0.033936302153141966,0.006160359840423834,0.12556299449850303,0.01475318466185855,7.373764914484545e-05,0.13336621256563183,0.002384889631309983,0.008185429874848136,0.011083041697079318,0.004522886262570397,0.011192952015369805,0.0021201487637996855,0.011740232155856381,0.014456702095791642,0.034435262833805914,0.0020968522624287248,0.0007088817672385832,0.00212916556108127,0.05835207434208056,0.0072445309609464196,0.0012552244415632385,0.0018710411778992873,0.0032665426923004165,0.006035692213777357,0.005129551155744245,0.0061095994562799984,0.03630235036483095,0.0005513503094918418,0.00012030813187061809,0.008414571751828569,0.010411805856089598
2.287425211448572e-05,0.0002580483069940887,0.0002089646302937346,0.007941181964631509,0.0002881272438192976,0.053007722900628725,0.0024709065414909607,0.008824324745747868,0.010032963470518108,0.0009816710481770298,0.0029297518205964393,0.0385279581606959,0.0003117610941712306,0.03257811912461694,0.15642395026727396,0.01336239782147762,0.004442001406349021,0.0332651014765955,0.0009109569454839013,0.011374147277929849,0.0008211252338990657,0.005087076160141904,0.05841329653649627,0.005216309275246685,0.008280884435023969,0.010901495446588949,0.005540954250550791,0.000704725374627106,0.017484054268151458,0.02306909579632297,0.0019519480723346144,0.008286467844949866,0.0034389584396789866,0.0011607606813018832,0.004598402032356084,0.033160684676707554,0.018359865173114873,0.0006644334587465862,0.0007048929069679183,0.006573224349245011,0.0024470268622537924,0.0006022030946214794,0.00015454585371962003,0.0057594921003870855,0.0014210496880729575,0.009093535019854364,0.001622415628823544,0.0007062582962141936
0.0016646453146275941,0.0012242110870309155,0.0015737372756774266,0.007854871529075963,0.00032559562474168403,0.031067547257376524,0.0026283191781764884,0.008879219323366648,0.004442229778841131,0.0009262045575643193,0.0027379776173162562,0.20732861108879352,0.0003931779413057649,0.01855596629925818,0.10652397654258214,0.012857948709814326,0.00016001875440547114,0.03389391984050711,0.005932893993906832,0.00984808538056278,0.005758368933645662,0.004608321002128199,0.04028082068572826,0.005219951547636407,0.008274005519895553,0.016222090922586505,0.005407996988019611,0.0016059389150821766,0.017587372304314564,0.014583659731701072,0.014973283223922032,0.009922518545465808,0.001906209017062589,0.015888871747028264,0.0029596765819474816,0.05804246768849523,0.019386554669435483,0.0012136043662706467,0.0007309984366056982,0.006595538602671554,0.004676277498996576,0.004710629989493771,0.0006125911270457051,1.824158691262137e-05,0.0010868709166230147,0.012140969187328968,0.008072126037543374,0.013771451819684567
2.17122467157563e-05,0.0008756834686560206,0.003973218000415241,0.007490179723741767,0.00018877532660930554,0.05445185284881827,0.0016695025466641768,0.009150927118714462,0.0037895357993630403,0.000897998502463265,0.0019664543786298253,0.002415484228438857,2.3457347753659747e-05,0.01781647276867352,0.024588196053447156,0.013996248475458146,0.004713127847934124,0.03326492958321502,0.005553619222624699,0.010419345335657512,0.013172746350135203,0.004595769127924299,0.040504458019639956,0.005283900799038889,0.008342105945000863,0.015488583643227838,0.005886810081940836,0.004217955418719304,0.0021779490231297535,0.012504247738221654,0.0010344183921223403,0.008300078743836236,0.1114909171425972,0.0005558900147245157,0.007812287692753304,0.012538609820567873,0.0031222408878604415,0.0011972202457362852,0.0012579188974209663,0.006546641639473735,0.005088908192569136,0.0011195258358182199,7.493706635076968e-06,0.00494253002871297,0.0011082229277973937,0.00012753038159818208,0.008844870044930188,0.04163264508311055
0.0014151363576892506,0.000697337267148988,0.0007170885161719679,0.00750101542837998,0.00034871887163555364,0.25641316515945733,0.004049929082284428,0.00914692786328281,0.009759622176078944,0.0016783553211028792,0.08409533254294674,0.0071933611690633385,0.00011839621474995046,0.017854043049294808,0.032242108441044165,0.013453721596527668,0.0002047997166567119,0.03374562877633919,0.0004691098410202258,0.017395166145296258,0.01318573104530921,0.004556326447437007,0.04093853693186204,0.0051268082774272705,0.008483610562833761,0.015881616010067708,0.0046800625344297665,0.010221475153813928,0.0018530661655803177,0.023184901684221756,0.001753374918925966,0.03435103162650523,0.0028854705733803335,0.01599380309047508,0.0035584283540542145,0.07205905312147269,0.004411007981050784,0.0012531694638091805,0.000931372576223919,0.003042045172603011,0.005281013314557636,0.004715393095028933,0.00017720996161988092,0.07812208749200264,0.0012661980758218395,0.008751129920993174,0.009154484073051621,0.0010205745267181541
0.00024447125902589493,0.00019119061642764584,4.669949921436937e-05,0.007434952058405848,0.0008639431555895009,0.04014924818911808,0.0013192334957436535,0.008893554843626203,0.01002794187025929,0.0009139771690048317,0.004123056370063458,0.004155507601434336,0.0007627990293826584,0.032533765706035556,0.15744318159280085,0.012587614268088547,0.0045998640283124006,0.004760501075882167,0.0015404620650214349,0.010979104470579074,0.0532348299391503,0.004644417148655026,0.058372374958299056,0.005306707282738687,0.008369474621971611,0.01623976862714201,0.00429589139182995,0.010407381692275255,0.00963156631396837,0.022826959086844872,0.0038896420598657803,0.03739410870097451,0.11122359192718495,0.016602911842075154,0.006157406783604528,0.063746856990771,0.018525170496661858,0.0012223384962278332,0.0012598641094461287,0.00016842016492865089,0.0024400620358890714,0.001381914576742978,0.00033677035283406764,0.03630237909493574,0.0013740578000074207,0.008929262471153922,0.008695348791187881,0.0007070370512178202
7.308874312167532e-05,0.0004164571872882321,0.004134994247763238,0.0074820351379252595,0.0009327786872737022,0.04216956496123234,0.0026932436915982393,0.00884778477168656,0.004465654733444914,0.0016690001445250741,0.0020054873235404447,0.006178914600942342,0.00011610838532877832,0.03218683296621351,0.03838745620416754,0.005040549724016316,0.0002923172503059405,0.03320629896398649,0.0008995549863543987,0.011422809538710811,0.01673945254245755,0.004618303806552849,0.0487215164839103,0.005155414923632465,0.008270109722836106,0.01647026592513962,0.0048342105331284765,0.009138587238096586,0.002237685811638536,0.01307699257310454,0.007491941725526172,0.00783207539630598,0.10680201922562463,0.016356035157609052,0.003464511026446956,0.0908833902044135,0.0184085287642368,0.0006904737770021889,0.0007651854718163675,0.002877590624379159,0.005961533570851581,0.0016254981457213785,0.0004586275104327111,0.087550104637887,0.0013776551924720767,0.0093136398903163,0.009058990343738272,0.010146600101232688
1.256133916874172e-05,0.0004726485759552539,0.05753320733204957,0.00818867453928914,0.0002071833979861442,0.05342246607582058,0.0026913173357731024,0.00885021674871468,0.004424368452848673,0.001827431666218485,0.005164740944458665,0.21503932744006526,0.00035485459377739627,0.03281253421800018,0.018346770108103955,0.004182246742014529,0.0002913722398510763,0.033266330952674235,0.0009000261848328814,0.006661055008431546,0.015673750978104826,0.004596459492637212,0.04920033856861368,0.00510666132192556,0.008269775974735381,0.0018950616939843734,0.00546089422040136,0.009143135971973124,0.00750815432522722,0.00010216538916625161,0.01615858052329349,0.007861771726652048,0.10232096001917106,3.711736059836378e-05,0.003410493842682756,0.058163909793726765,0.007048741383638995,0.001216752551813311,0.0007692940579927211,5.974256732893773e-05,0.0028579020999661853,0.0016457766200997871,0.0003485881609019155,0.03965532576149527,0.0014248573205143074,0.0006213778998502891,0.0010659882559808254,0.0014624070974533568
0.00021956572780578305,0.017835326492080052,0.003994111603656386,0.0020832585623507295,0.00033674322514758224,0.05243069657336635,0.0012608524388858984,0.009170794165308261,0.004864085898237987,0.0008541905739799742,0.004278525414319858,0.04148550099450013,0.00045303741734281297,0.018629836643980716,0.1560129937222603,0.014212904718664087,0.00016999155903958473,0.033119202769015046,0.0008582090667968298,0.01892290083491006,0.013256471890014368,0.0052231473691685916,0.0407918039853693,0.005257857942054814,0.008373459760436743,0.015304977049778032,0.0035833738001711003,0.006606346188176505,0.023863119740810394,0.0031661597104509576,0.0026582012234222544,0.03813785508900379,0.10572357535687066,0.01571805938802695,0.007081709360172189,0.061416217408468685,0.008296994780813709,0.0012527224693303885,0.016112504417654227,0.0015525696664246851,0.0050821007514720885,0.00487441109812998,0.00016904546692494884,0.0409822252362761,0.0012443886543052765,4.539684827014473e-05,0.008661800136367725,0.00482222131115448
3.193991799438826e-05,0.00047922871799912717,0.0039519875985755066,0.007452012925457337,0.0003866395537434524,0.0277746926419142,0.0025427877421837298,0.009008294189033483,0.004309776213850517,0.0016617291654389885,0.0020083800804335723,0.03812063391156479,0.0003515188305523419,0.03300166020747534,0.036762531373518134,0.01337703012893281,0.00020284186318592393,0.033286750507705964,0.0001915530082267523,0.01015230120502417,0.015782528194278892,0.003675256617016042,0.05062998800485341,0.013877365482383374,0.008265469053978722,0.010451085790616148,0.0038317589170482184,0.010182090014460271,0.0014282944492626476,0.015382322387773243,0.01490083612627625,0.0035629755430140854,0.10578387378568024,0.01643278236349605,0.0019351495428178759,0.03136324679031386,0.01910034179861353,0.001190386592900492,0.0012585846096669806,0.0030474299731576854,0.0045675780723315575,0.0015517889438086804,0.006934250352253927,0.0790236972064936,0.0008949892762405196,0.009311409508270828,0.008765149219984296,8.189580538732304e-05
4.7039679283497874e-05,0.0012615734594303922,0.004149490282463046,0.007480472317134125,0.000181716676844419,0.05443179828656954,0.002598608435201687,0.00857173842482156,0.0050437706238927885,0.0008787848760319746,0.0019829774816074058,0.005615398543016223,0.00035486034469369413,0.014994843677476003,0.018875942032598472,0.013356423774640783,0.004034777374237086,0.033275497125292396,0.00062702163733162,0.01155669812151566,0.013098531650996937,0.004610178556455024,0.05130594463676279,0.00525952649683058,0.008500438507195092,0.011287775665043983,0.005479959629921405,0.009964061301556495,0.0029123166328826203,0.0007303425510325392,0.004782034816880191,0.016825055857933223,0.0028502386979719838,0.013787249564694,0.003277284080625251,0.03186348597366159,0.007292164966798946,0.001264103529394957,0.0007441741795056074,0.00011635320661917124,0.005328359358311203,0.0015819812977757952,0.00013205007294639245,0.00494253002871297,0.001261560535780015,0.013808435525752172,0.0013149988242228548,0.00039615287141857303
1.3942273672718733e-05,0.018238559678571978,0.003993481530332756,0.008287695333169316,0.0010113218928499185,0.05310381622169553,0.0014317576681331867,0.008990633049463416,0.004000429073071741,0.0017718701098185074,0.0026913927216627043,0.007403566287550947,0.0003171401090505888,0.03200195984772942,0.15548141727896322,0.015045206113498896,0.0001726858289986537,0.033290725969503124,0.0012096305086331503,0.018305315550486468,0.016710258562611977,0.004554835573700812,0.051254581479806605,0.005259437549335459,0.008310983292015729,0.0013046776843134242,0.005834275027991267,0.008933807261205722,0.005969162874919136,0.0017301156819000303,0.003551212459141431,0.008467154779975242,0.11212632403417504,0.0168318310220278,0.003450286125936806,0.02307161908724581,0.0025996885741511005,1.5190123705694663e-05,0.004215419163251159,0.0016824199915575926,0.005632247537284805,0.0016035915878088547,0.005053832630651815,0.03806456709028093,0.001246580559071162,0.006440816320892072,0.008688594410970843,0.003547836951070797
4.705807871983942e-05,0.00122625414668355,0.0005333966546284345,0.00818867453928914,0.009066690852825684,0.042118304704561016,0.0014057088744199922,0.008185858480022139,0.004416131773458672,0.0009215363343220098,0.048778513458781696,0.22641356054302286,0.000354561626793435,0.032185550318688146,0.02037895701847222,0.013405806279622194,0.00015967006694539822,0.033044893215745504,0.0005701713704425795,0.010072707569905054,0.07037595753142825,0.004598731076987024,0.05032876106555776,0.005259503468809532,0.008018434160107493,0.016430109166737556,0.0048460383549598675,0.009125737048054779,0.030333540588353677,0.0001611798418540993,0.003330183721978565,0.008494205067139698,0.003635802190984333,0.016484814633929437,0.0034357146366781155,0.058298750151009895,0.0073740873675603395,0.0012238061694688912,0.0012404939530829167,0.006131564039864615,0.004614244846659397,0.0005796073283267085,0.0004904170876570374,0.037583890544754056,0.0011137746531993372,0.008263574628459974,0.0011888488166655747,0.045580725765284935
0.00021725493650440506,0.017828862577005507,4.816087879733262e-05,0.002083990374128519,0.0008639431555895009,0.054393310257623756,0.0012553396000027273,0.00916752498288593,0.0037803362444676783,0.0008484771557511493,0.004159918660985449,0.04224538887098997,0.0002889910273061012,0.01878863916840992,0.15474082279330215,0.013663787156081384,0.00017534658840120607,0.033784225101516636,0.00098042390873808,0.018946715000940965,0.01095197717519862,0.0052231473691685916,0.05144847377181033,0.005072561962505101,0.008374479688474283,0.01662777977320206,0.005878800000666599,0.009627021421994227,0.02549428702611621,0.003991090034527984,0.0026864499825431333,0.038338825843231325,0.10409351412738728,0.015744128979145976,0.002151218910722901,0.061416217408468685,0.01670395885939278,0.014867399827675095,0.016288204528288018,0.0016803568726641972,0.0050821007514720885,0.001392121340780967,0.00016904546692494884,0.04090148890667776,0.0014265951297064339,0.008929262471153922,0.00708041351290806,0.011383887569501884
