ADANIENT.NS,ADANIPORTS.NS,APOLLOHOSP.NS,ASIANPAINT.NS,AXISBANK.NS,BAJAJ-AUTO.NS,BAJAJFINSV.NS,BAJFINANCE.NS,BHARTIARTL.NS,BPCL.NS,BRITANNIA.NS,CIPLA.NS,COALINDIA.NS,DIVISLAB.NS,DRREDDY.NS,EICHERMOT.NS,GRASIM.NS,HCLTECH.NS,HDFCBANK.NS,HDFCLIFE.NS,HEROMOTOCO.NS,HINDALCO.NS,HINDUNILVR.NS,ICICIBANK.NS,INDUSINDBK.NS,INFY.NS,ITC.NS,JSWSTEEL.NS,KOTAKBANK.NS,LT.NS,M&M.NS,MARUTI.NS,NESTLEIND.NS,NTPC.NS,ONGC.NS,POWERGRID.NS,RELIANCE.NS,SBILIFE.NS,SBIN.NS,SHRIRAMFIN.NS,SUNPHARMA.NS,TATACONSUM.NS,TATASTEEL.NS,TCS.NS,TECHM.NS,TITAN.NS,ULTRACEMCO.NS,WIPRO.NS
0.0005407245483603754,0.000453876009240134,0.0010002797785714217,0.009864159356880774,0.004290071381685095,0.017550584968861402,0.003456946523699526,0.0033082528225432837,0.0046397155121318005,0.0008321050569455842,0.0016989816582442694,0.002164822833886958,0.0001467025282375537,0.008285463345378849,0.031267125421866895,0.013972875902449328,0.013484440465833691,0.00024037873731090837,0.0041676083209853405,0.0010066223142231202,0.015848574072405447,0.00018876047138272544,0.04831470340796963,0.0014259826323817862,0.009183898874664911,0.017484031602630165,0.0018486626497769053,0.010429520718861024,0.029913937145668142,0.02170539214506253,0.0064075926296087255,0.011691496393217326,0.0028531551002900107,0.000553670400022853,0.0049208152539108275,0.006750642450023915,0.016998402097019517,4.142169745469744e-06,0.0012326166817515228,0.003874023330701168,0.00024207188791052877,0.0003396887657344665,0.0007829370497764276,0.03530655867122683,0.004911410764658967,0.0013144220069300626,0.006599797490683703,0.012423003397652243
0.00012141865393614464,0.001196236064948741,0.004338865045175149,0.007640652645424521,0.005076776574463222,0.022582276055123935,0.003883549353001821,0.003330715270285654,0.004202928980022223,0.0005826453898071067,0.01191238512145877,0.004461839315159548,3.5510906321250366e-05,0.008457803827992712,0.025462113938745465,0.013969060044856417,0.002860227076601065,0.15792696110313909,0.00594749602506479,0.0014117632984862027,0.01596773303566646,0.005337897904037848,0.05406145188224421,0.0015796517443933018,0.008275885508933278,0.009425074372977803,0.004160170535643242,0.009505272478309968,0.005772205631126824,0.012923835313227439,0.002634263948830215,0.011628131017302534,0.003959108879872919,0.004841583125508454,0.00670255427117584,0.1422094124796883,0.01695251475231716,0.016079287933939413,0.0011329511335882606,0.000764086992511077,4.575624092478635e-05,0.004376858149841031,0.007562311797678813,0.2610975599460242,0.005667975733182129,0.023877716009880874,0.007438438337824241,0.07010407861124068
2.36108485726083e-05,0.0005159855116876168,0.001839879051298764,0.014999520807404862,0.005651709979378915,0.007827426110868882,0.0035124987255643354,0.0030635419910624993,0.010540913758700306,0.0012359445942240256,0.013448065999996567,0.0051229961684951504,2.1333956047023186e-05,0.008447574368837892,0.03475198326084487,0.014064364482814338,0.012604002272237735,0.0022737721669882287,0.0012218345540694758,0.0007223752472605427,0.0017013295695965224,0.004738963355744479,0.04740040392210348,0.0023000225152897858,0.008520321238308448,0.01724040174247733,0.0013793861837679724,0.010438772214062274,0.004844879480615332,0.006408659631597849,0.0084906139252253,0.011692665680920783,0.004012518113861007,0.00487365175012487,0.004987294850544708,0.021254083590453637,0.017253509814846486,0.0006007105292976898,0.0011212454031474027,0.003950917885701154,0.00032818347828920215,0.0012407039396474281,0.0003370621154803624,0.0009387354180588649,0.0017836981313000407,0.0006979316740352841,0.0005010070226538171,0.010770837499466172
0.06577644440195221,0.003612719628742578,0.004338865045175149,0.009773634582105393,0.005062073133388522,0.020446228799094145,0.003883549353001821,0.0036802064838594843,0.004202928980022223,0.0005826453898071067,0.01191238512145877,0.00200302230762474,2.8876028959208918e-05,0.008236462847582863,0.025462113938745465,0.013908731462615767,2.4480539008207326e-05,0.15792696110313909,0.00594749602506479,0.0008866295457403783,0.0014381683778357237,0.005337897904037848,0.05406145188224421,0.0015796517443933018,0.008275885508933278,0.009425074372977803,0.0021370913691875805,0.0067854181261472815,0.005766723909212047,0.0126650335283055,0.002634263948830215,0.014242364217054347,0.003959108879872919,0.004841583125508454,0.00670255427117584,0.010001280929806691,0.01695251475231716,0.015226484263190848,0.0011324406027215421,0.0007701711947439454,0.00028528799698989213,0.0001722818261913851,0.007562311797678813,0.2610975599460242,0.005158823059818476,0.02211388360053353,0.007438438337824241,0.15876709900052574
0.0005825408887427086,0.002778265325417447,0.001139946546069141,0.009855975381744047,0.004582663742647883,0.054541032149381975,0.003843142401428672,0.0037492294143572817,0.026032773004970453,0.0025499048482797806,0.013645569849208757,0.0006121493715194831,0.00031858511704470284,0.008261047687773967,0.1843939794560277,0.01584402386569724,0.007029179443856115,0.029793211267217054,0.0015016666718628982,0.016294432852639592,0.0018235896435316002,0.005400476126773668,0.0483818855683968,0.0052679810483254605,0.009246997710855343,0.17596531710564514,0.0016963586580805686,0.009694167156890055,0.004361807051457634,0.0018703250735093713,0.0001888974899814746,0.011520055620728645,0.0027199319956731517,0.0005551548514546442,0.0064504827871591395,0.062750808516165,0.016991789669174515,0.0005643297593521436,0.0012268415578520165,0.0006628922886935107,0.00024755281437281994,0.00032792974998821067,0.0005231150004391849,0.03821485041392769,0.0004975675260082153,0.0036083094387109795,0.006595818140742487,0.189545576685069
2.36108485726083e-05,0.003520715379274436,0.001839879051298764,0.014999520807404862,0.005617782365527485,0.04280775680244574,0.0038923125268143953,0.0036901189485039404,0.01035228521893941,0.0012359445942240256,0.0019354979769663349,0.0051229961684951504,2.1333956047023186e-05,0.008447574368837892,0.03475198326084487,0.013970284387317091,0.00354501780188006,0.00229949442408545,0.014114986225403199,0.0007223752472605427,0.0017013295695965224,0.004738963355744479,0.04740040392210348,0.0023000225152897858,0.008433130556765615,0.017251220576279654,0.0013793861837679724,0.010438772214062274,0.004844879480615332,0.006408659631597849,0.008220652922578812,0.011692665680920783,0.0028491027116166107,0.00487365175012487,0.004987294850544708,0.021254083590453637,0.017253509814846486,0.0006007105292976898,0.0011212454031474027,0.0038421515044259743,0.00027983467961819025,0.0012407039396474281,0.0007695866078638038,0.0011516729677850633,0.0017836981313000407,0.0013883283047801396,0.000671865908315649,0.010770837499466172
2.5675967469375928e-05,0.003598857956954687,0.0041314333906112555,0.007646043031924167,0.005076776574463222,0.015472823730287764,0.003883549353001821,0.0039143378030251,0.0037977120856591724,0.0005826453898071067,0.011936965093692502,0.00012952467510198018,3.7775287205483554e-05,0.008457803827992712,0.17688606887692457,0.013960952619812035,0.0036947187240589114,0.15792696110313909,0.005777217645124839,0.003123895839051034,0.019202869266836373,0.005337897904037848,0.054018045442752946,0.005351174286207258,0.00754152423524938,0.01847148335282246,0.004374838013951498,0.010434420090409645,0.0015525565825116553,0.012923835313227439,0.002634263948830215,0.011628131017302534,0.024380661444373827,0.004869924405220466,0.006563513213941449,0.090543945774993,0.01695251475231716,0.016079287933939413,0.0011329511335882606,0.0007607532629745517,7.5978350297571e-05,0.004512508407153634,0.007562311797678813,0.03516496833371945,0.004900730568080447,0.0016635919930149713,0.006110258544075733,0.18609719426504814
2.5449029999627748e-05,0.0028815743487383893,0.0009947841328090527,0.014999520807404862,0.005617011403384969,0.04280775680244574,0.0038923125268143953,0.0036901189485039404,0.01035228521893941,0.0012359445942240256,0.0019354979769663349,0.0007766964681118222,2.1333956047023186e-05,0.008436000755840063,0.03475820999475009,0.012719269615520942,0.00354501780188006,0.0023022746085917616,0.014114986225403199,0.00041239572551917195,0.0017013295695965224,0.004738963355744479,0.04740040392210348,0.0022853074975941645,0.008445098096972687,0.01722513445311712,0.0013793861837679724,0.010413837311798324,0.004849990921157261,0.006408659631597849,0.008220652922578812,0.011482966478918789,0.0028491027116166107,0.00487365175012487,0.004987258181806725,0.007919875466350122,0.017262187407657326,0.0006007105292976898,0.0012800162594118513,0.0038421515044259743,0.00027983467961819025,0.0001461860707234415,0.0007695866078638038,0.0011516729677850633,0.0015290116015532144,0.0013883283047801396,0.00576869906345698,0.010770837499466172
4.135894080432032e-06,0.0003653585239914853,0.0009015410678447686,0.006473101852906577,0.004290078713539347,0.010517546016433794,0.0014507171992730625,0.009808742914427866,0.006330024793800909,0.0007482722248327895,0.013645153516412904,0.00045114435026004027,0.00013793713305680416,0.008628229137419058,0.06862958422106696,0.016597692031386814,0.0067635569626847926,0.004145121009863535,0.001347404134821231,0.01927708593028514,0.0014206539801618705,0.00030163971659305294,0.0483296557891013,0.0012350001233723028,0.00441050191937568,0.017525241113009352,0.0013703147746714837,0.010529521144438657,0.0009425934361998126,0.013192895722908403,0.0024151205916447967,0.011469626325634278,0.002737362766086035,0.0006484300710346488,0.0021873695909359597,0.006750642450023915,0.017525553912301768,4.142169745469744e-06,2.519253837938735e-05,0.005664670971985697,0.0011790313906375497,0.00019237956748243535,0.00035043127078586005,0.041552534456407386,0.004741626413826138,0.0009366359014054001,0.006228445117297981,0.0792728503759951
0.0005407387750296849,0.0003653585239914853,0.0010527611383085093,0.006473101852906577,0.004290078713539347,0.010517546016433794,0.003531694910227266,0.009808742914427866,0.006283054654846052,0.0007482722248327895,0.013645153516412904,0.004081453897107602,0.00013793713305680416,0.007966350380962143,0.031267125421866895,0.016536691332166786,0.012844888441905468,0.004186698035164642,0.0014844259333584946,0.01928922608672757,0.00041860180503230145,0.00030163971659305294,0.0483296557891013,0.0014598039255750727,0.00429505438553512,0.016913455726607445,0.0018486626497769053,0.010429377173171656,0.0009425934361998126,0.013211843374075594,0.006438634050308159,0.011473486540646869,0.00273726115456292,0.0009727400273349502,0.0022268104912926833,0.006750642450023915,0.017525553912301768,4.142169745469744e-06,2.519253837938735e-05,0.005668364099666903,0.001210048217336091,0.00018240718871096557,0.00035043127078586005,0.041552534456407386,0.004911149094225937,0.0007144853865185238,0.006228445117297981,0.0792728503759951
0.00011791931061888906,0.0035335655415693395,0.00180551815670609,0.0078070233285523274,0.005750126931226084,0.05564354027949123,0.003529164464771762,0.0021870441185258436,0.00011296014558396833,0.0018302366985135906,0.013645153516412904,0.005131278777949418,0.00030696169118119964,0.029315710561025228,0.031260898687961676,0.014207607327427926,0.0041230537127360765,0.0030835353544281094,0.0005653646119547285,0.02034468324883603,0.0002567111965593484,0.0002690592366105326,0.1138417258409939,0.0014351897933612028,0.009190607593417019,0.01695160955215806,0.0022100860645390217,0.01043907468747258,0.005074463467567584,0.01245469356344011,0.0005458814961667329,0.011681681128485876,0.003762183827630317,0.011028646256366799,0.004954687345740775,0.05137766634114413,0.016724985596992887,1.4090160123864779e-06,0.0011207768375638678,0.0009187742682324543,0.0003227685866174043,0.00123082991445206,0.00012509960225339406,0.0025478570440731936,0.001775856835756435,0.00044255863730320285,0.000747321431199769,0.0033065440020425274
2.823478254431307e-05,0.003745723318751717,0.00428860129002101,0.015115669906755357,0.005178059075790704,0.015238477377880028,0.0034025501827043615,0.0036774382239195052,0.003768426906078641,0.0012359445942240256,0.0019218992730766814,0.0004837120633727856,0.00024972965001427425,0.02983760374513622,0.17544693285419966,0.013960724293481377,0.006501528354780692,0.0028644745429396495,0.005757682725536854,0.026239282279931407,0.019048447340223228,0.00534017852619193,0.05080171971083431,0.002354005970547429,0.00814436382473295,0.03603689308999629,0.004366046530746385,0.01046674099779104,0.00691227742143138,0.020419415217110763,0.0007200837208587809,0.011539615397926872,0.0035853060416851717,0.0026203316325961183,0.00467423188707571,0.035084155582799724,0.005632491913903761,0.0014149884436229388,0.0033780629178026197,0.00016491188475228208,7.623587462169579e-05,0.0006190408543277953,0.0008262553612528901,0.031201976703736464,0.0048789556136479935,0.0005557646897446852,0.02371418887187037,0.1858242438340885
0.0005430610159306917,0.0003653585239914853,0.00428989415928062,0.006473101852906577,0.004375543647409077,0.01050015940161818,0.003531694910227266,0.009682565442162774,0.026674348554824878,0.0005885147234357515,0.013645153516412904,0.0040702678273268995,0.00013793713305680416,0.0251882122989752,0.031267125421866895,0.016536691332166786,0.011803597286690793,0.003280000748160275,0.0013554972042812458,0.01928922608672757,0.00041860180503230145,0.0003074389592985986,0.054319436001052795,0.0016099793614361615,0.008516076877884707,0.01692552342899552,0.0043607952655289675,0.010429377173171656,0.0009425934361998126,0.020453848149064622,0.0063218215076698515,0.011469626325634278,0.004005470161516798,0.0005104262064860706,0.0021873695909359597,0.0022397713803536945,0.017525553912301768,9.665450150905114e-06,2.519253837938735e-05,0.005577652203740784,0.001210048217336091,0.0005983093117131654,0.000300586748186919,0.03507012005694902,0.004775845096967058,0.0007144853865185238,0.006112244750549749,0.07905964421198065
0.00012612627930925525,0.002362407430853246,0.0014350708227173952,0.03299604306956472,0.005282826730326529,0.022311641298958237,0.003405091392964875,0.004194542724687231,0.004176373497334636,0.0012465203769176825,0.011943609958016433,0.0023227713045289437,0.0002794697159424794,0.005797471761938686,0.07009701308902755,0.01396348795425425,0.006663641862334925,0.1398220254822176,0.005788184151021905,0.026569670758569194,0.0022480359412655262,0.005283197053547033,0.05083028518881123,0.0052589255174235496,0.0034188317694882203,0.031363810108878655,0.0073365788138530915,0.005225856401094664,0.0026579304092709723,0.012912641056803901,0.008887206992126398,0.009442348868262663,0.003964742384861059,0.00344502792431315,0.00676018906196584,0.1567730978993943,0.0184813587587317,0.015859161445487345,0.0035287603161457378,0.00037749888200693904,3.791137885246932e-05,0.0004700970260464576,0.00044499037713082487,0.03746436946863137,0.005723730453015134,0.00019966779407211595,0.025246961177229507,0.171672291968537
2.1663103432205477e-05,0.003607289652050198,0.0043013825316390066,0.00976164263353939,0.005462862534080683,0.06760171461527313,0.003513625956106204,0.0035307549674570907,0.022855098618938367,0.0017786483350941747,0.014237100336698612,0.004724080615612621,3.9249853833410025e-05,0.00790353435791048,0.03060807717762066,0.013269036925166636,0.00375498371995561,0.0007655098390540814,0.005947682264616401,0.007018708299532576,0.014994214146623306,0.0002403257458320669,0.06765291597690844,0.005120273429663079,0.008399033964301833,0.017534448827882625,0.004116918246745083,0.01040649004690568,0.00428274460272334,0.006886328909029842,0.006293455627346196,0.003763595686440686,0.020210352116905944,0.0008731864839689324,0.004963798319182822,0.06650152445647446,0.018701899816295442,0.0019487672368151874,0.0011314436380862026,0.003487730427460927,9.038868694527711e-05,0.0005284470385578343,0.000609707940427112,0.03520535883348346,0.004868032822029012,0.002811067884214794,0.007296120365547099,0.08100991894022572
2.4830106614105996e-05,0.00365436419067096,0.004284255766749907,0.007640652645424521,0.005076776574463222,0.014918556519602204,0.0035255202697312355,0.0036415087825580786,0.0041583950112055795,0.0005826453898071067,0.01191238512145877,0.0006092505339566999,0.0001392858262858506,0.008368629384512296,0.07209929389486078,0.01400000162145018,0.002823129016201667,0.15792696110313909,0.004293511942819644,0.020123678948199743,0.019386718403295436,0.005337897904037848,0.05468884284152357,0.0016142019453960123,0.00829584048119587,0.01847148335282246,0.004372341202228789,0.009505272478309968,0.0057317562650636995,0.012923835313227439,3.6976501279865903e-06,0.01149449895596547,0.003959108879872919,0.004627136114906954,0.004702360371384385,0.011227401104073706,0.0016584049821395837,0.0008133684603351156,0.0011329511335882606,0.000764086992511077,7.5978350297571e-05,0.000569715032604317,0.00043803999035065726,0.03515226448486554,0.04078738572959637,0.003098196736914723,0.0062575613260234374,0.199314767012974
0.00011096384877713078,0.0017279215291269006,0.003935888352932229,0.014945229505282476,0.00398997826613838,0.06600331958325854,0.0034046878874638632,0.0036944665120644915,0.04363769584931362,0.002351891069527879,0.012265770838032056,0.002509658728720659,0.0003344276178091288,0.00932423746984899,0.07031666992315268,0.013929142112924342,0.003485261964010602,0.03953103438768213,0.0038712122913659485,0.015442479326035019,0.015689758719839082,0.0049766300716026345,0.06876884036971742,0.0022411658211821906,0.008168868379315289,0.017429866087370634,0.0012883047403291653,0.010450050460696803,0.005592803844728224,0.013053793303649796,0.006193777825407786,0.011019223871841087,0.007294852848357919,0.001764593955277457,0.006432933164414249,0.0038552505993527716,0.002685407048412349,0.00046542351430449403,0.0014470410302087195,0.000280729773024734,3.0264820685454172e-05,0.0014272939770158949,0.0002600903904270755,0.037709153834204125,0.0018208562165933598,0.022894545467861096,0.027021519798153974,0.175113073999696
8.819982320372247e-05,0.018161624123412014,0.0017532727043374184,0.008621499224673625,0.005294681638813152,0.018437551541788152,0.003404952969999841,0.009565501987017107,0.004509964243810624,0.0018503689652464316,0.011943609958016433,0.002243140920950717,0.0003240946523480013,0.03084771498615117,0.06940266806265763,0.013962950489403516,0.015283768986228095,0.1508149435791134,0.004164440680424395,0.02202304189835998,0.0022480359412655262,0.005283197053547033,0.06813991045401499,0.0052589255174235496,0.008177988360599962,0.01752610117632987,0.0036590026261901633,0.005478488902784717,0.0026579304092709723,0.012912391206022257,0.008887206992126398,0.006793196279475983,0.003964742384861059,0.004774928515483981,0.00031890793077638327,0.1567730978993943,0.018634431579563137,0.016414827252588617,0.0011301489451764912,0.00037749888200693904,4.733827661089364e-05,0.0006275664105475674,0.0006556840842777119,0.03515226448486554,0.0015236960551774034,0.00019966779407211595,0.00532062621594451,0.18139385460907206
1.7400899225175186e-05,0.017276909092779277,0.0017532727043374184,0.009966205794345205,0.005614001183446664,0.042215991901030404,0.00336922561611186,0.0036664012123037407,0.004509673832042458,0.002465159555815697,0.012348033643364918,0.002237183105830526,0.00032695071902153513,0.007406710993362788,0.03520641035757536,0.01395819262760644,0.004715273749489702,0.13979681868583124,0.014129773245752365,0.0006629346479497707,0.0022456517658762404,0.005283197053547033,0.06813991045401499,0.0052589255174235496,0.008460231070757055,0.017499125731620883,0.001380186694427121,0.009602725956872006,0.0026579304092709723,0.013484470318948175,0.008634576134192024,0.011672283144557132,0.003964742384861059,0.004777677633668902,0.006315968111048434,0.054157665829851195,0.01719937226384125,0.015682523113611162,0.0011300949201813867,0.00037749888200693904,4.733827661089364e-05,0.0005400737895096192,0.000390574953737207,0.03515226448486554,0.00454914615740016,0.001372942843636076,0.00044793405780888494,0.18139385460907206
1.6825598717683208e-05,0.01717244003171408,0.0017532727043374184,0.009861823939066535,0.005449887166378952,0.05654670742754242,0.0033257535392573105,0.0034091630710221645,0.004324975358102504,0.0024629668249165006,0.011943609958016433,0.0020861989430023104,0.00032695071902153513,0.007406710993362788,0.07009701308902755,0.01396111006102208,0.014789939010592152,0.008240873487932433,0.000529508669357759,0.022967175631528294,0.002097001008445085,0.005352651338563572,0.06813991045401499,0.005240794285813465,0.008177988360599962,0.017500255438721874,0.0016079863943102104,0.009606377945459554,0.0026579304092709723,0.012912342324911678,0.0023214092075395363,0.011671851098587047,0.0027434889923023667,0.0010783752975922118,0.006524758778690782,0.09122346420652257,0.018626502309348057,0.015790149916954207,0.0011301489451764912,0.0008394616627156334,4.733827661089364e-05,0.0005401793678689843,0.00023553670796036584,0.03505360100774746,0.00514115114652652,0.002202515476323174,0.0053046017895498395,0.18139385460907206
0.00012406569065167875,0.002628173441109184,0.0018473344369376182,0.015000052721091416,0.004890690224777748,0.04299771651670699,0.0033978856699541874,0.003692676606000782,0.010379828358200817,0.002328793672986094,0.0019446730311921251,0.00012384587812165127,2.410425750117158e-05,0.009186606989579477,0.036279055532940634,0.013963533275798471,0.012727982418442372,0.003134771473522596,0.0038712122913659485,0.00023585642048658956,0.016271105624809656,0.0049766300716026345,0.06350376487077637,0.0022637200359801224,0.00811905802077302,0.00834183571900133,0.0010922156095017977,0.010450050460696803,0.006925376050974588,0.020336537147822274,0.006182916206705694,0.011679809758150835,0.002848307220070181,0.0005551548514546442,0.005022727760141159,0.020803802357677807,0.0020918656906475843,0.0020380093967184046,0.0014584505881301035,0.0002858714004470985,3.0264820685454172e-05,0.0014036979504680896,0.0007753402914568509,0.037709153834204125,0.005469585139993472,0.0013136464156448785,0.027021519798153974,0.10179310636611076
4.8347874046708724e-05,0.0022116235562655052,0.003939428194812637,0.007659661834603473,0.005631415691851425,0.08191708920000945,0.003523723757651703,0.0036920709927033704,0.01035099596418074,0.0006357400059336553,0.002969705930013346,0.06753081537334259,2.126867056327569e-05,0.008145599912320698,0.03474303218113859,0.0064967503558005756,0.012759263954675934,0.0340741776345382,0.005779553442037262,0.0009386706418669805,0.01818919825565283,0.004732587706652362,0.05582792151759301,0.002146225989742641,0.008427911828195512,0.017251220576279654,0.0014387653717840248,0.010286265690969841,0.003477524617650758,0.020466884927547786,0.0064315069490765465,0.011617748061281935,0.0028624414047076154,0.004833757044920155,0.004957962742048869,0.021088645526463043,0.015636644034138437,0.0019193798845379372,0.0010962365561968048,0.0005419619820015187,0.0002792149448422912,0.0012520446163207387,0.0007693504802450365,0.037660123934133746,0.0015987705830006603,0.0012769481654301305,0.005946769276332181,0.010721961631554998
2.159693488905033e-05,0.017552555440018085,0.0009794662749834878,0.014726054425247728,0.0054627901466836335,0.022395411670816538,0.0034052110848597716,0.02435656150667366,0.00038874743917573186,0.0011213042537110258,0.014230376821577245,0.0024011814761741284,0.0002794697159424794,0.006481316863981667,0.07105478333291654,0.013962844748391764,0.007189783309486733,0.1508149435791134,0.014184669724210714,0.0009497399378799859,0.002314997855007987,0.005273566502052592,0.06817798737924825,0.0053172618400250445,0.009223342177260173,0.008520168490775297,0.004369048359641708,0.005523939575398845,0.0025210300790094392,0.007089319963852045,0.008860614517274972,0.006779957466576992,0.002683888059814638,0.004667073951039729,0.006743587022559082,0.1567730978993943,0.004736176314838031,0.016025097620893578,0.0011301489451764912,0.00037749888200693904,4.627479799088859e-05,0.0006192695897384404,0.0004520771713439829,0.03515186508803925,0.0015441359063988096,0.00020468253486859937,0.0072704114114038355,0.18141257267424135
8.618226432568097e-05,0.002392194821435882,0.0017532727043374184,0.015830543435226684,0.004267218551108688,0.018502258816896613,0.0034002983266132485,0.003440007283936769,0.004403791607740614,0.0004860986823206049,0.011743411600475925,0.004592286865012299,1.2019515594940543e-05,0.030349479359498287,0.06896091589084415,0.014022318837688553,0.0029746609772041605,0.14946730278399492,0.003904215692375674,0.023123845409479316,0.011924567471096667,0.0005281950101624026,0.08206279671913418,0.005230939419240705,0.008448567799770584,0.017465171981210226,0.0036340817902670505,0.009606984587253746,0.0026579304092709723,0.012908483835414509,0.007978217501735085,0.004490667780815858,0.016508613194431004,0.0012077785462270795,0.00030031005931330495,0.01282114823288156,0.017305645128841293,0.016414827252588617,0.001127647589965887,0.0007812486152235345,6.979745245881797e-05,0.0003174675046856717,0.0006599152689246214,0.03575183185411704,0.0015308989774860389,0.0002787199718331907,0.010175165065910525,0.1874826891036575
1.7305407027539004e-05,0.017958141630262114,0.0017532727043374184,0.0041643611193695265,0.005294681638813152,0.022278672566562102,0.0034052110848597716,0.009565501987017107,0.004509673832042458,0.0018503689652464316,0.011943609958016433,0.00229066914223019,0.0002794697159424794,0.005707057528535578,0.07009701308902755,0.013962950489403516,0.007189783309486733,0.1508149435791134,0.014184669724210714,0.021666995567280637,0.0022480359412655262,0.005283197053547033,0.06813991045401499,0.0052589255174235496,0.008177988360599962,0.031209165791470535,0.0015707054112749214,0.005478488902784717,0.0026579304092709723,0.012912641056803901,0.008887206992126398,0.006831235460227337,0.003964742384861059,0.004698303986747233,0.00676018906196584,0.1567730978993943,0.018634431579563137,0.016414827252588617,0.0011301489451764912,0.00037749888200693904,4.733827661089364e-05,0.0006275664105475674,0.00044499037713082487,0.03515226448486554,0.0015236960551774034,0.00019966779407211595,0.0054681545060505515,0.18139385460907206
8.618226432568097e-05,0.002392194821435882,0.0017532727043374184,0.008463273507019215,0.0056303884797082185,0.01855240843265414,0.0033979940637098977,0.0035983388436066567,0.004403791607740614,0.0004860986823206049,0.01197509324568254,0.004592286865012299,1.2019515594940543e-05,0.030349479359498287,0.06940311144225524,0.014022318837688553,0.003334882453862557,0.14946730278399492,0.003904215692375674,0.0008363453457090365,0.0022480359412655262,0.0047595314409421404,0.08206279671913418,0.005230939419240705,0.008448567799770584,0.017495630509675716,0.003675678401874859,0.009606984587253746,0.0026579304092709723,0.012908483835414509,0.001604085218364493,0.0105867543193261,0.0028476895907084973,0.004760708038069935,0.0003438456640224431,0.021730080413121786,0.0028757682643761164,0.016414827252588617,0.001127647589965887,0.000603625801006124,6.98257225790057e-05,0.0003167227512453308,0.0006599152689246214,0.03575183185411704,0.004862624921471862,0.0002787199718331907,0.0057436082651622,0.1874826891036575
2.4830106614105996e-05,0.003628178257861411,0.004284255766749907,0.007640652645424521,0.005076776574463222,0.015472823730287764,0.003883549353001821,0.003330715270285654,0.0037977120856591724,0.0005826453898071067,0.01191238512145877,0.00045980373839007863,3.833766301379447e-05,0.008457803827992712,0.16933734755976607,0.013960952619812035,0.002823129016201667,0.15792696110313909,0.005946767702878458,0.0010550987078983883,0.019202869266836373,0.005337897904037848,0.054018045442752946,0.0016142019453960123,0.008280685398895187,0.01847148335282246,0.004370371361768509,0.009505272478309968,0.00573132343814522,0.012923835313227439,0.002634263948830215,0.011628131017302534,0.003959108879872919,0.004869924405220466,0.004702360371384385,0.15601859121538109,0.01695251475231716,0.016079287933939413,0.0011329511335882606,0.000764086992511077,7.5978350297571e-05,0.000569715032604317,0.007562311797678813,0.03515226448486554,0.004900730568080447,0.023256131020036826,0.006110258544075733,0.08400089042775814
2.157703390253887e-05,0.0004384165470860845,0.0018038633712436866,0.01476086841076645,0.0019451600554356487,0.04182191773078346,0.0010185247064111007,0.0036923867537811536,0.004524519595680142,0.001173032663701963,0.0012745449439052715,0.0019785189168255862,8.566932342721364e-06,0.03108925045648466,0.0356557415353469,0.013970284387317091,0.012845199645649863,0.002590361310364466,0.005748231315242968,0.001006371261522883,0.018130755499413807,0.0003001967495468395,0.04830387085371826,0.0021300498251737186,0.009186085516938773,0.017251967414926198,0.0035827341191211983,0.010437652736435158,0.0043874671020117315,0.013196864081270084,0.0008914481970424041,0.011678888926109217,0.0028489060787450235,0.0012473200338735631,0.0049809121721007795,0.022211416113842072,0.0039644793986699425,0.000595256202021478,0.0011471657981690856,0.00017234474125989562,0.00028105581291904295,0.0012425006783427287,0.0003366622076951389,0.035276208208866705,0.0016374194977308819,0.0012489872214870522,0.005198143161085941,0.16557550977224647
2.3747566222661143e-05,0.0036674477318418977,0.004261931522027113,0.009750299684693651,0.005464750158710323,0.018242670309825453,0.0038268372077819753,0.0035026850363398675,0.02806482796592682,0.0008462829066114884,0.012009399862915974,0.005148569825316607,7.099240753328917e-05,0.009058611243509275,0.004675244036253121,0.013045330448730845,0.003517296827212563,0.0010021724256170685,0.014380321555474283,0.0006203060539117979,0.018375130860539553,0.0048578510924754455,0.04972789319997761,0.004997887977497052,0.008153714760890904,0.017371248092000597,0.0013745333298240197,0.010476645906756782,0.006386104253358833,0.020728939538943635,0.0024674009300148956,0.010866699926225082,0.002790990311114842,0.0012417212855124315,0.00612956924196279,0.022429304474847776,0.017030495981599558,0.0006449740784555897,0.003470638961117041,0.00029563643835961656,0.00028497283096191547,0.0005478059241409239,0.0005164659342541215,0.009273887888598682,0.0017291292678946071,0.0013264714304676434,0.00037725392792976355,0.15813774563031935
0.0001258413624681947,0.002852082558724858,0.0009435120058409965,0.014193624161659719,0.005226276768113427,0.05625895750919377,0.003323772495645495,0.003721169943966264,0.026071519096178674,0.0017708309764440276,0.0019759755290048265,0.0006290034790905994,5.3041693375736854e-05,0.02918669467549525,0.07059740507338497,0.013036766765913848,0.006847485210848157,0.0313585720683818,0.005820981299850465,0.020728778011211903,0.015776836239407177,0.00022498449024258797,0.11073375412357896,0.001746323726250402,0.007604520374112019,0.016167308526549296,0.0019740350333902327,0.010550841556457257,0.004310148423767731,0.012947122942089937,0.0005446456465110908,0.003617697323256457,0.0037879727291968107,0.0005551548514546442,0.006524661656498688,0.008862264815791172,0.0039899580840695855,0.00032654102870526035,0.0005277429676884902,0.003920121523910887,0.0012376133634028562,0.0005419368483914363,0.0004277500373671676,0.035385057732092044,0.0013525761749275435,0.0022273844929590813,0.006249797519548701,0.011580280430859742
0.00014973737651356847,0.003572335206620701,0.0018841295256495645,0.009762199325129626,0.005475836615535877,0.06565043554141084,0.0015510588626335038,0.0036933904333425315,0.02756033146788115,0.002442101507824971,0.011380834827083004,0.004991281719263793,2.898928523342156e-05,0.008227622663355656,0.005354078522465033,0.013908129016310937,0.0037187796533538495,0.001095502474848374,0.005746499944066048,0.0008722306694010345,0.0012295070218027483,0.004817016219319623,0.04972789319997761,0.0011005667834105438,0.008438329776714933,0.01771660214828248,0.0021496298546303466,0.010434525391166278,0.0044042375242926025,0.0028557839650193723,0.00811016299726754,0.013988844492840574,0.002788595302930309,0.0014501171092705205,0.006103033042918331,0.01967360833714791,0.017263234502866147,0.0005998833210562019,0.001101587059934007,1.0035067148966327e-05,0.000285059528401631,0.00021404442808718393,0.000515788531474553,0.03474746342657161,0.005169926400442379,0.022055556481594817,0.0004156287023014834,0.16102574980664974
1.42980566542182e-05,0.003641192692077068,0.0010527611383085093,0.006473101852906577,0.004290078713539347,0.010517546016433794,0.0019538348227543722,0.009965406245250441,0.006414693167861741,0.000738353884164738,0.013643383021427157,0.00406027525304221,0.00013793713305680416,0.007967222752606225,0.030648865056718405,0.01652237636727956,0.012805509342124887,0.004186698035164642,0.001680324533699659,0.007629207738748104,0.00041860180503230145,0.00030163971659305294,0.0483296557891013,0.0014598039255750727,0.00429505438553512,0.017511343190142893,0.0017798002213867815,0.010429377173171656,0.0004716425537571408,0.013419497470552806,0.006431683892133965,0.011473486540646869,0.002734519064628656,0.0009727400273349502,0.0017656656113343226,0.006900562947762642,0.017525553912301768,8.812960888222475e-05,2.519253837938735e-05,0.0034012940628565845,0.001210048217336091,0.00018240718871096557,0.000519206286778391,0.03498208760122663,0.004743128665893485,0.00043658086673678705,0.006280214172672788,0.0792728503759951
1.7305407027539004e-05,0.017552555440018085,0.0017341287844650942,0.01473180417296643,0.005518853696262666,0.015085403549113793,0.0034052110848597716,0.0037608050237711715,0.006025661848903787,0.001792703574040581,0.012054635973687715,0.0006603529907217426,0.0002824047800911682,0.006323525555030742,0.07009701308902755,0.013925788871207769,0.007183645682392184,0.1508149435791134,0.014184669724210714,0.0009519854855541895,0.002314997855007987,0.005269466751331012,0.06817798737924825,0.005300732064150779,0.008176175925080175,0.008522918277200498,0.0013087056100103834,0.0018480654630819472,0.0026465949358095366,0.007413463466823025,0.008887206992126398,0.011471700979208663,0.0030481951237817714,0.004795702808397977,0.00676018906196584,0.1567730978993943,0.018630210226040084,0.016187391692770524,0.0011301489451764912,0.00013749891497603683,4.627479799088859e-05,0.0005469365344700853,0.0004433230203510465,0.03515186508803925,0.001229268943559056,0.00022345232597840688,0.006335333206151856,0.18139385460907206
0.00012439459947111327,0.0012759066427182214,0.001839879051298764,0.015115308912985919,0.0056197417417987025,0.04344710899491767,0.0010093074855061987,0.0036923867537811536,0.004554100840800649,0.0012359445942240256,0.0015521098234965681,0.004486095928147402,2.4362189754863103e-05,0.030822796941945046,0.035610734693842024,0.013968887422780114,0.006787187182074182,0.0028544798720630377,0.005779553442037262,0.0007223752472605427,0.01588114154485712,0.004744871994672283,0.05080221688606981,0.002267549131647652,0.008433130556765615,0.015746483583709506,0.0011974083698158913,0.010435863071682835,0.007074538411328645,0.013163289263664045,0.0008898892338870435,0.007841034878924036,0.0028491027116166107,0.0048959122857794675,0.005575979177542462,0.021254083590453637,0.017253509814846486,0.0005798212167170895,0.0010691008157018215,0.0001460831470139765,0.00027999307864898595,0.0012424897994277844,0.0008245971379370732,0.0013845425688749254,0.005657811021998726,0.00047997800067707454,0.005183831387172657,0.010770837499466172
2.157703390253887e-05,0.0021548211188740854,0.0018335542682765048,0.01476086841076645,0.005605328060653829,0.04280775680244574,0.0010299352913179568,0.0036923867537811536,0.010350994856152118,0.0011766906478658128,0.0012745449439052715,0.004486564400627131,8.566932342721364e-06,0.030200412407862122,0.0356557415353469,0.013970284387317091,0.012845199645649863,0.002590361310364466,0.005779553442037262,0.001025473799261387,0.018130755499413807,0.004889975369926587,0.04830387085371826,0.002122079401112588,0.008427934393392513,0.01725380835358373,0.0035827341191211983,0.0104374382221452,0.0043874671020117315,0.013348072310680676,0.0008914481970424041,0.011678888926109217,0.0028489060787450235,0.0012473200338735631,0.0049809121721007795,0.021766677007073503,0.0039644793986699425,0.000595256202021478,0.0011471657981690856,0.00017234474125989562,0.00027983467961819025,0.0012425006783427287,0.0003366622076951389,0.037467425284074346,0.0015987705830006603,0.0012489872214870522,0.005198143161085941,0.16813444471527872
0.00012613701839122844,0.002362407430853246,0.0017532727043374184,0.03299604306956472,0.005286715621648562,0.018491636342324536,0.0034052110848597716,0.009565501987017107,0.004509673832042458,0.0018503689652464316,0.011943609958016433,0.00229066914223019,0.0002794697159424794,0.005797471761938686,0.07009701308902755,0.01396348795425425,0.006663641862334925,0.1398220254822176,0.014180712592046731,0.02166135392954108,0.0022480359412655262,0.005283197053547033,0.06813991045401499,0.0052589255174235496,0.008177988360599962,0.031363810108878655,0.0073365788138530915,0.005388883328981747,0.0026579304092709723,0.012912641056803901,0.008887206992126398,0.009442348868262663,0.003964742384861059,0.004698303986747233,0.00676018906196584,0.1567730978993943,0.01818567063877688,0.016414827252588617,0.0011301225753857925,0.00037749888200693904,0.00042604162217604316,0.0005384020763042608,0.00044499037713082487,0.03515226448486554,0.0015236960551774034,0.00019966779407211595,0.0054681545060505515,0.15992075790282143
0.001072992492299506,9.213607709488737e-05,0.0038792910259111794,0.003138771463284341,0.005331992076952906,0.009663947269102878,0.0034854936248515443,0.0037758131072354686,0.01016875159805949,0.0015746131428917988,0.013514247931597487,0.0043314830716177505,0.0003242018679701516,0.03150651080431657,0.10633419695492706,0.01311469490178463,0.004466878246874443,0.034873985583311264,0.005782884869856644,0.023149198281380488,0.0009170589074068815,0.0001338792203104495,0.045735835935247215,0.0022141013720397016,0.0043618561079757055,0.01893651406991457,0.00186454445806535,0.007646293257923204,0.030706239079892107,0.020454171716324698,0.00924266922262608,0.010484898048160237,0.013497172457016364,0.011340807240960635,0.00510495403521689,0.0843815882567979,0.018434183074324217,0.0003684412145130386,0.0005069059161683165,0.00578700313726203,6.256218984025403e-05,0.0006629489249829522,0.00047824317409066316,0.1343293114541693,0.0015700180426394274,0.0007352740242774622,0.006353425702822903,0.03127519822399426
2.150990684087772e-05,0.0021850050140759924,0.001839879051298764,0.014990627351082739,0.005604761950110261,0.04344710899491767,0.0007168122808659658,0.003692834163796002,0.01035228521893941,0.0012359445942240256,0.0015521098234965681,0.004629029109166999,0.00032676468381576855,0.030201265066702645,0.0356557415353469,0.01750901659618378,0.012763500096173792,0.0024352531162615577,0.005779553442037262,0.0007223752472605427,0.018130755499413807,0.0022174301299956274,0.04832854092249481,0.002267549131647652,0.008433130556765615,0.014367095699930103,0.017457778699779568,0.010435863071682835,0.004811377396936947,0.013887506319942199,0.008150804485642161,0.011633171960859688,0.0028491027116166107,0.00046024680829585655,0.005575979177542462,0.021254083590453637,0.003891249425306949,0.0005998633537187825,0.001071318927466456,0.0038421515044259743,0.00027999307864898595,0.0005390898494529916,0.0005911005217268278,0.0011856854681648217,0.0017176660570574996,0.0012301712151338183,0.005550202476878264,0.012701944361181092
0.0005407245483603754,0.0003653585239914853,0.001051840099068721,0.009856384676098876,0.004290078713539347,0.01051677891167031,0.0038438046415541645,0.003715962394603106,0.004794349504061358,0.0007482722248327895,0.013645171716430685,0.0007056938780129546,0.00013793713305680416,0.008855947707386111,0.031267125421866895,0.015654967932998098,0.013498175120914122,0.00024518006310967483,0.0011173683217924851,0.019223329429241764,0.001595606946829164,0.00018876047138272544,0.0483296557891013,0.0014598039255750727,0.008197801784876153,0.017484031602630165,0.0018486626497769053,0.009673332061199502,0.029913937145668142,0.0019103760052800933,0.005955259533384327,0.011507776832173699,0.002729215234301182,0.0009715968437104079,0.006478036483784989,0.00839637380586377,0.01699754546457988,7.724318925396477e-08,0.0012276119944953205,0.0005647831711344466,0.001210048217336091,0.00017037397485981318,0.0005215825498878485,0.03827751207790294,0.000635311031029808,0.02161959029093121,0.006212844759048189,0.1787409334331935
0.0005825408887427086,0.0023411270649593575,0.001139946546069141,0.009855975381744047,0.004291812593222255,0.010638301588792507,0.003843142401428672,0.003642766365824014,0.004655758525916014,0.002585794801630033,0.013645569849208757,0.0006121493715194831,0.00013792999370294625,0.008261047687773967,0.1843939794560277,0.015653956745627244,0.007029179443856115,0.0002914122740235896,0.0015016666718628982,0.016294432852639592,0.0021364229888203804,0.005401570775499329,0.0483818855683968,0.0052681551251915265,0.009246997710855343,0.17809377781738817,0.0017118605541387908,0.009694167156890055,0.004361807051457634,0.0017860170160474975,0.0001888974899814746,0.01149369043350575,0.0027371549190383006,0.0005551548514546442,0.006484409229411624,0.062750808516165,0.016991789669174515,0.0005517854972198158,0.0012268415578520165,0.0006624232936163319,0.00020952273609120954,0.00032792974998821067,0.0005231150004391849,0.03821485041392769,0.0004975675260082153,0.0036083094387109795,0.006595652542732704,0.18701658845804595
0.0005407387750296849,0.0022615391725466084,0.00045012204333823953,0.007658223785057957,0.005552656750690223,0.08685098384713408,0.003523316250798933,0.009808742914427866,0.006403296942245316,0.0007481137894035601,0.003044863695663507,0.004081453897107602,1.98441100663457e-05,0.00794846612014102,0.031267125421866895,0.016536691332166786,0.0035315514026204083,0.004186698035164642,0.0014844259333584946,0.01928922608672757,0.00041860180503230145,0.00030163971659305294,0.04818324345267738,0.0014598039255750727,0.00429505438553512,0.016913455726607445,0.0018486626497769053,0.010286058985679776,0.0009425934361998126,0.013211843374075594,0.006438634050308159,0.011473486540646869,0.00273726115456292,0.0047651391632585905,0.0022268104912926833,0.006750642450023915,0.017592411563938877,0.0018179128190459475,2.519253837938735e-05,0.005692021740642627,0.0012155914819538633,0.00018240718871096557,0.0003542047885315474,0.041493252667448556,0.0016483803078680933,0.0007123319140408156,0.006228445117297981,0.00983958775190278
3.6902392707770843e-06,0.0003653585239914853,0.0009015410678447686,0.007687757640641713,0.004290078713539347,0.010184837513411558,0.0014507171992730625,0.0042319549159450555,0.006468964058527324,0.0006354133368201259,0.013645153516412904,0.06841612174957112,0.00013793713305680416,0.008628229137419058,0.05642558136880932,0.0062617107398342505,0.006802100532009904,0.004145121009863535,0.001347404134821231,0.01927708593028514,0.0014206539801618705,0.004730696679077436,0.0483296557891013,0.002158565691456137,0.004388710839937217,0.017525241113009352,0.0013703147746714837,0.010529521144438657,0.003620028223699313,0.013192895722908403,0.0024151205916447967,0.011466562533716813,0.002737362766086035,0.0005313864336094314,0.0022532775336944894,0.0063782126655717595,0.012521557006049684,0.0018186254376758959,0.0010907758044078454,0.006384068903315528,0.00026832730507059726,0.00019237956748243535,0.00035043127078586005,0.041552534456407386,0.0016046089547143158,0.0009155523280195938,0.006250412572947854,0.0792728503759951
0.00020316519959067336,0.00038869984741918024,0.00426439264243152,0.014838569347314846,0.0049607636160177914,0.016700842801562817,0.0034891176815446965,0.003798221392424209,0.006787927836280712,0.0007419082816111321,0.011744413812588438,0.004052269076906763,0.0002916043092207421,0.0295898711877727,0.02148264736857351,0.03009372523059376,0.002983763421839233,0.0011094714389351355,0.001847315692442398,0.020118704526821272,0.013799684099523658,0.005292883403507492,0.05193070810684239,0.0015756952315449176,0.0035693866701330696,0.017437923151817726,0.007412506427969285,0.010382759488441489,0.005907858446416465,0.021612913512188758,0.007810728215810685,0.005273175246463301,0.0028230288832158316,0.0010851686499454177,0.006992097942261432,0.011950326435447994,0.016858066782535156,0.0022977205470420797,0.0004398000638738092,0.005781996636398047,7.113752114221603e-05,0.0014411029552694645,0.0009026858013899795,0.10757321238016737,0.0014937750107423486,0.0011478280118078481,0.004491392809298665,0.011183207585652777
8.588755942395009e-05,0.002403715780261351,0.0017532727043374184,0.008463273507019215,0.0056303884797082185,0.01855240843265414,0.003334204732974421,0.00360019379055457,0.0038840009349518055,0.0004860986823206049,0.011975724878373697,0.004592286865012299,2.943099699196542e-05,0.03029320644022185,0.06842635829061403,0.014022318837688553,0.003357020278519995,0.00796085746136363,0.003904215692375674,0.019237318880944446,0.002761495918225174,0.0047595314409421404,0.06669719525735793,0.005230939419240705,0.008448567799770584,0.017533999067276016,0.003675678401874859,0.010629018483515426,0.0026579304092709723,0.012908483835414509,0.001604085218364493,0.0105867543193261,0.0028476895907084973,0.004485293068001304,0.0003438456640224431,0.003882086141628634,0.0028757682643761164,0.016414827252588617,0.0011334431861997406,0.0006112745777087901,4.025955197639922e-05,0.0003167227512453308,0.0006884338803512026,0.03575183185411704,0.004862624921471862,0.0002787199718331907,0.006245135114600687,0.1874826891036575
2.157703390253887e-05,0.0021757309977070063,0.0018335542682765048,0.014735382109721694,0.005604999651964041,0.04280775680244574,0.003500527728076048,0.0036173658742722067,0.010350994856152118,0.0011783971352433776,0.014177888271432477,0.004379680672255788,0.00033063721370476694,0.030200412407862122,0.0356557415353469,0.013970284387317091,0.012845199645649863,0.034029365273125944,0.005779553442037262,0.001025473799261387,0.018130755499413807,0.004889975369926587,0.04830387085371826,0.002122079401112588,0.008427911828195512,0.01725380835358373,0.011823825713420619,0.0104374382221452,0.004390613684906169,0.020466884927547786,0.008038066989965691,0.011678888926109217,0.002851080719944491,0.0012473200338735631,0.004987294850544708,0.021766677007073503,0.0039644793986699425,0.001953491221584391,0.0011481697524135268,0.0005425587861989504,0.00027983467961819025,0.00124739890448079,0.0003366622076951389,0.037660123934133746,0.0015987705830006603,0.0013024846601996775,0.005549281083337659,0.1701908480943715
0.0005172860627020814,0.000453876009240134,0.0044371327863978426,0.009864159356880774,0.004290071381685095,0.017550584968861402,0.0034548332095734146,0.0033128912170336017,0.0046397155121318005,0.0008410974952180528,0.0016515100020918312,0.002164822833886958,0.0001467025282375537,0.008285463345378849,0.1584335729320969,0.013972875902449328,0.012866050428703845,0.0002290092139456065,0.004185875532448501,0.0010066223142231202,0.01556716354644121,0.005197174381770923,0.04831470340796963,0.0013992210570885149,0.009230208974592475,0.017484031602630165,0.0019269313031352235,0.010429520718861024,0.030754698805785276,0.013193265863402484,0.00638463068878713,0.011691496393217326,0.0028531551002900107,0.000553670400022853,0.006123581363090895,0.006750642450023915,0.016998402097019517,4.142169745469744e-06,0.0012326166817515228,0.003874023330701168,0.00024207188791052877,0.0003396887657344665,0.0005337852911354093,0.035206317900772784,0.004902685603756051,0.0002300743092359548,0.006599797490683703,0.012423003397652243
0.00014973737651356847,0.003572335206620701,0.0018868665820911124,0.009762199325129626,0.005475836615535877,0.06565043554141084,0.0015510588626335038,0.003701962554468592,0.02806482796592682,0.002381679727638035,0.011068602323863048,0.005155242956932212,2.898928523342156e-05,0.008638554735209168,0.004675244036253121,0.013041157261870752,0.0037187796533538495,0.0010021724256170685,0.005746499944066048,0.0008522593789835628,0.0012295070218027483,0.004849542292870259,0.04972789319997761,0.030516409652049402,0.008438329776714933,0.017691471685846703,0.0013745333298240197,0.010539227685788405,0.005488611922251335,0.0028557839650193723,0.00811016299726754,0.012230304597006136,0.002788595302930309,0.0049061852542636765,0.006124023037700714,0.019697383789920024,0.017263234502866147,0.0005998833210562019,0.001101587059934007,0.006270035871974023,0.000285059528401631,0.000548085943297173,0.000515788531474553,0.03474746342657161,0.0017291292678946071,0.022055556481594817,0.0004156287023014834,0.16101462000665465
0.00011113162331307543,0.017171892202988825,0.00392874664980776,0.014950438975297853,0.02386480844638597,0.05459358748709417,0.0034879553124296703,0.009248173911333198,0.0436059815325872,0.0017589331512677703,0.012414733252735451,0.0006393355937550366,0.00032383593777753593,0.030339611746962106,0.07012398676477591,0.012605412742712475,0.004230263884652753,0.03757369014116544,0.005603812850319743,0.016011473560282898,0.014682980315145526,0.005294992815922919,0.050590240706493254,0.005144928511119043,0.0092081517883992,0.017622906612959566,0.026554282826818147,0.009596248866581728,0.003881473559432358,0.012910073388025821,0.0026471803889508367,0.011670390012216193,0.007329757222566646,0.0017358653169567686,0.006472413043049656,0.09119348310564432,0.0026210033989493876,0.0004996319280263853,0.001146789138446555,0.0001548576249257574,0.00019584814260481794,0.0007208198101203217,0.000511009412628322,0.03824986987734462,0.0015687852620641955,0.0023395178811492674,0.007141251990280727,0.17706649465250401
0.00018134697887615367,0.002189565194906723,0.004297585236004233,0.014774951128970967,0.0053498355604802905,0.008566784027714987,0.0034902350267429876,0.00295955852982995,0.0038417790838066006,0.0026009565348153836,0.013642844329625476,0.0006149359467861576,0.00013789674841248366,0.007603392688076829,0.17914708451109493,0.012395423554812891,0.006770051394782619,0.03350058410638693,0.004303796555512219,0.0005383956492100647,0.0002228600378391633,0.004958577440365609,0.0812677802734622,0.002238925773302717,0.009246080622816316,0.01728749387551186,0.004652792716335555,0.007782326015762731,0.03313710961809552,0.0016744598184497451,0.00017914649796388994,0.011496902124943477,0.002846172523605977,0.0005149383993517233,0.006596635809153334,0.06170015974442001,0.0005637228386327804,0.0005517854972198158,0.0010924630453392529,0.00020714489400871442,6.822544560657485e-05,0.001507810304936296,0.006857891225481278,0.005286914849420664,0.001705918427793808,0.0019438442389373943,0.006661955478002357,0.19021369837290733
0.00012482103149004086,0.0013137793338622596,0.004343210568446251,0.014733648718342629,0.005617177848757239,0.0425884476463636,0.0008412438265672912,0.0036774382239195052,0.0036190513325564475,0.0012359445942240256,0.0019218992730766814,0.004375077271212729,1.9806601414348437e-05,0.006801312232057136,0.03588532678605545,0.01396883171852576,0.006538626393620952,0.003827386917068229,0.005779228293235158,0.0016007996203479084,0.015813311109053315,0.00534017852619193,0.05095865398751207,0.0023164170222572463,0.00813956393477104,0.03603689308999629,0.004155845704621118,0.01046674099779104,0.006953159614412985,0.020419415217110763,0.0007200837208587809,0.011539615397926872,0.0028663192165503523,0.0050252907567663535,0.004957878251380747,0.021254083590453637,0.005632491913903761,0.0014149884436229388,0.0033780629178026197,0.00016491188475228208,5.6322107044287246e-05,0.004425247876997957,0.0008262553612528901,0.28384842533761695,0.005646200778749676,0.0008398406175358513,0.005783595604378581,0.17192742104717706
0.00013201279127560977,0.0008954849370262344,0.0018457791629076389,0.016377838377420274,0.005456994429324201,0.018374107278101445,0.003814485855313541,0.01990489165051572,0.010168121851790793,0.0006169315382255588,0.013788099947994369,0.000304666712300601,0.0002837726790329431,0.029229332439219317,0.004567636234633559,0.013027530145396059,0.003520423166003363,0.0038019526349214947,0.0005533774579818711,0.02167142689227714,0.015160231147405867,0.000385106928471404,0.048097671265571025,0.002072953356829655,0.008436873421525118,0.016823586851288937,0.02587475518120308,0.01042645759920536,0.004434748346212283,0.012908707279339966,0.0064107765025791024,0.012241350860793627,0.0028808000172467966,0.0027386194315661312,0.006540730341852217,0.006331873359542592,0.016712327055187527,3.533230089729168e-05,0.0033192323573392043,0.0002644952903283886,0.00030541520836511706,0.004452539569138816,0.00012511222023225667,0.0013271321784184796,0.0015863519559557895,0.0013038202579811636,0.005841538097959732,0.008176266669529919
2.540137556170111e-05,0.003516482783733463,0.0013762785695647572,0.009721843611746469,0.005449004099426008,0.06993231719992819,0.004065580270795514,0.0036929386792198403,0.02861708122097671,0.0017699031479194694,0.011986244005951645,0.0022935262701035664,1.2054013241331681e-05,0.031776022812321246,0.1108698136218776,0.014019910339999149,0.0033344653268331014,0.14462086256388512,0.005783535831444476,0.0016361638011689085,0.015153264892622365,6.003161291660928e-05,0.08184414893515693,0.0013252619086584474,0.008004120697744546,0.017496832490603267,0.0045213444682999215,0.009450842806753946,0.005570094018756393,0.012589304282167955,0.006351687109623781,0.0036907961148588435,0.002830038956033189,0.0004405007468686376,0.004988781290888476,0.020478163399585858,0.016827002484214006,0.00033043324787794537,0.0011276074210651468,0.0038772861580043047,7.356910580722126e-05,0.0011780529080132295,0.0012861937760729669,0.016896325516108868,0.0018471789974223581,0.0024862513051195304,0.005735992946147553,0.01658913459785829
0.00011233652790830563,0.0022023743612152157,0.004351247978457387,0.007666357745967873,0.005014147847722922,0.08685098384713408,0.003523316250798933,0.009808742914427866,0.006403296942245316,0.000749306366683051,0.003044863695663507,0.004161728852970851,1.156738854068642e-05,0.00794846612014102,0.03126245297792727,0.01645540487381273,0.0035132452092726746,0.0015211016123995293,0.005886201726556095,0.01928922608672757,0.0001804900432975853,0.00030163971659305294,0.04818324345267738,0.0012736385666769177,0.00429505438553512,0.016913455726607445,0.0018486626497769053,0.010286058985679776,0.0009425934361998126,0.013195414786177528,0.010116732280941834,0.011473486540646869,0.0027383882458572916,0.0047651391632585905,0.0022268104912926833,0.006750642450023915,0.006351822449976324,0.0004559845722159658,0.0012356921765140014,0.0004120524563079337,0.00011674477485332669,0.0012842679717004262,0.0003542047885315474,0.03416885953320775,0.004698385610715272,0.001150859433838806,0.006162623912991337,0.0008042817361861992
2.3650794737006604e-05,0.0022420114331964834,0.0009458185597862727,0.006228187830859519,0.005611462496532752,0.04280775680244574,0.0035103929402625837,0.0036929264727162195,0.00039769451629712797,0.0011662567743423306,0.011752069139252646,0.004379680672255788,0.00033063721370476694,0.029084479644952053,0.0356557415353469,0.013970284387317091,0.012845199645649863,0.034029365273125944,0.005779553442037262,0.001025473799261387,0.01608541199013966,0.00047969806422380615,0.08252590816586372,0.0053172911007589654,0.009179267152940356,0.02323999413591019,0.004448212222755576,0.010278886316571567,0.006252869415424868,0.020466884927547786,0.0014694152517274834,0.011678888926109217,0.0037225067258035713,0.0005501119826410305,0.004971728644837481,0.021766677007073503,0.005176669529812634,0.0019607552054956142,0.0011454968274167928,0.000541102061226376,0.00027983467961819025,0.0005334404208354144,0.0003366622076951389,0.00580492074407676,0.00159673965714518,0.0015896714040498012,0.006239628618264487,0.17588824622613763
2.3562963795214148e-05,0.0022423820078305784,0.0009324947250649261,0.014735382109721694,0.005604999651964041,0.04280775680244574,0.0007475405825073398,0.0036173658742722067,0.010350994856152118,0.0011675355263477804,0.014193659518500682,0.004379680672255788,0.00033063721370476694,0.030209596811856834,0.0356557415353469,0.013970284387317091,0.012845199645649863,0.034029365273125944,0.005779553442037262,0.001025473799261387,0.018130755499413807,0.004889975369926587,0.04833842358218768,0.0017816065019884172,0.008427911828195512,0.01725380835358373,0.011186036883636707,0.01028360352451409,0.004390613684906169,0.020466884927547786,0.001354297937757628,0.011678888926109217,0.002826559807952635,0.0005166919906541791,0.0049876648279234825,0.021766677007073503,0.0039644793986699425,0.001953491221584391,0.0011481358205961013,0.00015012302789786072,0.00027983467961819025,0.0005363658726870314,0.0003366622076951389,0.004065063308785984,0.0015987798016696144,0.0013070049077286857,0.005549281083337659,0.1701908480943715
2.713959948865625e-05,0.0026309760597955237,0.0009280574695463622,0.009353683987385248,0.005456141146456672,0.13980211901647682,0.0035103929402625837,0.0036929264727162195,0.011265326359904342,0.002350678742277422,0.001730664465374225,0.00479010155102011,0.00033063721370476694,0.009517973094550136,0.0356557415353469,0.013970888872894001,0.012845199645649863,0.03406841202553729,0.0057793757279848,0.007077838142474927,0.016054934701001847,0.00047969806422380615,0.04844754713607721,0.0053172911007589654,0.009197741281960416,0.02323999413591019,0.004101366557238119,0.010278886316571567,0.0042205773419771424,0.02033611250140759,0.0014694152517274834,0.0037493989741396944,0.022089884303203303,0.0008641711264495858,0.006552150458249066,0.021766677007073503,0.002677641178986232,0.0019493212757202556,0.0011454968274167928,0.000541102061226376,0.00027983467961819025,0.0005132448993783666,0.0006019383241846724,0.03407720135097497,0.00159673965714518,0.0015896714040498012,0.06766684286818497,0.08045624458547374
0.0001258413624681947,0.0008407614503269378,0.0009384509286252201,0.014193624161659719,0.005226276768113427,0.05625895750919377,0.003323774876235256,0.003721169943966264,0.026071519096178674,0.0017701195325154258,0.01171954703404053,0.0006290034790905994,5.3041693375736854e-05,0.02918669467549525,0.07059740507338497,0.013036766765913848,0.006847469068551994,0.03138123019207671,0.005898343134972444,0.020728778011211903,0.015776836239407177,0.00022498449024258797,0.08272046762747076,0.0014842981454555669,0.007994619131128016,0.02452682306294454,0.0019740350333902327,0.010550841556457257,0.006251620848902023,0.012947122942089937,0.0010294739893744113,0.003617697323256457,0.0037879727291968107,0.0005551548514546442,0.006524661656498688,0.00788899604537107,0.004005197489379105,0.00033119348991686204,0.0005278367216708514,0.003920121523910887,0.0012376133634028562,0.0005419257593169543,0.0004277500373671676,0.006871138217006738,0.0013525761749275435,0.0016639400827811986,0.006253034144720034,0.012315565893647719
0.00011113162331307543,0.0023573237854199493,0.003858665797796762,0.01507325847602887,0.02386480844638597,0.0546267437220224,0.0034879553124296703,0.009248173911333198,0.0436059815325872,0.001748550672439796,0.012414733252735451,0.0006393355937550366,0.0003184385407171429,0.030339611746962106,0.07017211759105021,0.012605412742712475,0.00423832421996085,0.03757369014116544,0.0039629525872159335,0.016011473560282898,0.014682980315145526,0.005294992815922919,0.050590240706493254,0.005144928511119043,0.0092081517883992,0.01741183222492793,0.026554282826818147,0.009596248866581728,0.003881473559432358,0.012910073388025821,0.00877992235000739,0.011676786996104534,0.007329757222566646,0.0017358653169567686,0.006472413043049656,0.09119240187661101,0.0016018538268382822,0.001998409683545733,0.001146789138446555,0.0006978317742469048,0.00019584814260481794,0.0007208198101203217,0.0005095403835685427,0.03824986987734462,0.0015687852620641955,0.0023395178811492674,0.005920900852871087,0.1782197511046188
0.0001258413624681947,0.0007656049152732973,0.0009383190098517625,0.014193624161659719,0.023112873179347054,0.055801666706082304,0.003322495183067537,0.0037399658814635346,0.026071519096178674,0.001824217817106466,0.011880196879954915,0.0007139159080064748,0.0003029513001304178,0.03034723093620765,0.06977708725154684,0.013012522702159735,0.006848079769766636,0.031810557903716064,0.0016389919368438137,0.019684771831582834,0.0017896678706845262,0.0052935920890340195,0.08416390484477916,0.004982758479650619,0.007995443830976081,0.18461994162182124,0.0019740350333902327,0.009696510109000817,0.006303279476592043,0.012947122942089937,0.0010441037387805133,0.009593425237057319,0.0028643567820171474,0.0005551548514546442,0.006451878456107497,0.08816870753263018,0.004003286440500387,0.002048810910062817,0.0005343163956251968,0.0006880478625271172,0.00024769432429034107,0.0005700060896349363,0.0004277500373671676,0.037709153834204125,0.0013525761749275435,0.0016099377373512882,0.006594859374540168,0.10284884628623694
0.00014725802848382786,0.002201553324023724,0.000826008031450523,0.003822658862643125,0.004936834845252834,0.05678243936659173,0.003396711716043029,0.0037407661905835103,0.010635897450955393,0.0006384211960097036,0.003032359317490486,0.0007761305584416938,0.00014700390782831625,0.007924411861800946,0.07090018134910453,0.006657668465285123,0.012926184880120366,0.033989295925467435,0.00579906407568846,0.019026365432107836,0.0017472889278001367,0.005335178057652188,0.04821775130155559,0.0021227634089173676,0.008023048899513406,0.0172993022905432,0.0035944447637044756,0.010253042920511116,0.004361807051457634,0.012787175684352104,0.006444617369599455,0.011613990793517283,0.0026866208113880516,0.0005552384510107469,0.006627259081794167,0.021400652567446467,0.0018832564346953958,0.002072437155513403,0.001092891790286764,0.0005748887317958964,0.00024566731983275753,0.0012823915781425559,0.0007719280711826537,0.037709153834204125,0.0015834589315599954,0.0012619691713152586,0.0065916227493688345,0.14111512636027157
0.0005825408887427086,0.0023411270649593575,0.001140149263330028,0.06850138747603782,0.004291812593222255,0.010638301588792507,0.003843142401428672,0.003642766365824014,0.004655758525916014,0.002585794801630033,0.013659931051929997,0.0006121493715194831,0.00013792999370294625,0.008261047687773967,0.1843939794560277,0.015653956745627244,0.007029179443856115,0.00010043743652883531,0.0015016666718628982,0.016294432852639592,0.0021364229888203804,0.005401570775499329,0.0483818855683968,0.0052681551251915265,0.00925611957892093,0.17809377781738817,0.0017118605541387908,0.009694167156890055,0.004361807051457634,0.0017860170160474975,0.0001886040239100667,0.01153277156271566,0.0027371549190383006,0.0005551548514546442,0.006484409229411624,0.062750808516165,0.016988213036593185,0.0005517854972198158,0.0011457797867200355,0.0006624232936163319,0.00020952273609120954,0.00032792974998821067,0.0005231150004391849,0.03821485041392769,0.0005037021370502562,0.0036083094387109795,0.006595652542732704,0.18686944140144893
1.7305407027539004e-05,0.01717244003171408,0.0017513038011613472,0.009861823939066535,0.005451091840332251,0.01824922653448163,0.0033999779605247854,0.0034091630710221645,0.004345445063431616,0.01305705997765554,0.011943609958016433,0.0019512167190883249,0.0003275702324578734,0.007406710993362788,0.08658961734253785,0.012582833204041995,0.014789939010592152,0.03405556203394333,0.011203110759690821,0.02509874747882232,0.015276754484638526,0.005292526085952684,0.0692820730682524,0.005240794285813465,0.009262184026326128,0.017500255438721874,0.0016079863943102104,0.007866242704335669,0.0026579304092709723,0.012912641056803901,0.0062933979881600296,0.010545719647901958,0.0027434889923023667,0.0010783752975922118,0.0061208221367041096,0.15680882572622923,0.0043679906257847395,0.0001126076717956493,0.0011301489451764912,0.005888050473561212,0.0007380905207987625,0.0006538078497006041,0.00023553670796036584,0.03515226448486554,0.001562353670903447,0.00019966779407211595,0.005223856942498291,0.18139385460907206
0.00012596230654261591,0.017006477015923033,0.0017513038011613472,0.012414710082821908,0.005451091840332251,0.01824922653448163,0.0034013967935438024,0.0034091630710221645,0.02629801705037834,0.0029878902541977904,0.01200389809176297,0.0019512167190883249,0.0003275702324578734,0.0072164496043371565,0.08658961734253785,0.01258294700571996,0.006848997136730606,0.03405556203394333,0.011527160063870143,0.02509874747882232,0.015276754484638526,0.005292526085952684,0.06983680633239209,0.005240794285813465,0.009262184026326128,0.017500255438721874,0.0016079863943102104,0.009672889699970492,0.0026535927596571026,0.012947239546687169,0.0062933979881600296,0.010545719647901958,0.0027434889923023667,0.0010783752975922118,0.0061208221367041096,0.15680882572622923,0.00436704675680349,0.0006103136614834283,0.0011301489451764912,0.005888050473561212,0.0007380905207987625,0.0006538078497006041,0.00023553670796036584,0.037803740747064295,0.001562353670903447,0.0021345692310540698,0.005316836217977836,0.18139385460907206
2.3747566222661143e-05,0.003572335206620701,0.004261931522027113,0.009749871409126929,0.005462862534080683,0.06747762001343169,0.003533270323821981,0.009989009354499721,0.022331489312163822,0.0017785813940980923,0.011986875638642803,0.0022935262701035664,2.9465494378543613e-05,0.00790353435791048,0.0306376485061559,0.013269036925166636,0.00375498371995561,0.0029488166843320246,0.006049984650256272,0.007018708299532576,0.0013276425597595377,0.0005713345182133253,0.04739038740531529,0.004997887977497052,0.008165094432690949,0.01751817094030767,0.004116918246745083,0.010425820105022767,0.004314815749168092,0.0068813788744462945,0.006293455627346196,0.003980416861345287,0.002621251565441409,0.0007884936763543401,0.006496611830252476,0.06757588544413426,0.016811484950872674,0.0019487672368151874,0.001120024888873486,0.0034905101689575056,0.00010126730285245822,0.0005303704445102767,0.000515788531474553,0.03520535883348346,0.004739425772027039,0.0009095530286758451,0.007243068043036698,0.08092185294292652
3.7434409873965884e-05,0.0036190023564409693,0.0018238421188121866,0.007859534927529516,0.00535574435187735,0.009573720874041687,0.003531694910227266,0.009828074320796158,0.02253479642662491,0.0007769756195229929,0.014356452444682645,0.004050834741076653,0.00029540401709104893,0.030014070579323458,0.031267125421866895,0.015596528102923073,0.012847031415748389,0.0029380614930429386,0.006046744890265619,0.006683161269116375,0.00041860180503230145,0.00030163971659305294,0.04741012063172782,0.0014598039255750727,0.00800774904252952,0.01692552342899552,0.0018486626497769053,0.010429315552466345,0.030445923574079096,0.01893029690239225,0.0063221687239894755,0.0114774981539168,0.0026231335612092346,0.0011787013070931203,0.006491515217502861,0.0887414754056115,0.003878055012366387,0.0019779002434512725,0.0012276334980618865,0.0057316299821040875,0.001210048217336091,0.00018240718871096557,0.00035043127078586005,0.04032091870907921,0.00474084533927563,0.0013033202764339304,0.0036019314235245813,0.17730937142185627
0.00011975507302132028,0.0028944245110332925,0.0009604232381029185,0.0078070233285523274,0.005749355969083567,0.05564354027949123,0.003529164464771762,0.0021870441185258436,0.00011296014558396833,0.0018302366985135906,0.013645153516412904,0.0007844314389701134,0.00030696169118119964,0.02930411149474629,0.031267125421866895,0.012956592555631778,0.0041230537127360765,0.0030863155389344206,0.0005653646119547285,0.019686168311208712,0.0002567111965593484,0.0002690592366105326,0.1138417258409939,0.0014204747756643176,0.009202575133624092,0.01692552342899552,0.0022100860645390217,0.010414139785208632,0.005079574908109513,0.01245469356344011,0.0005458814961667329,0.011471981926483884,0.003762183827630317,0.011028646256366799,0.00495465067700279,0.006750642450023915,0.016733663189803728,1.4090160123864779e-06,0.0012795476938283164,0.0009187742682324543,0.0003227685866174043,0.000135804999007544,0.00012509960225339406,0.0025478570440731936,0.0015211703060096086,0.0007098492718396574,0.0058421956830903305,0.0033065440020425274
0.00014725802848382786,0.0026804658075104022,0.0009789904969258402,0.00986698233077133,0.0043001916526279075,0.05397656392180459,0.003382889393116641,0.003715806484312275,0.010635897450955393,0.002536915167525655,0.013491958929861748,0.0007679200989798756,0.00014700390782831625,0.008455307433386534,0.03047711410184858,0.013086207762939308,0.013514404170410181,0.03269132396964809,0.004231975280894121,0.019026365432107836,0.0010096036341784333,2.72138773382718e-05,0.04821775130155559,0.0021227634089173676,0.008023048899513406,0.036335155834376937,0.003549193576560935,0.009678703820286993,0.004574316998463206,0.01278746244032165,0.006987451774262855,0.011493397344580372,0.0026850603094871204,0.0005311386086364794,0.006473310590489438,0.06023923747185691,0.0018832564346953958,0.002072437155513403,0.001233317186625316,0.0005748887317958964,0.0003064994714493304,0.004541695547447481,0.0008010892100256662,0.037709153834204125,0.001584133065891431,0.002891426443818273,0.0065916227493688345,0.0085800414258142
1.0508596782019095e-05,0.011374663322749216,0.0016573514005570522,0.009861823939066535,0.005409537638544535,0.01824922653448163,0.0033956189536769343,0.0034127055209820715,0.004338668648138152,0.015397543254728682,0.011910588167413881,0.0006315220427932057,0.0003275702324578734,0.007406710993362788,0.0861864813375739,0.012801882845003998,0.014789939010592152,0.03405556203394333,0.011306820197844406,0.02509874747882232,0.014722596700908731,0.005291824810661037,0.0692820730682524,0.005240794285813465,0.009262184026326128,0.017500255438721874,0.0015323230215590028,0.00970052545162178,0.0026579304092709723,0.012866814385286291,0.006243081748545655,0.010545719647901958,0.0027434889923023667,0.0005458228210192353,0.0061208221367041096,0.15458464977050745,0.0017588393110158239,0.0001126076717956493,0.0011301489451764912,0.0063046973205615345,0.0007380905207987625,0.0006468252775808331,0.00023553670796036584,0.036793246758263155,0.0012119972915817087,0.003662391725454792,0.006295230508955301,0.1903190764110259
2.5106606664945384e-05,0.003528003742558874,0.0013762785695647572,0.009721843611746469,0.005449004099426008,0.06993231719992819,0.004001790940060037,0.0036947936261677535,0.028089922093896325,0.0017699031479194694,0.011986875638642803,0.0022935262701035664,2.9465494378543613e-05,0.03171974989304482,0.10989306047013778,0.014019910339999149,0.0033566031514905394,0.0007349979311636508,0.005783535831444476,0.019960088511653557,0.015664820468594454,6.003161291660928e-05,0.06647854747338067,0.0013252619086584474,0.008004120697744546,0.01753520104820357,0.0045213444682999215,0.010472876703015626,0.005570094018756393,0.012589304282167955,0.006351687109623781,0.0036907961148588435,0.002830038956033189,0.00013704216947144185,0.004988781290888476,0.0026248094324832147,0.016827002484214006,0.00033043324787794537,0.0011334030172990002,0.0038845949903588244,4.400293520163091e-05,0.0011780529080132295,0.001314712387299888,0.016896325516108868,0.0018471789974223581,0.0024862513051195304,0.006237519795586041,0.01658913459785829
0.00012221995719816992,0.002068231705874878,0.004282343070517207,0.009600689089542116,0.005896182984784689,0.06785416667931539,0.0038265354786215615,0.003689685406674808,0.027290361217075284,0.001774766419810852,0.011986875638642803,0.004383309424040903,2.7590782127174466e-05,0.030319924231592688,0.10320391814243343,0.01304123147841304,0.0038178696103244284,0.00023289927098250895,0.005699552874130645,0.02385335484523246,0.014440747710549796,0.005320363272848048,0.06652502467047545,0.004998140388167305,0.00842368015291235,0.01751817094030767,0.004147900723402445,0.010437422530410388,0.005482971182089468,0.013184891418280748,0.006520154445534118,0.011586907397080548,0.0075389447462197055,0.0012376942255632115,0.006124608070521404,0.07021593286063528,0.016811484950872674,0.000646421837370131,0.0011325542967248797,0.0001233132307606132,4.388027056235788e-05,0.0005682194990260931,0.0005132339261413061,0.03520535883348346,0.0017478874999354566,0.0013098573084513248,0.006957210659356073,0.17014937151073348
0.00011571364619706329,0.0024219286973076043,0.00387742518851347,0.014961982825685905,0.004347479432379017,0.015642418063122186,0.0035268826959305036,0.003642766365824014,0.004149394108448636,0.0023905385741447406,0.013367907809682653,0.0006121493715194831,0.00013849174791496344,0.03037541942545357,0.06802016095895067,0.01575161896153082,0.006848095912062799,0.0018467938595880323,0.004204992932478033,0.020646764082964116,0.007049012190840507,0.005334185817491186,0.08256515360965264,0.005013185970332188,0.00815239491230819,0.017370668262550796,0.001303622541989112,0.009698291421228168,0.004474131475681174,0.012865938917749098,7.855846711224629e-05,0.01149369043350575,0.003044800458745044,0.0005581696950678777,0.006155105412160942,0.00831998211194921,0.017831722910003418,0.00036413189470596124,0.001226816092070577,0.0001239463228464385,0.00029019209127381884,0.0005472209165635782,0.0005231150004391849,0.09618135824823949,0.0012198465549603215,0.00141410878661758,0.006257133305394389,0.1900865240107663
0.0005860138494861674,0.00354401243974338,0.003911190088142347,0.00988842836564908,0.004340945815342984,0.05778724625640475,0.0033999519572306238,0.0034772864634123107,0.012846663482878915,0.002585794801630033,0.013675250128605123,0.00509056920860315,0.00013775155253985293,0.02996654037419235,0.005722519027223039,0.013040712994761705,0.003650465293729137,0.00029426646669122175,0.0041579376503224075,0.0006135013994949812,0.0013242610056721563,0.005334185817491186,0.05096580417066408,0.005265122090459183,0.008180849724796931,0.176041437906504,0.0036538254717146577,0.009694167156890055,0.004361807051457634,0.003266359386888757,2.0510232848627158e-05,0.011474346515705653,0.0030288808862247575,0.0005551548514546442,0.006473310590489438,0.06109714421544493,0.001865367292528665,0.0005517854972198158,0.0011036973921625737,0.0006624232936163319,0.00020952273609120954,0.00031944714555405464,0.000515717815261132,0.038225099176602925,0.0015406133665543682,0.021640194745613614,0.00040939903703302635,0.1900865240107663
0.0005407245483603754,0.000453876009240134,0.0010143328927779442,0.009864159356880774,0.004290071381685095,0.01655864598584406,0.0034601422862751007,0.0033082528225432837,0.004625944033718159,0.0025152779438534986,0.0016894897723682021,0.002164822833886958,0.0001467025282375537,0.008356002852756658,0.030359518137766127,0.013972875902449328,0.013419895045051127,0.00024037873731090837,0.0005774749591956382,0.0010066223142231202,0.016460547720662994,0.00018876047138272544,0.04831470340796963,0.0014259826323817862,0.008096108622733843,0.017484031602630165,0.0008031439191942991,0.010429520718861024,0.02951094630458114,0.02219671308285933,0.0062838334689942965,0.011691496393217326,0.0013648434418343674,0.000553670400022853,0.0049208152539108275,0.008401561153499347,0.017048160654928958,0.01618066789486551,0.0012326166817515228,0.003874023330701168,0.00024207188791052877,0.0003396887657344665,0.0007680860870669464,0.03502787133826661,0.004911410764658967,0.0013144220069300626,0.006599797490683703,0.17882857589456563
2.567372449739102e-05,0.003582172322131624,0.004198626294642422,0.00767855965650311,0.005076776574463222,0.015472823730287764,0.0034881613206414904,0.003779829015860539,0.004003394177100939,0.0005826453898071067,0.011804301604660906,0.00012952467510198018,2.4284982110252183e-05,0.008457803827992712,0.17688606887692457,0.01472218753508844,0.012649875477374848,0.00025281631579528174,0.003756691472542963,0.003123895839051034,0.01630945785503095,0.005337897904037848,0.054018045442752946,0.005351174286207258,0.00754152423524938,0.01847148335282246,0.0043692209500934154,0.010434420090409645,0.0015525565825116553,0.012923835313227439,0.006196784168268228,0.011628131017302534,0.024380661444373827,0.004869924405220466,0.0065529008707597754,0.090543945774993,0.0014531600063420018,0.016079287933939413,0.0011329511335882606,0.00024292839869271887,7.5978350297571e-05,0.004512508407153634,0.007562311797678813,0.03516496833371945,0.004900730568080447,0.0016635919930149713,0.005486755676940068,0.18811318909772348
8.641132878500616e-05,0.001196236064948741,0.004260620577289059,0.009756458379901077,0.005076776574463222,0.022582276055123935,0.003883549353001821,0.003716911260758418,0.004777437637361628,0.0005826453898071067,0.013638405804924836,0.004461839315159548,0.0001379320886331237,0.008457803827992712,0.0315839533990104,0.013969060044856417,0.01323898220675828,0.15792696110313909,0.001101910078027654,0.0014117632984862027,0.0014210827096374041,0.005337897904037848,0.05406145188224421,0.0015796517443933018,0.008274944638875062,0.009425074372977803,0.004160170535643242,0.009505272478309968,0.005772205631126824,0.0017407160579996812,0.002703248243549255,0.011628131017302534,0.003959108879872919,0.004841583125508454,0.00670255427117584,0.012275487860068629,0.01695251475231716,0.016079287933939413,0.0011329511335882606,0.000764086992511077,0.0012210296820268978,0.004315108532690495,6.154793805719563e-05,0.25268775960780676,0.005667975733182129,0.021787858160024577,0.007447330592850221,0.07010407861124068
2.3562963795214148e-05,0.0022423820078305784,0.0009324947250649261,0.01479428895904629,0.0043337175011502775,0.053289000481721895,0.0007475405825073398,0.0036173658742722067,0.010361412471706768,0.0025539382563835953,0.014193659518500682,0.004379680672255788,0.0001322297204488034,0.030209596811856834,0.03041862773015279,0.013969243440853308,0.01285855362201359,0.03408268504387045,0.005779553442037262,0.001025473799261387,0.017518611872565586,0.004889975369926587,0.04822392142750229,0.0021388468961538436,0.008427911828195512,0.03652410535822603,0.010782052328078589,0.009690656716843266,0.004407524240641755,0.020561159551552542,0.001354297937757628,0.011693963166841584,0.0026830886429104347,0.0005166919906541791,0.0049876648279234825,0.021560942978967854,0.0018641229953356938,0.001954040869972602,0.0012360363760352848,0.0001419106326790056,0.004659471867865822,0.004527544850447816,0.0003366622076951389,0.004065063308785984,0.0015987798016696144,0.0029075524865934685,0.005554600039175562,0.1701908480943715
0.0001258413624681947,0.002776917728208424,0.0009433800870675389,0.014193624161659719,0.023112873179347054,0.055801666706082304,0.003322492802477776,0.0037399658814635346,0.026071519096178674,0.0018249292610350676,0.0021356110075262114,0.0007139159080064748,0.0003029513001304178,0.03034723093620765,0.06977708725154684,0.013012522702159735,0.006848095912062799,0.03178789978002116,0.0015616189837838856,0.019684771831582834,0.0017896678706845262,0.0052935920890340195,0.11217719134088734,0.005244779484265482,0.007605345073960084,0.17596453233758214,0.0019740350333902327,0.009696510109000817,0.004361807051457634,0.012947122942089937,0.0005592753958021761,0.009593425237057319,0.0028643567820171474,0.0005551548514546442,0.006451878456107497,0.08906862954972639,0.003988047035190867,0.002043987762993163,0.0005342226416428356,0.0006880478625271172,0.00024769432429034107,0.0005700171787094183,0.0004277500373671676,0.037709153834204125,0.0013525761749275435,0.002173382147529167,0.0065916227493688345,0.10206573690155563
0.00014725802848382786,0.0026804658075104022,0.0009789904969258402,0.009808075481447569,0.005571473803441672,0.04349532024252844,0.003382889393116641,0.003715806484312275,0.010625479835400745,0.0011505124427216486,0.013491958929861748,0.0007679200989798756,0.00034541141684393616,0.008455307433386534,0.03571422790704269,0.013087248709403091,0.013501050194046455,0.032638004198903586,0.004231975280894121,0.019026365432107836,0.001665216429003932,2.72138773382718e-05,0.048332253456240974,0.001765523014751941,0.008023048899513406,0.017064858864998263,0.00395318102335178,0.010271650627957816,0.004557406442727619,0.01269318781633256,0.006987451774262855,0.011478323103848005,0.0028285314745293212,0.0005311386086364794,0.006473310590489438,0.06044497608731193,0.003983612841709704,0.002071887507125192,0.0011454166311861327,0.0005831046744689951,0.0003064994714493304,0.0005519184749215424,0.0008010892100256662,0.037709153834204125,0.001584133065891431,0.0012908788724822601,0.006586303793530932,0.0085800414258142
2.157703390253887e-05,0.0021757309977070063,0.0009453872343097766,0.006157943272779232,0.005604999651964041,0.04280775680244574,0.0035103929402625837,0.0036923867537811536,0.00039769451629712797,0.0011783971352433776,0.014177888271432477,0.004379680672255788,0.00033063721370476694,0.030200412407862122,0.0356557415353469,0.013970284387317091,0.012845199645649863,0.034029365273125944,0.005779553442037262,0.001025473799261387,0.018048125244640147,0.004889975369926587,0.08252590816586372,0.0053172911007589654,0.009179267152940356,0.009616036372501165,0.004448212222755576,0.010278886316571567,0.0062762341081558344,0.020466884927547786,0.00800043647758877,0.011678888926109217,0.0037225067258035713,0.0012473200338735631,0.004971728644837481,0.021766677007073503,0.00521704942410294,0.0019607552054956142,0.0011246337258083545,0.000541102061226376,0.00027983467961819025,0.0012564270642390523,0.0003366622076951389,0.0383175840199219,0.001599014933253335,0.0015889406047279926,0.005549281083337659,0.17588824622613763
0.0005407245483603754,0.000394573605380603,0.0010423458023667987,0.009864159356880774,0.0042890353090627945,0.043618894364589864,0.0041250111538522725,0.003715962394603106,0.004794349504061358,0.0007482722248327895,0.013645153516412904,0.0022395144748326152,0.00013793713305680416,0.008855947707386111,0.031267125421866895,0.015654967932998098,0.013484440465833691,0.00024037873731090837,0.0011014416251603609,0.01928922608672757,0.015848574072405447,0.00018876047138272544,0.04831470340796963,0.0014259826323817862,0.008197801784876153,0.017484031602630165,0.0018486626497769053,0.010429520718861024,0.029913937145668142,0.012859647438504247,0.0064075926296087255,0.011698367076906406,0.0028531551002900107,0.0009715968437104079,0.00495465067700279,0.006750642450023915,0.016998402097019517,4.142169745469744e-06,0.0012326166817515228,0.003874023330701168,0.0006366116447408593,0.0001748307703487291,0.0007829370497764276,0.035273113355692644,0.004911410764658967,0.0007314211221805412,0.0055271678209776656,0.012423003397652243
0.0005825408887427086,0.0023411270649593575,0.0011480071080965156,0.009778337428245326,0.004291812593222255,0.010638301588792507,0.0038509370125741128,0.003636895199032931,0.004655758525916014,0.002585794801630033,0.013987761750087159,0.0006121493715194831,0.00013792999370294625,0.008192332293908129,0.1843939794560277,0.015653956745627244,0.006550104467610587,0.0002930270983110491,0.0014061215474858715,0.016294432852639592,0.0021364229888203804,0.0053022491851102424,0.0483818855683968,0.0052681551251915265,0.00813063576739594,0.018717951795838683,0.00188125469565413,0.007737505346174576,0.008308546046063167,0.0017860170160474975,0.00029170258992301687,0.011492186435575636,0.0027371549190383006,0.0005551548514546442,0.006484409229411624,0.062750808516165,0.01699187822601066,0.0005422621954235296,0.0012267014711571651,0.0006624232936163319,0.0002096004558060407,0.00032792974998821067,0.0005231150004391849,0.03821485041392769,0.0004973190957894472,0.0036083094387109795,0.005299018248512739,0.18418425639778432
2.1521138994019334e-05,0.003639795267396476,0.0006697853239896303,0.006157943272779232,0.005082969657600702,0.04280775680244574,0.0038994544327898306,0.0036923867537811536,0.0006125306878394352,0.0011783971352433776,0.01409358085075041,0.004343914244190214,0.00033063721370476694,0.030200412407862122,0.0356557415353469,0.013970284387317091,0.012845199645649863,0.034029365273125944,0.005779553442037262,0.001025473799261387,0.019229845325231056,0.004889975369926587,0.08252590816586372,0.0053172911007589654,0.00916140860177637,0.009616036372501165,0.004448562262013453,0.010271369412327768,0.0062762341081558344,0.020466884927547786,0.002616849759150315,0.01167794382886218,0.0037112955082070935,0.0012473200338735631,0.004971728644837481,0.021766677007073503,0.016832690972596525,0.016005466207271984,0.0011332272657238354,0.000541102061226376,9.079665497756077e-05,0.0012312558470169573,0.0003366622076951389,0.03834392278524901,0.0020851787322137207,0.0014671814819936808,0.006108922910186025,0.17588824622613763
2.36108485726083e-05,0.003520715379274436,0.001839879051298764,0.014999520807404862,0.005617782365527485,0.04280775680244574,0.0038923125268143953,0.0036901189485039404,0.01035228521893941,0.0012359445942240256,0.0019354979769663349,0.0051229961684951504,2.1333956047023186e-05,0.008447574368837892,0.03475198326084487,0.013970284387317091,0.00354501780188006,0.00229949442408545,0.014114986225403199,0.0007223752472605427,0.0017013295695965224,0.004738963355744479,0.04740040392210348,0.0023000225152897858,0.008433130556765615,0.017251220576279654,0.0013793861837679724,0.010438772214062274,0.004844879480615332,0.006408659631597849,0.008220652922578812,0.011692665680920783,0.0028491027116166107,0.00487365175012487,0.004987294850544708,0.05253598628498099,0.017253509814846486,0.0006007105292976898,0.0011212454031474027,0.0038421515044259743,0.00027983467961819025,0.0012407039396474281,0.0007695866078638038,0.0011516729677850633,0.0017836981313000407,0.0013883283047801396,0.000671865908315649,0.010770837499466172
0.00020316519959067336,0.00037569012537407953,0.00426439264243152,0.015739052014761588,0.004936352373275414,0.026904959162742114,0.0034891176815446965,0.003798221392424209,0.00697702871907502,0.0007707705698687083,0.00309869931551703,0.003999816241953429,0.00013309981389593526,0.0295898711877727,0.06893168899165994,0.03009372523059376,0.0020680231846639746,0.0011094714389351355,0.001906252836967916,0.020089665195356106,0.013799684099523658,0.00509126660839074,0.05187079697753883,0.0016717113827839948,0.008076604287576337,0.017437923151817726,0.007369297127803855,0.00969711289130422,0.005907858446416465,0.012857740200646065,0.007830558475023213,0.005273175246463301,0.002823039235791804,0.001069045173992494,0.00697823473765747,0.011202904564635068,0.016897395015039087,0.0015831051677927172,0.00011063159232781595,0.005781996636398047,0.0002456023984752434,0.004066431217986419,0.0005643027321867643,0.03524618205488624,0.0014937750107423486,0.0012102668054281322,0.009933819406443507,0.011183207585652777
0.0005430610159306917,0.0033716954716121396,0.00428989415928062,0.006473101852906577,0.0043416160335576475,0.04548482071406938,0.003911508711477326,0.010309154592266688,0.026485720521602828,0.0005885147234357515,0.0021344215490548346,0.0040702678273268995,0.00013793713305680416,0.0251882122989752,0.031267125421866895,0.01644261123666954,0.0027448640398652748,0.0033057230052575435,0.014266104149215524,0.01928922608672757,0.00041860180503230145,0.0003074389592985986,0.054319436001052795,0.0016099793614361615,0.008428886196341875,0.01693634226279785,0.0043607952655289675,0.010429377173171656,0.0009425934361998126,0.020453848149064622,0.006051860505023393,0.011469626325634278,0.0028420547592724133,0.0005104262064860706,0.0021873695909359597,0.0022397713803536945,0.017525553912301768,9.665450150905114e-06,2.519253837938735e-05,0.0054688858224656465,0.0011617063638495774,0.0005983093117131654,0.0007331112520272454,0.03567857198075698,0.004775845096967058,0.0014048820177151834,0.006295047911938297,0.07905964421198065
0.00012099262416302158,0.003572335206620701,0.004261931522027113,0.015055213616173915,0.005462862534080683,0.06747762001343169,0.003395000509347549,0.009906830064810353,0.022331489312163822,0.001793074125356646,0.011969937733916924,0.00018928508992996948,2.945623144088095e-05,0.007870500524440044,0.0306376485061559,0.013924311194302144,0.00375498371995561,0.0029472425322908105,0.006049984650256272,0.00047979822401338513,0.0013276425597595377,0.0005713345182133253,0.06379263936963146,0.004997887977497052,0.008118929055742357,0.008340312678018401,0.0010437820019858631,0.010425820105022767,0.00451647317316242,0.0068813788744462945,0.006293455627346196,0.011599280838180287,0.002615824265712476,0.0007915020264496113,0.004966234101320928,0.06972116250612337,0.016321908087202144,0.00203730192966705,0.001477994765008595,0.003520280068686415,0.00010126730285245822,0.0005303704445102767,0.000515788531474553,0.03520535883348346,0.002521700317881863,0.0009095530286758451,0.007243068043036698,0.10225538542052802
8.862812911759951e-05,0.002392194821435882,0.0017532727043374184,0.008667559047101868,0.005449887166378952,0.01842408073039293,0.0033979940637098977,0.0035983388436066567,0.004501782417106345,0.0004860986823206049,0.011972877651864066,0.004592286865012299,0.0003269172612389243,0.030349479359498287,0.06940311144225524,0.013176998413739918,0.015392064316598945,0.14307945846724476,0.004191121719406421,0.01634492094866673,0.0022480359412655262,0.005283197053547033,0.08106789015686255,0.005259471165359926,0.00925996622421344,0.017495630509675716,0.003675678401874859,0.009606984587253746,0.0026579304092709723,0.012908483835414509,0.001604085218364493,0.0105867543193261,0.008063369645550367,0.004777677633668902,0.0003438456640224431,0.06033907004362048,0.0028757682643761164,0.016414827252588617,0.001127647589965887,0.000603625801006124,4.8592654403705634e-05,0.0003167227512453308,0.0006599152689246214,0.03539701402212413,0.004862624921471862,0.0002787199718331907,0.005319671886243573,0.1874826891036575
2.1664864844331327e-05,0.0013077929445420755,0.0001960362519322007,0.015292475641115116,0.005611462496532752,0.042586708275419397,0.0035103929402625837,0.008906888601947834,0.00039769451629712797,0.001177118383237928,0.011999551004012515,0.004379680672255788,0.00033063721370476694,0.029877183144210638,0.03282408526239709,0.013970284387317091,0.03210610526731281,0.03253584409173328,0.005422868262252825,0.001025473799261387,0.0007977688903944881,0.00047969806422380615,0.08249135543765065,0.00565776749223443,0.009179267152940356,0.02323999413591019,0.005086001355127672,0.010432721014202676,0.006252869415424868,0.020466884927547786,0.0005629226368212867,0.011672588150629389,0.0037470276377954276,0.0012807400498557292,0.004971358667458707,0.021262100792650566,0.005176669529812634,0.001961555649668531,0.0009777750765612224,0.00014576187454198042,0.0004311146405125037,0.0012444734575574018,0.0003366622076951389,0.03943712413894279,0.0015967304384762258,0.0008426777016083084,0.006216949154376998,0.17588824622613763
0.00011571364619706329,0.0024219286973076043,0.0038965691178329655,0.014956233077967205,0.004291415882799984,0.022835687080572646,0.0035268826959305036,0.024241104068173175,0.004149394108448636,0.0023905385741447406,0.013256881794011369,0.0022424693847467193,0.00013555668394928653,0.029782490558981748,0.06802016095895067,0.015788674838714815,0.006854233539157348,0.0018467938595880323,0.004204992932478033,0.020646764082964116,0.007049012190840507,0.005334185817491186,0.08256515360965264,0.005013185970332188,0.008152853449381247,0.017370668262550796,0.0010441685808262981,0.005485575252399287,0.004485466949155541,0.01254179541497295,7.855846711224629e-05,0.006853224914546681,0.002697852071799455,0.00047937999472046945,0.006155105412160942,0.00831998211194921,0.01783594426352647,0.00036413189470596124,0.001226816092070577,0.00036394635448762824,0.00029019209127381884,0.0006278507926410602,0.0005231150004391849,0.09618135824823949,0.0015315064792791868,0.0013905177162888928,0.007192211510646368,0.1900865240107663
0.0006358851830498109,0.003520715379274436,0.001839879051298764,0.009942815445714402,0.005617782365527485,0.04280775680244574,0.0038197152731657227,0.003642527475891562,0.01035228521893941,0.0012359445942240256,0.002071221057089366,0.0051229961684951504,2.2182048194487083e-05,0.008454006012865174,0.03475198326084487,0.013961691418137596,0.0034819230746997607,0.00229949442408545,0.014114986225403199,7.15463761109935e-05,0.0017153866994112528,0.004738963355744479,0.04740040392210348,0.0023000225152897858,0.008417487088412872,0.017251220576279654,0.0013793861837679724,0.010438772214062274,0.004844879480615332,0.006089301523829846,0.0003230685312452168,0.011692665680920783,0.00284783539956807,0.00487365175012487,0.005025929644192578,0.06510079225615717,0.017262454551929374,0.0005518940884172701,0.0011212454031474027,0.000716271802023119,0.0002755439630111655,0.0012407039396474281,0.0007686088719535508,0.002607703582549744,0.0017836981313000407,0.003514911338043064,0.006632046092257175,0.010770837499466172
4.8347874046708724e-05,0.0003159744597433469,0.003939428194812637,0.006474539902452094,0.00436883765470055,0.005869111092267981,0.003532102417080036,0.0036920709927033704,0.010230753676791266,0.0006358984413628847,0.05486096174139134,0.06753081537334259,0.00013938695975994144,0.008163484173141822,0.03474303218113859,0.0064967503558005756,0.012759402478385555,0.0340741776345382,0.005779553442037262,0.0009386706418669805,0.01818919825565283,0.004732587706652362,0.05597433385401693,0.002146225989742641,0.008427911828195512,0.017251220576279654,0.0014387653717840248,0.010429583878461721,0.003477524617650758,0.020466884927547786,0.0064315069490765465,0.011617748061281935,0.0028624414047076154,0.0010414429352410153,0.004957962742048869,0.021088645526463043,0.015569786382501333,0.00013859061689720092,0.0010962365561968048,0.0005231719314740292,0.0002736829929268075,0.0012520446163207387,0.0007655769634455976,0.037719405723092576,0.004861540382765353,0.0012791016379261329,0.005946769276332181,0.08018388115859024
0.00012483177057201402,0.0013137793338622596,0.004661416209819755,0.015115669906755357,0.005181947967112736,0.018527924746081722,0.003402669874599258,0.009048397663144747,0.004506944135149514,0.03342729669028826,0.0019218992730766814,0.0044513159860099264,0.00024685640379527407,0.02983760374513622,0.031533567352323766,0.01396883171852576,0.006538626393620952,0.0028644745429396495,0.014150939622951886,0.02157096503568286,0.015813311109053315,0.00534017852619193,0.06815475141552935,0.0023194557695446092,0.008178000562388127,0.03603689308999629,0.004155845704621118,0.010629767930241228,0.006953159614412985,0.020419415217110763,0.0007200837208587809,0.011539615397926872,0.0035853060416851717,0.0025932493485438845,0.006674425786867121,0.021254083590453637,0.005336826922608123,0.0019845219406122196,0.0009794333060293217,0.00016491188475228208,0.0004347262432033952,0.00449673765093659,0.0008262553612528901,0.2547654309121536,0.001446191275714207,0.0008398406175358513,0.005263932888892334,0.1601758869814615
2.1664864844331327e-05,0.0021753604230729112,0.001846878103368351,0.006228187830859519,0.005611462496532752,0.04280775680244574,0.0035103929402625837,0.0036929264727162195,0.00039769451629712797,0.001177118383237928,0.011736297892184439,0.004379680672255788,0.00033063721370476694,0.029075295240957342,0.002276918419513725,0.013970284387317091,0.012845199645649863,0.034029365273125944,0.005779553442037262,0.001025473799261387,0.01608541199013966,0.00047969806422380615,0.08249135543765065,0.00565776749223443,0.009179267152940356,0.02323999413591019,0.005086001355127672,0.010432721014202676,0.006252869415424868,0.020466884927547786,0.008153893884702489,0.011678888926109217,0.0037470276377954276,0.0012807400498557292,0.004971358667458707,0.021766677007073503,0.005176669529812634,0.0019607552054956142,0.0011455307592342185,0.0005425160474404132,0.00027983467961819025,0.0012444734575574018,0.0003366622076951389,0.03943712413894279,0.0015967304384762258,0.0015851511565207932,0.006239628618264487,0.17588824622613763
0.0005860138494861674,0.00231494113215108,0.00387742518851347,0.014961982825685905,0.004344647867369105,0.058341724316011256,0.0038849117792010895,0.003331972853551589,0.0037887111829022295,0.002585794801630033,0.013647430351346534,0.00046270257595286196,3.6803773513283664e-05,0.03046464061740102,0.16701514212661134,0.015712569959892675,0.006848095912062799,0.0018288520692014403,0.00585824869253686,0.0016373264383036327,0.0003905218012093623,0.005334185817491186,0.08189435621088764,0.0052681551251915265,0.00808487965796557,0.01757923554631921,0.0036518556312543776,0.009698291421228168,0.0036914403061193563,0.012865938917749098,0.00298187709085492,0.011627322494842813,0.020593034735110156,0.0007994861729880643,0.006453190839763949,0.15353354272993963,0.017098041821322307,0.015759590306843728,0.001226816092070577,0.0007176750927993445,0.00020952273609120954,0.00031944714555405464,0.007674046880244234,0.09618135824823949,0.0011678157461044952,0.023765135226131096,0.006109830523446684,0.07477265978477392
0.0004023561016527162,0.01932440846209247,0.0019257863450954022,0.00976224176226537,0.005449004099426008,0.06575905463951497,0.0016970309899479532,0.0037204618418488363,0.02806482796592682,0.0019254483524815398,0.0016819475521413288,0.00423147229733665,0.00028651581496673374,0.008641317283982,0.10849941066087795,0.013034781779293621,0.003481916648988353,0.03794773118280771,0.005946767702878458,0.019857658501415843,0.011951658106581806,0.0002554419592854331,0.04901717373778698,0.00214197718091422,0.008020700346078099,0.01751817094030767,0.0036987257900952444,0.0076910301406748136,0.005570094018756393,0.013061576706728802,0.008994911458243528,0.003663999087217916,0.0027251314240689726,0.0010065341535285674,0.004934649491626488,0.004384036686705305,0.016827002484214006,0.00040415904759169053,0.0011332876165966639,0.005863897868961505,4.744471102501156e-05,0.0006694739400845484,0.0008602093179388055,0.03515226448486554,0.0004960553146193253,0.02169614185695562,0.006237519795586041,0.17100960832510023
0.00012483177057201402,0.00032331756700377634,0.004661416209819755,0.006413594896976109,0.005181947967112736,0.005573641065204421,0.003402669874599258,0.009048397663144747,0.004152016738260236,0.0006440201002313982,0.0019218992730766814,0.0044513159860099264,0.00024685640379527407,0.007221607638838451,0.03473936028149122,0.01396883171852576,0.006461219305780474,0.0020592927405654604,0.014150939622951886,0.02157096503568286,0.015813311109053315,0.00534017852619193,0.055859201894977346,0.006566798646604466,0.008413639625123415,0.03659892029666732,0.0012233674081411172,0.010629767930241228,0.006953159614412985,0.020419415217110763,0.0007200837208587809,0.011539615397926872,0.0036654072401839373,0.0025932493485438845,0.006674425786867121,0.021254083590453637,0.006258313475725949,0.0019845219406122196,0.0009794333060293217,0.00016491188475228208,0.0004347262432033952,0.00449673765093659,0.0007646802713292812,0.2547654309121536,0.001446191275714207,0.000837616379242417,0.005263932888892334,0.08092973154113615
2.3747566222661143e-05,0.0036674477318418977,0.004261931522027113,0.009750299684693651,0.005464750158710323,0.018242670309825453,0.0038268372077819753,0.0035026850363398675,0.02806482796592682,0.0008462829066114884,0.012009399862915974,0.005148569825316607,7.099240753328917e-05,0.009058611243509275,0.004675244036253121,0.013045330448730845,0.003517296827212563,0.0010021724256170685,0.014380321555474283,0.0006203060539117979,0.018375130860539553,0.0048578510924754455,0.04972789319997761,0.004997887977497052,0.008153714760890904,0.017371248092000597,0.0013745333298240197,0.010476645906756782,0.006386104253358833,0.008297329365504556,0.0024674009300148956,0.010866699926225082,0.002790990311114842,0.0012417212855124315,0.00612956924196279,0.022429304474847776,0.017030495981599558,0.0006449740784555897,0.003470638961117041,0.00029563643835961656,0.00028497283096191547,0.0005478059241409239,0.0005164659342541215,0.009273887888598682,0.0017291292678946071,0.0013264714304676434,0.00037725392792976355,0.15813774563031935
0.00015055439736069956,0.003572335206620701,0.004490149343114841,0.010257777655676523,0.005475836615535877,0.06086204298505907,0.0015284177602757955,0.003503754982206575,0.029429906263598576,0.0007395795444831446,0.0009604016735034497,0.004477682885839002,0.00023153681104956314,0.008114181991728425,0.005354078522465033,0.013905731288185291,0.003802978468180235,0.001095502474848374,0.0057445702065025295,0.019799042530336434,0.0012295070218027483,0.00529885724145242,0.04972789319997761,0.005290925003194984,0.008254813051812254,0.01771660214828248,0.0021496298546303466,0.010434525391166278,0.004332640159303106,0.0018309081120500767,0.00811016299726754,0.011585816000380842,0.002788595302930309,0.0014501171092705205,0.004918939058223146,0.04629248723470878,0.017280926006375083,0.0005998833210562019,0.0011044705505676479,1.0714940447719909e-05,0.000285059528401631,0.00021404442808718393,0.000515788531474553,0.03690459108597909,0.005169926400442379,0.021435464913350126,0.0015863247143823936,0.15125034184443834
0.00011096384877713078,0.001741711062211957,0.003935888352932229,0.014191671757383508,0.0016579869299216503,0.06600331958325854,0.0034046878874638632,0.003702248115273575,0.04363769584931362,0.002351891069527879,0.006541860994293672,0.002509658728720659,5.258517296360764e-05,0.008443773552522823,0.07031666992315268,0.0139281161143769,0.003485261964010602,0.04313571587738056,0.0038832193559833095,0.0005975514985125663,0.015689758719839082,0.0049766300716026345,0.06876884036971742,0.001629886371532791,0.008286725454197555,0.013267247012077717,0.004451640877831413,0.009485490948716495,0.005592803844728224,0.013052009627913103,0.006193777825407786,0.011563072642493078,0.007294852848357919,0.005009892278518961,0.006432933164414249,0.0038552505993527716,0.002794424965173066,0.00046542351430449403,0.0014470410302087195,0.000280729773024734,3.0264820685454172e-05,0.0005956774106609108,0.00031849637257538605,0.035172539409801265,0.0018208562165933598,0.022894545467861096,0.027021519798153974,0.17453765010841565
2.6823615375640606e-05,0.002628173441109184,0.0018473344369376182,0.009694710514046948,0.004890690224777748,0.04299771651670699,0.0035361554844286196,0.0037748562834739085,0.010379828358200817,0.0023143009417275406,0.001962442692288427,0.0022340204016547557,2.4113520438834245e-05,0.009219640823049912,0.036279055532940634,0.024747836335882373,0.012727982418442372,0.0031363456255638104,0.0038712122913659485,0.006811760791376952,0.016271105624809656,0.0049766300716026345,0.04710151290646022,0.0022637200359801224,0.008165223397721614,0.017519693990450357,0.004165370687100907,0.010450050460696803,0.006723718626982731,0.020336537147822274,0.006182916206705694,0.004060947154193002,0.002853734519799114,0.000552146501359378,0.006553105489072708,0.018658741093044946,0.002585381796538772,0.001949474703866542,0.0011004807119949951,0.00026212350346922807,3.0264820685454172e-05,0.0014036979504680896,0.0007753402914568509,0.037709153834204125,0.004756272659800404,0.0013136464156448785,0.027021519798153974,0.08045957388850926
